Sankt Georgen am Leithagebirge,7000,47.85,16.55
Rust,7071,47.8012,16.6716
Leithaprodersdorf,2443,47.9335,16.4791
Wimpassing an der Leitha,2485,47.9167,16.4333
Neufeld an der Leitha,2491,47.8656,16.3786
Siegendorf / Cindrof,7011,47.781,16.5423
Klingenbach / Klimpuh,7013,47.7574,16.552
Zillingtal / Celindof,7033,47.8148,16.4074
Zillingtal / Celindof,7034,47.7997,16.3994
Zillingtal / Celindof,7035,47.8148,16.4074
Wulkaprodersdorf / Vulkaprodrštof,7041,47.7975,16.5045
Großhöflein,7051,47.8359,16.4804
Müllendorf,7052,47.8394,16.4626
Hornstein / Vorištan,7053,47.8805,16.4445
Trausdorf an der Wulka / Trajštof,7061,47.816,16.5674
Sankt Margarethen im Burgenland,7062,47.8034,16.6088
Oggau am Neusiedler See,7063,47.8333,16.6667
Oslip / Uzlop,7064,47.8291,16.6196
Mörbisch am See,7072,47.75,16.6667
Schützen am Gebirge,7081,47.8523,16.6233
Donnerskirchen,7082,47.8942,16.6463
Purbach am Neusiedler See,7083,47.9129,16.6956
Breitenbrunn,7091,47.9445,16.7315
Gaas,7521,47.0824,16.463
Reinersdorf,7522,47.0165,16.4359
Ollersdorf im Burgenland,7533,47.1833,16.1667
Olbendorf,7534,47.1833,16.2
Schallendorf im Burgenland,7535,47.1167,16.25
Güttenbach / Pinkovac,7536,47.1667,16.3
Neuberg im Burgenland / Nova Gora,7537,47.1783,16.2538
Tschanigraben,7540,47.0047,16.3119
Sulz im Burgenland,7542,47.0667,16.2667
Limbach,7543,47.0759,16.1852
Heugraben,7551,47.1167,16.1833
Stinatz / Stinjaki,7552,47.2,16.1167
Burgauberg,8291,47.1579,16.1252
Hackerberg,8292,47.2,16.1167
Wörterberg,8293,47.2167,16.1
Heiligenkreuz im Lafnitztal,7561,46.9892,16.2608
Zahling,7562,47.0333,16.2
Königsdorf,7563,47.0,16.1667
Dobersdorf,7564,47.0167,16.1333
Rudersdorf,7571,47.05,16.1167
Rohrbrunn,7572,47.1167,16.1
Henndorf im Burgenland,8282,46.9579,16.1402
Welten,8350,46.9292,16.0825
Jennersdorf,8380,46.9385,16.1416
Krobotek,8382,46.9624,16.1941
Sankt Martin an der Raab,8383,46.9225,16.1361
Tauka,8384,46.8647,16.0789
Mühlgraben,8385,46.8897,16.0408
Loipersbach im Burgenland,7020,47.6966,16.4792
Baumgarten / Pajngrt,7021,47.7389,16.5006
Schattendorf,7022,47.7097,16.5098
Pöttelsdorf,7023,47.7537,16.4386
Hirm,7024,47.7865,16.4546
Krensdorf,7031,47.7855,16.4149
Sigleß,7032,47.7753,16.395
Antau / Otava,7042,47.7738,16.4798
Neudörfl,7201,47.7966,16.2977
Pöttsching,7202,47.8045,16.3711
Wiesen,7203,47.7378,16.338
Mattersburg,7210,47.7333,16.4
Forchtenstein,7212,47.7116,16.3453
Marz,7221,47.7167,16.4167
Rohrbach bei Mattersburg,7222,47.7052,16.4301
Sieggraben,7223,47.6513,16.3799
Edelstal,2413,48.1,16.9833
Kittsee,2421,48.0925,17.0639
Pama / Bijelo Selo,2422,48.05,17.0333
Deutsch Jahrndorf,2423,48.0167,17.1
Zurndorf,2424,47.9831,17.0031
Nickelsdorf,2425,47.9406,17.0694
Bruckneudorf,2460,48.0167,16.7833
Königshof,2462,48.0014,16.7642
Parndorf / Pandrof,2471,47.9996,16.8605
Potzneusiedl,2473,48.045,16.9477
Gattendorf,2474,48.0167,16.9833
Neudorf / Novo Selo,2475,48.0167,16.9333
Winden am See,7092,47.95,16.75
Jois,7093,47.9617,16.796
Weiden am See,7100,47.9253,16.869
Parndorf / Pandrof,7111,47.9996,16.8605
Weiden am See,7121,47.9253,16.869
Gols,7122,47.8969,16.9111
Mönchhof,7123,47.8802,16.9413
Halbturn,7131,47.8702,16.9754
Frauenkirchen,7132,47.8368,16.9258
Podersdorf am See,7141,47.8541,16.8371
Illmitz,7142,47.7615,16.8002
Apetlon,7143,47.7439,16.8302
Wallern im Burgenland,7151,47.7285,16.9371
Pamhagen,7152,47.7009,16.9078
Apetlon,7161,47.7439,16.8302
Tadten,7162,47.7667,16.9833
Andau,7163,47.7744,17.0329
Landsee,2812,47.5583,16.3314
Deutschkreutz,7301,47.6,16.6333
Nikitsch / Filež,7302,47.5362,16.6602
Nebersdorf / Šuševo,7304,47.5129,16.5705
Haschendorf,7311,47.5979,16.5729
Horitschon,7312,47.5873,16.547
Lackendorf,7321,47.59,16.504
Lackenbach,7322,47.5904,16.4653
Ritzing,7323,47.6132,16.4955
Tschurndorf,7331,47.6077,16.4057
Kobersdorf,7332,47.5957,16.3917
Landsee,7341,47.5583,16.3314
Kaisersdorf / Kalištrof,7342,47.5374,16.392
Neutal,7343,47.5455,16.4462
Stoob,7344,47.5284,16.4776
Oberpullendorf / Felsöpulya,7350,47.5108,16.4994
Kroatisch Geresdorf / Gerištof,7361,47.4914,16.6102
Schwendgraben,7371,47.4709,16.3557
Karl,7372,47.5089,16.3464
Piringsdorf,7373,47.4483,16.4152
Weingraben / Bajngrob,7374,47.5139,16.3637
Kogl im Burgenland,7441,47.4453,16.2987
Hochstraß,7442,47.3923,16.4106
Rattersdorf,7443,47.4078,16.498
Klostermarienberg,7444,47.4219,16.5627
Oberloisdorf,7451,47.4474,16.5076
Großmutschen / Mucindrof,7452,47.4667,16.5833
Dörfl,7453,47.4833,16.4833
Dreihütten,2852,47.4207,16.2199
Drumling,7400,47.3167,16.25
Kitzladen,7411,47.3167,16.0667
Wolfau,7412,47.25,16.1
Riedlingsdorf,7422,47.35,16.1333
Neustift an der Lafnitz,7423,47.3667,16.0333
Bad Tatzmannsdorf,7431,47.3361,16.2353
Aschau im Burgenland,7432,47.4,16.2
Mariasdorf,7433,47.3658,16.2314
Stuben,7434,47.4306,16.2487
Günseck,7435,47.4,16.3167
Stadtschlaining,7461,47.3167,16.2833
Zuberbach / Sabara,7463,47.3132,16.3465
Althodis / Stari Hodas,7464,47.3142,16.3768
Rechnitz,7471,47.3047,16.441
Schandorf / Cemba,7472,47.2418,16.4227
Woppendorf,7473,47.2,16.3833
Höll,7474,47.143,16.4398
Eisenzicken,7501,47.2833,16.2667
Kleinzicken,7503,47.2389,16.3304
Großbachselten,7511,47.2167,16.3
Harmisch,7512,47.1478,16.3823
Kemeten,7531,47.2333,16.15
Litzelsdorf,7532,47.2,16.15
Pinkafeld,8240,47.3667,16.1167
"Klagenfurt,09.Bez.:Annabichl",9020,46.6393,14.2965
"Klagenfurt,09.Bez.:Annabichl",9061,46.6669,14.239
"Klagenfurt,14.Bez.:Wölfnitz",9063,46.6393,14.2965
"Klagenfurt,10.Bez.:St. Peter",9065,46.6393,14.2965
"Klagenfurt,13.Bez.:Viktring",9073,46.5905,14.2869
"Klagenfurt,14.Bez.:Wölfnitz",9201,46.6393,14.2965
Drautschen,9500,46.6206,13.8775
Villach-Warmbad-Judendorf,9504,46.6072,13.7969
Neulandskron,9523,46.6333,13.9111
St. Magdalen,9524,46.6167,13.8833
Greuth,9580,46.6112,13.836
Villach-Warmbad-Judendorf,9585,46.6072,13.7969
Oberschütt,9586,46.5697,13.7581
Oberschütt,9587,46.5697,13.7581
Vorderberg,9614,46.5969,13.5233
Schinzengraben,9615,46.6088,13.5093
Liesch,9620,46.65,13.3333
Langwiesen,9622,46.6776,13.2736
Bach,9623,46.6088,13.5093
Mellweg,9624,46.6,13.45
Schimanberg,9631,46.6391,13.1658
Oberdöbernitzen,9632,46.6335,13.1765
Stranig,9633,46.6355,13.1605
Oberbuchach,9634,46.6315,13.1157
Kronhof,9635,46.65,13.0667
Plon,9640,46.6581,12.977
Aigen,9651,46.6581,12.977
Nostra,9652,46.6781,12.8722
Liesing,9653,46.6928,12.8186
St. Lorenzen im Lesachtal,9654,46.7047,12.7839
Maria Luggau,9655,46.7075,12.7397
Unterlinden,9062,46.6685,14.1823
Leibnitz,9064,46.6857,14.4196
Mostitz,9071,46.5607,14.2225
Strein / Stranje,9072,46.549,14.146
Rauth,9074,46.5889,14.1784
Raunach,9081,46.6136,14.1719
Maria Wörth,9082,46.6164,14.1631
Erlach,9130,46.6631,14.4754
Wölfnitz,9131,46.6141,14.4753
Nadram,9161,46.5667,14.3
Singerberg,9162,46.4974,14.2823
Unterloibl,9163,46.5075,14.2897
Tratten,9170,46.4974,14.2823
Dobrowa,9173,46.5255,14.4157
Niederdörfl / Spodnja vesca,9181,46.5369,14.1747
Kreggab,9210,46.6333,14.1833
Trieblach,9212,46.6485,14.0908
Aich,9220,46.5921,14.0989
Aich,9535,46.5921,14.0989
Witsch,9560,46.6685,14.1823
Unterwald,8820,46.9708,14.5286
Unterwald,8822,46.9708,14.5286
Zanitzberg,8850,47.05,14.2
Michaelerberg,9102,46.7337,14.5223
Hörzendorf,9300,46.7328,14.339
Mellach,9311,46.8057,14.3071
Stein,9312,46.8533,14.4043
Dellach,9313,46.7713,14.4494
Mauer,9314,46.829,14.49
Unterbergen,9321,46.829,14.49
Micheldorf,9322,46.9226,14.4398
Aich,9330,46.8821,14.467
Sonnberg,9334,46.9183,14.5066
Stranach,9335,46.9567,14.5856
Wildbach,9341,46.9117,14.3352
Glanz,9342,46.8568,14.2818
Kraßnitz,9343,46.8833,14.2167
Lind,9344,46.8629,14.1872
Tschriet,9345,46.8629,14.1872
Schattseite,9346,46.9132,14.083
Lorenzenberg,9360,46.9226,14.4398
Reisenberg,9361,46.9835,14.3662
Feistritz,9362,46.9857,14.1603
Teichl,9363,47.0167,14.2
Krainberg,9371,46.7337,14.5223
Baumgarten,9372,46.7947,14.5946
Rattenberg,9373,46.829,14.49
Buch,9374,46.86,14.5834
Dobritsch,9375,46.9835,14.3662
St. Johann am Pressen,9376,46.9667,14.5833
Metschach,9555,46.7122,14.2406
Kulm,9556,46.7536,14.255
Hochrindl,9571,46.8937,14.0294
Sand,9572,46.8937,14.0294
Mitterberg,9545,46.836,13.7026
Hohensaß,9546,46.836,13.7026
Winkl,9701,46.7775,13.5434
Nußdorf,9702,46.7775,13.5434
Obergottesfeld,9751,46.8036,13.3492
Obergottesfeld,9753,46.7748,13.3612
Mitterberg,9754,46.7704,13.2759
Pobersach,9761,46.7639,13.1788
Naggl,9762,46.7066,13.3267
Berg,9771,46.7446,13.1344
Draßnitz,9772,46.765,13.0881
Leppen,9773,46.7681,13.0249
Simmerlach,9781,46.75,13.0
Tangern,9800,46.7775,13.5434
Schwaig,9805,46.7833,13.4833
Feicht,9811,46.8589,13.43
Steindorf,9812,46.8614,13.3838
Drauhofen,9813,46.8614,13.3838
Sachsenweg,9814,46.8333,13.35
Tratten,9815,46.8883,13.254
Moos,9816,46.8883,13.254
Söbriach,9821,46.9422,13.1675
Dösen,9822,46.9778,13.1922
Laas,9831,46.9428,13.0769
Schwersberg,9832,46.8833,12.9833
Tresdorf,9833,46.8758,12.9897
Auen,9841,46.9322,12.912
Stranach,9842,46.9322,12.912
Ranach,9843,46.9667,12.8833
Hof,9844,47.0499,12.8042
Kras,9851,46.8369,13.5231
Neuschitz,9852,46.8831,13.4911
Großhattenberg,9853,46.9052,13.4521
Göß,9854,47.01,13.3981
Puchreit,9861,46.9349,13.6623
St. Nikolai,9862,46.9349,13.6623
Angern,9863,47.0324,13.5668
Seebach,9871,46.8369,13.5231
Gössering,9872,46.8234,13.6042
Starfach,9873,46.7833,13.6603
Maria Elend,9182,46.5322,14.0858
Lessach,9183,46.5223,14.0498
Feistritz,9184,46.5223,14.0498
Oberdorf,9231,46.6194,14.031
Kleinberg,9232,46.5797,14.0018
Kletschach,9241,46.624,13.96
Ossiachberg,9520,46.6851,13.8554
Treffen,9521,46.6703,13.8586
Bleiberg-Nötsch,9530,46.6244,13.6469
Hermsberg,9531,46.6,13.6167
Pulpitsch,9536,46.6194,14.031
Innere Einöde,9541,46.7167,13.8167
Scherzboden,9542,46.7333,13.7783
Dreihofen,9543,46.7366,13.8697
Klamberg,9544,46.7814,13.7553
Stöcklweingarten,9551,46.6851,13.8554
Pirk,9581,46.5797,14.0018
Untergreuth,9582,46.55,13.9333
Faak am See,9583,46.5681,13.9097
Höfling,9584,46.5459,13.8998
Greuth,9601,46.5459,13.7309
Pessendellach,9602,46.55,13.65
Nötsch,9611,46.5978,13.626
Dellach,9612,46.5978,13.626
Göriach,9613,46.5617,13.6158
Duel,9710,46.676,13.5964
Liesing,9711,46.7196,13.5154
Mitterberg,9712,46.7242,13.6917
Hochegg,9713,46.735,13.56
Rosental,9714,46.7196,13.5154
Tscheuritsch,9721,46.6667,13.7431
Töplitsch,9722,46.6542,13.7406
Bach,9100,46.6736,14.6056
Michaelerberg,9103,46.7465,14.6487
St. Leonhard an der Saualpe,9104,46.7833,14.7
Steinkogel,9111,46.6819,14.655
Langegg,9112,46.7348,14.7217
Bach,9113,46.6736,14.6056
Niederdorf,9121,46.6736,14.6056
Nageltschach,9122,46.6027,14.5744
Unterkrain,9123,46.5477,14.5042
Wasserhofen,9125,46.6167,14.6167
Pirk,9132,46.5477,14.5042
Wrießnitz,9133,46.5417,14.6146
Blasnitzen / Plaznica,9135,46.4692,14.5734
Unterbergen,9141,46.6025,14.6626
Slovenjach / Slovenje,9142,46.5461,14.7048
Winkel / Kot,9143,46.5484,14.7695
Winkel / Kot,9150,46.5484,14.7695
Leifling,9155,46.6359,14.8895
Unterleidenberg,9400,46.8667,14.8
Hattendorf,9411,46.8333,14.8
Forst,9412,46.8658,14.7667
Obergösel,9413,46.8667,14.9333
Hartelsberg,9421,46.8,14.9167
Eisdorf,9422,46.7651,14.8246
Niederhof,9423,46.7403,14.9607
Kleinedling,9431,46.7651,14.8246
Pirk,9433,46.7651,14.8246
Gräbern,9441,46.9661,14.8142
Oberauerling,9451,46.9667,14.95
Gräbern,9461,46.9661,14.8142
Raning,9462,46.9661,14.8142
Wartkogel,9463,46.9661,14.8142
Johannesberg,9470,46.699,14.8479
Unterholz,9472,46.699,14.8479
Hart,9473,46.6722,14.9756
Sallach,9552,46.7449,14.0159
Bach,9554,46.7621,14.1658
Linz,9562,46.7449,14.0159
Sonnleiten,9563,46.7943,13.9377
Vorderkoflach,9564,46.8664,13.8775
Turracherhöhe,9565,46.8592,13.8886
Ossiach,9570,46.6667,13.9833
Lerchenfeld,3500,48.4096,15.6193
Thallern,3506,48.4,15.65
Rehberg,3541,48.4311,15.587
Oberzwischenbrunn,3100,48.2084,15.6857
Stattersdorf,3104,48.1833,15.6333
Oberradlberg,3105,48.2415,15.668
St. Pölten,3107,48.2,15.6333
Zwerndorf,3140,48.2287,15.7242
Steinfeld,3151,48.1995,15.6431
Matzersdorf,3385,48.1667,15.5667
St. Leonhard am Wald,3263,47.9954,14.8739
Rien,3340,47.9571,14.7795
Wiener Neustadt,2700,47.8,16.25
Wiener Neustadt,2751,47.8,16.25
Wiener Neustadt,2752,47.8,16.25
Winklarn,3300,48.0934,14.8663
Hermannsdorf,3304,48.131,14.9504
Amstetten,3311,48.1229,14.8721
Oed,3312,48.1093,14.7605
Ried,3313,48.148,14.7241
Ottendorf,3314,48.1501,14.6477
Kollmitzberg,3321,48.1667,14.85
Seisenegg,3322,48.1333,14.9167
Berghof,3323,48.2,14.95
Aigen,3324,48.0681,14.9372
Ferschnitz,3325,48.0833,15.0
Kematen,3331,48.0461,14.7697
Sonntagberg,3332,47.9956,14.7606
Rotte Wühr,3333,48.0014,14.7738
Prochenberg,3341,47.9251,14.905
Graben,3342,47.8746,14.8245
Oberkirchen,3343,47.7967,14.7859
Hochau,3344,47.8333,14.8667
Hofkirchen,3350,48.1706,14.5353
Weistrach,3351,48.05,14.5833
St. Johann in Engstetten,3352,48.0144,14.5907
Seitenstetten Markt,3353,48.0333,14.65
Ottendorf,3354,48.1501,14.6477
Ertl,3355,47.9698,14.6365
Aschbach-Markt,3361,48.0836,14.7365
Öhling,3362,48.1,14.8
Winklarn,3363,48.0934,14.8663
Toberstetten,3364,48.05,14.85
Kühberg,3365,48.0268,14.8079
Ferschnitz,3372,48.0833,15.0
Hofkirchen,4300,48.1706,14.5353
Erla,4303,48.2,14.5667
Haidershofen,4431,48.0739,14.5069
Rubring,4432,48.1667,14.4833
Ramingdorf,4441,48.0667,14.45
Kürnberg,4442,48.0,14.5333
Hohenreith,4443,48.0144,14.5907
Thurnsdorf,4482,48.1833,14.5
Reisenberg,2440,48.0,16.5167
Mitterndorf an der Fischa,2441,47.9833,16.4667
Schranawand,2442,47.9667,16.4333
Seibersdorf,2444,47.9667,16.5167
Reisenberg,2452,48.0,16.5167
Ebreichsdorf,2483,47.95,16.4
Siegersdorf,2486,47.9,16.35
Oberwaltersdorf,2500,47.9757,16.3219
Sooß,2504,47.9846,16.2174
Einöde,2511,48.0225,16.2354
Tribuswinkel,2512,48.0062,16.2708
Möllersdorf,2514,48.0258,16.3051
Trumau,2521,47.9935,16.3427
Oberwaltersdorf,2522,47.9757,16.3219
Tattendorf,2523,47.95,16.3
Teesdorf,2524,47.95,16.2833
Günselsdorf,2525,47.9439,16.2606
Preinsfeld,2532,48.0453,16.1191
Klausen-Leopoldsdorf,2533,48.0877,16.0169
Windhaag,2534,48.0406,16.0804
Großau,2540,47.9557,16.1681
Leobersdorf,2542,47.928,16.2165
Dornau,2544,47.9258,16.2535
Enzesfeld-Lindabrunn,2551,47.931,16.1791
Hirtenberg,2552,47.931,16.1791
Neusiedl,2560,47.9143,16.0797
Pottenstein,2563,47.9582,16.0948
Niemtal,2564,47.972,15.9511
Neuhaus,2565,47.9965,16.0595
Klein-Mariazell,2571,48.015,16.0023
St. Corona am Schöpfl,2572,48.0625,15.9273
Blumau,2602,47.9163,16.2886
Klausen-Leopoldsdorf,3033,48.1033,15.9873
Klausen-Leopoldsdorf,3053,48.0877,16.0169
Maria Ellend,2402,48.1,16.6833
Regelsbrunn,2403,48.1,16.7667
Petronell-Carnuntum,2404,48.1167,16.85
Bad Deutsch-Altenburg,2405,48.1342,16.9062
Hainburg an der Donau,2410,48.1463,16.945
Wolfsthal,2412,48.1333,17.0
Enzersdorf an der Fischa,2431,48.0833,16.6
Margarethen am Moos,2433,48.0333,16.6
Pischelsdorf,2434,48.0,16.5667
Götzendorf an der Leitha,2435,48.0167,16.5833
Hof am Leithaberge,2451,47.95,16.5833
Sommerein,2453,47.9833,16.65
Trautmannsdorf an der Leitha,2454,48.0167,16.6333
Stixneusiedl,2463,48.0333,16.6667
Arbesthal,2464,48.0667,16.7
Höflein,2465,48.0667,16.7833
Prellenkirchen,2472,48.0667,16.95
Dobermannsdorf,2181,48.6,16.8167
Palterndorf,2182,48.5833,16.8167
Neusiedl an der Zaya,2183,48.6014,16.7809
Hauskirchen,2184,48.6045,16.7337
Prinzendorf an der Zaya,2185,48.6,16.7208
Auersthal,2214,48.3667,16.6333
Raggendorf,2215,48.3941,16.6582
Groß-Schweinbarth,2221,48.4147,16.6319
Bad Pirawarth,2222,48.4519,16.5983
Hohenruppersdorf,2223,48.45,16.65
Niedersulz,2224,48.4833,16.6667
Maustrenk,2225,48.5667,16.7
Gänserndorf,2230,48.3392,16.7202
Strasshof an der Nordbahn,2231,48.3167,16.6667
Parbasdorf,2232,48.2833,16.6
Schönkirchen-Reyersdorf,2241,48.3607,16.6874
Prottes,2242,48.3868,16.7389
Matzen,2243,48.4,16.7
Spannberg,2244,48.4639,16.7365
Velm,2245,48.4669,16.7806
Ebenthal,2251,48.4333,16.7833
Ollersdorf,2252,48.4,16.8
Weikendorf,2253,48.3444,16.7665
Mannersdorf an der March,2261,48.3833,16.8333
Grub an der March,2262,48.4167,16.8333
Dürnkrut,2263,48.4731,16.8506
Sierndorf an der March,2264,48.5107,16.8858
Drösing,2265,48.539,16.9026
Ringelsdorf,2272,48.5667,16.8667
Hohenau an der March,2273,48.6042,16.9047
Raasdorf,2281,48.2466,16.5653
Großhofen,2282,48.2583,16.6194
Obersiebenbrunn,2283,48.2667,16.7
Untersiebenbrunn,2284,48.25,16.7333
Breitstetten,2285,48.1942,16.7083
Straudorf,2286,48.1825,16.7424
Schönfeld im Marchfeld,2291,48.2656,16.805
Stopfenreuth,2292,48.15,16.8833
Marchegg,2293,48.2789,16.9093
Breitensee,2294,48.2558,16.9013
Oberweiden,2295,48.3076,16.8273
Schönau an der Donau,2301,48.1436,16.6126
Mannsdorf an der Donau,2304,48.152,16.6651
Eckartsau,2305,48.1451,16.7974
Guttenbrunn,3834,48.8167,15.15
Eberweis,3860,48.8833,15.1
Eggern,3861,48.9083,15.1488
Eisgarn,3862,48.9,15.1
Hirschenschlag,3863,48.9833,15.15
Steinbach,3871,48.8516,15.0044
Neulangegg,3872,48.8333,15.05
Thaures,3873,48.8833,15.05
Reitzenschlag,3874,48.95,15.0833
Mistelbach,3922,48.6479,14.9517
Rothfarn,3923,48.646,14.9975
Hollenstein,3932,48.7167,15.1
Stölzles,3942,48.75,15.1167
Niederschrems,3943,48.7833,15.05
Langschwarza,3944,48.7667,15.1167
Nondorf,3945,48.7654,15.0412
Grillenstein,3950,48.7833,15.0
Hörmanns bei Weitra,3961,48.7167,14.9667
Reinpolz,3962,48.7667,14.85
Wultschau,3970,48.6927,14.7808
Maißen,3971,48.6641,14.8074
Steinbach,3972,48.607,14.7872
Karlstift,3973,48.5833,14.75
Porrau,2013,48.5167,16.15
Kleedorf,2014,48.5,16.05
Oberfellabrunn,2020,48.55,16.0167
Schalladorf,2022,48.6359,16.15
Haslach,2023,48.6,16.2
Mailberg,2024,48.6738,16.1813
Eggendorf im Thale,2031,48.5667,16.1667
Kleinkadolz,2032,48.6,16.2333
Kleinsierndorf,2033,48.6167,16.2333
Hetzmannsdorf,2041,48.6365,16.116
Kalladorf,2042,48.65,16.0833
Watzelsdorf,2051,48.6833,15.9833
Pernersdorf,2052,48.7,16.0167
Jetzelsdorf,2053,48.7123,16.0737
Alberndorf im Pulkautal,2054,48.7102,16.0999
Untermarkersdorf,2061,48.7097,16.1384
Seefeld,2062,48.7167,16.1667
Mitterretzbach,2070,48.7674,16.0084
Schrattenthal,2073,48.7416,15.8969
Kleinriedenthal,2074,48.75,16.0167
Niederfladnitz,2081,48.8278,15.8533
Hardegg,2082,48.85,15.85
Waschbach,2083,48.8167,15.85
Mallersbach,2092,48.8333,15.8
Hohenwarth,3472,48.5,15.8167
Bösendürnbach,3473,48.5,15.7667
Unterthern,3701,48.5,16.0
Kleinwetzdorf,3704,48.5,15.9333
Radlbrunn,3710,48.5167,15.9
Ebersbrunn,3711,48.5167,15.8667
Eggendorf am Walde,3712,48.5721,15.816
Klein-Burgstall,3713,48.5721,15.816
Sitzenhart,3714,48.6095,15.9394
Oberravelsbach,3720,48.55,15.8333
Oberdürnbach,3721,48.5833,15.8333
Leodagger,3741,48.7215,15.8569
Passendorf,3742,48.7333,15.8167
Starrein,2084,48.7667,15.7667
Hessendorf,2091,48.8218,15.7408
Fugnitz,2093,48.7854,15.7094
Wollmersdorf,2094,48.8167,15.5833
Wolfsbach,2095,48.85,15.6667
Loibersdorf,3571,48.596,15.6564
Etzmannsdorf am Kamp,3573,48.6167,15.6167
Horn,3580,48.6627,15.6566
Steinegg,3591,48.6333,15.5667
Greillenstein,3592,48.6641,15.4934
Germanns,3593,48.6667,15.45
Wutzendorf,3595,48.6976,15.4905
Straning,3722,48.6,15.85
Stoitzendorf,3730,48.6504,15.8286
Röschitz,3743,48.6695,15.8794
Mold,3744,48.6423,15.7008
Sigmundsherberg,3751,48.6833,15.75
Kainreith,3752,48.7167,15.7167
Ludweishofen,3753,48.75,15.6
Trabenreith,3754,48.75,15.5667
Grub,3761,48.7377,15.5422
Schweinburg,3763,48.8061,15.5448
Langenzersdorf,1210,48.3,16.35
Unterzögersdorf,2000,48.3667,16.1667
Herzogbirbaum,2002,48.5167,16.25
Leitzersdorf,2003,48.4167,16.2333
Niederfellabrunn,2004,48.45,16.3
Höbersdorf,2011,48.4333,16.1667
Korneuburg,2100,48.35,16.3333
Langenzersdorf,2102,48.3,16.35
Langenzersdorf,2103,48.3,16.35
Spillern,2104,48.3833,16.25
Rückersdorf,2105,48.3833,16.3667
Seebarn,2111,48.4152,16.3802
Hetzmannsdorf,2112,48.4333,16.4
Lachsfeld,2113,48.4833,16.3333
Hipples,2114,48.5,16.4167
Steinbach,2115,48.5342,16.3413
Klement,2116,48.5667,16.3667
Hagenbrunn,2201,48.3333,16.4
Königsbrunn im Weinviertel,2202,48.3585,16.4211
Eggendorf am Wagram,3430,48.4,16.05
Starnwörth,3463,48.4,16.0167
Pettendorf,3464,48.4,16.0667
Niederrußbach,3702,48.45,16.0333
Geyersberg,3122,48.3333,15.4833
Haitzendorf,3485,48.4333,15.7333
Obernholz,3491,48.5167,15.75
Engabrunn,3492,48.45,15.75
Hadersdorf am Kamp,3493,48.45,15.7167
Schlickendorf,3494,48.4124,15.6971
Rohrendorf bei Krems,3495,48.4276,15.6589
Meidling,3508,48.3357,15.6238
Aigen,3511,48.3823,15.6144
Hundsheim,3512,48.3856,15.5797
Felling,3521,48.4667,15.4167
Taubitz,3522,48.4833,15.4167
Gloden,3524,48.4833,15.3167
Marbach im Felde,3532,48.5449,15.3494
Großmotten,3542,48.5104,15.4851
Preinreichs,3543,48.5667,15.45
Idolsberg,3544,48.5833,15.4833
Langenlois,3550,48.4667,15.6667
Droß,3552,48.474,15.5554
Reith,3553,48.4917,15.6515
Zöbing,3561,48.4833,15.6833
Stiefern,3562,48.5333,15.6833
Plank am Kamp,3564,48.55,15.6667
St. Leonhard am Hornerwald,3572,48.5792,15.5333
Dürnstein,3601,48.4087,15.5196
Rossatzbach,3602,48.3833,15.5167
Maigen,3610,48.4333,15.4167
Großheinrichschlag,3611,48.4167,15.3833
Harrau,3613,48.45,15.35
Oberndorf,3620,48.3047,15.3386
Bacharnsdorf,3621,48.3653,15.4682
Niederranna,3622,48.3725,15.3294
Köfering,3641,48.3167,15.4
Maria Langegg,3642,48.3252,15.4518
Weinberg,3643,48.3047,15.3386
Innerhalbach,2663,47.9608,15.7215
Schwarzenbach an der Gölsen,3150,48.0661,15.6548
Steubach,3153,48.051,15.5689
Maierhöfen,3160,48.0364,15.6696
Pfenningbach,3161,48.0332,15.695
Obergegend,3162,48.0474,15.7108
Rohrbach an der Gölsen,3163,48.047,15.7417
Ramsau,3170,47.9815,15.8201
Kleinzell,3171,47.9608,15.7215
Ramsau,3172,47.9815,15.8201
Dörfl,3180,47.995,15.5868
Innerfahrafeld,3183,47.9342,15.602
Türnitz,3184,47.931,15.493
Innerfahrafeld,3192,47.9342,15.602
Mitterbach,3193,47.8686,15.5968
Kernhof,3195,47.8157,15.5451
Lassingrotte,3222,47.8703,15.33
Mitterbach-Seerotte,3223,47.8339,15.2514
Mitterbach-Seerotte,3224,47.8295,15.3084
Ulreichsberg,8630,47.8323,15.4209
Lahnsattel,8694,47.7727,15.5058
Laach,3203,48.0887,15.4012
Hohenbrand,3204,48.0887,15.4012
Dörfl,3232,48.1267,15.4691
Volkersdorf,3233,48.0887,15.4012
Wolkersdorf,3240,48.1139,15.3417
Obergraben,3241,48.0756,15.3108
Steingrub,3242,48.0393,15.3167
Altenhofen,3243,48.1445,15.2953
Koth,3244,48.1268,15.2406
Petzenkirchen,3252,48.1333,15.15
Maierhofen,3253,48.1832,15.1888
Bergland,3254,48.1539,15.1612
Sarling,3370,48.1667,15.1
Neumarkt an der Ybbs,3371,48.1333,15.05
Kemmelbach,3373,48.15,15.0833
Sarling,3374,48.1667,15.1
Neustift,3375,48.2033,15.1515
Ennsbach,3376,48.15,15.0333
Steinwand,3380,48.1832,15.1888
Sittenberg,3381,48.1963,15.1766
Rohr,3382,48.2043,15.4067
Diendorf,3383,48.1569,15.4076
Spielberg,3390,48.214,15.3337
Hohenwarth,3392,48.2687,15.4539
Hofstetten,3393,48.1876,15.259
Reith,3644,48.2568,15.3257
Riedersdorf,3650,48.3168,15.183
Kaumberg,3652,48.2377,15.267
Zogelsdorf,3653,48.3389,15.2772
Steinbach,3654,48.3389,15.2772
Klein-Pöchlarn,3660,48.2167,15.2167
Hart,3661,48.2563,15.2117
Münichreith,3662,48.25,15.1167
Stollmühle,3663,48.3168,15.183
Marbach an der Donau,3671,48.2167,15.15
Maria Taferl,3672,48.2359,15.1599
Persenbeug,3680,48.1925,15.1032
Graslhof,3681,48.2204,15.0632
Wimberg,3683,48.3333,15.05
Loseneggeramt,3684,48.2699,15.0195
Artneramt,3691,48.2246,14.9902
Wimbergeramt,4392,48.3413,14.9903
Großharras,2034,48.6639,16.2456
Zwingendorf,2063,48.7,16.2333
Wulzeshofen,2064,48.7167,16.3
Wolkersdorf im Weinviertel,2120,48.3833,16.5167
Münichsthal,2122,48.3833,16.4667
Traunfeld,2123,48.4333,16.5167
Niederkreuzstetten,2124,48.4667,16.4667
Niederkreuzstetten,2125,48.4667,16.4667
Pürstendorf,2126,48.5333,16.4167
Lanzendorf,2130,48.5667,16.5667
Hörersdorf,2132,48.6167,16.5167
Ungerndorf,2133,48.7136,16.3711
Wultendorf,2134,48.6667,16.4667
Kirchstetten,2135,48.7333,16.5167
Rothenseehof,2136,48.7306,16.4933
Föllim,2141,48.6833,16.5667
Großkrut,2143,48.6439,16.7236
Altlichtenwarth,2144,48.6333,16.8
Hausbrunn,2145,48.6167,16.8167
Michelstetten,2151,48.5899,16.468
Eichenbrunn,2152,48.6167,16.35
Stronsdorf,2153,48.65,16.2833
Kleinbaumgarten,2154,48.6667,16.3833
Poysbrunn,2161,48.7167,16.6167
Falkenstein,2162,48.7167,16.5833
Pottenhofen,2163,48.75,16.5333
Neuruppersdorf,2164,48.75,16.5167
Steinebrunn,2165,48.75,16.6667
Walterskirchen,2170,48.65,16.6667
Herrnbaumgarten,2171,48.6833,16.6833
Schrattenberg,2172,48.7167,16.7167
Schrick,2191,48.5,16.6167
Kettlasbrunn,2192,48.55,16.65
Wilfersdorf,2193,48.5833,16.6333
Manhartsbrunn,2203,48.3833,16.4167
Pillichsdorf,2211,48.35,16.5333
Großengersdorf,2212,48.3482,16.5837
Bockfließ,2213,48.36,16.6039
Rabensburg,2274,48.65,16.9
Bernhardsthal,2275,48.6916,16.8695
Reintal,2276,48.7017,16.8253
Vösendorf,2331,48.1211,16.3404
Hennersdorf,2332,48.1117,16.3631
Vösendorf,2334,48.1211,16.3404
Maria Enzersdorf,2340,48.1,16.2833
Maria Enzersdorf,2344,48.1,16.2833
Brunn am Gebirge,2345,48.107,16.2847
Guntramsdorf,2351,48.0469,16.3138
Gumpoldskirchen,2352,48.0454,16.2771
Gumpoldskirchen,2353,48.0454,16.2771
Laxenburg,2361,48.0683,16.3561
Biedermannsdorf,2362,48.0839,16.3454
Wassergspreng,2371,48.0901,16.2116
Gießhübl,2372,48.0978,16.2348
Perchtoldsdorf,2380,48.1194,16.2661
Laab im Walde,2381,48.1549,16.1736
Breitenfurt bei Wien,2384,48.1333,16.15
Kaltenleutgeben,2391,48.1165,16.1996
Dornbach,2392,48.0988,16.1067
Sittendorf,2393,48.0756,16.1627
Achau,2481,48.0803,16.3861
Münchendorf,2482,48.0333,16.3833
Gaaden,2531,48.0536,16.2
Reith,2620,47.7345,16.0054
Neusiedl am Steinfeld,2624,47.7776,16.1084
Schwarzau am Steinfeld,2625,47.7167,16.15
Holzweg,2630,47.7345,16.0054
Stixenstein,2631,47.7553,15.9822
St. Valentin-Landschach,2632,47.6837,16.0244
Abfaltersbach,2640,47.6707,15.9245
Breitenstein,2641,47.656,15.8061
Göstritz,2642,47.6383,15.8813
Küb,2650,47.6808,15.8804
Oberland,2651,47.7081,15.7863
Sonnleiten,2654,47.7081,15.7863
Graben,2661,47.7884,15.7008
Gegend,2662,47.7884,15.7008
Schmidsdorf,2671,47.6785,15.8866
Breitenstein,2673,47.656,15.8061
Semmering-Kurort,2680,47.6429,15.8236
Oberhöflein,2724,47.8004,16.0294
Neusiedl am Steinfeld,2731,47.7776,16.1084
Willendorf,2732,47.7952,16.0627
Unterhöflein,2733,47.7953,16.0354
Gutenmann,2734,47.7345,16.0054
Puchberg am Schneeberg,2761,47.7871,15.9135
Sauerbichl,2813,47.5773,16.1546
Föhrenau,2822,47.7352,16.1764
Sautern,2823,47.7055,16.1905
Seebenstein,2824,47.6964,16.1496
Sollgraben,2831,47.6964,16.1496
Thernberg,2832,47.65,16.1833
Thernberg,2833,47.65,16.1833
Königsberg,2840,47.5773,16.1546
Thomasberg,2842,47.5667,16.1333
Kulma,2851,47.55,16.1333
Aspang Markt,2870,47.55,16.0833
Pichl,2871,47.5068,16.1353
Mönichkirchen,2872,47.5136,16.0484
Höll,2873,47.5511,16.0216
Ofenbach,2880,47.6029,15.9704
Lehen,2881,47.6029,15.9704
Mönichkirchen,7421,47.5136,16.0484
Stübegg,8244,47.5068,16.1353
Winkl,3032,48.1726,15.9831
Oed,3034,48.1891,15.9481
Haag bei Markersdorf,3040,48.1959,15.8767
Maierhöfen,3041,48.2353,15.9415
Gießhübl,3051,48.1414,15.8858
Schoderleh,3052,48.146,15.9338
Schönfeld,3061,48.1959,15.8767
Aschberg,3062,48.196,15.8201
Bauland,3071,48.2024,15.7548
Trainst,3072,48.1443,15.868
Bonnleiten,3073,48.1184,15.8124
Kronberg,3074,48.152,15.7867
Pultendorf,3110,48.2333,15.5667
Obermamau,3121,48.2606,15.5515
Neustift,3123,48.2767,15.6045
Landersdorf,3124,48.3167,15.5667
Kuffern,3125,48.3253,15.6492
Herzogenburg,3130,48.2814,15.6943
Getzersdorf,3131,48.3282,15.6955
Frauendorf,3133,48.3524,15.7819
Neusiedl,3134,48.3474,15.695
Mitterau,3141,48.2536,15.7703
Gunnersdorf,3142,48.2333,15.8167
Brunn,3143,48.1453,15.6975
Aigen,3144,48.1453,15.6975
Badendorf,3200,48.1475,15.5536
Kammerhof,3202,48.1027,15.5281
Oed,3205,48.1162,15.5323
Loich,3211,47.9958,15.4016
Taschlgrabenrotte,3212,47.9811,15.3224
Grasserrotte,3213,47.9811,15.3224
Übergangrotte,3214,47.9811,15.3224
St. Margarethen an der Sierning,3231,48.1558,15.4952
Mitterndorf,3384,48.1815,15.4875
Oed,3386,48.2264,15.489
Hagenau,3443,48.2204,15.9832
Siegersdorf,3451,48.252,15.9418
Pottschall,3454,48.2918,15.7313
Gösing an der Mariazeller Bahn,3221,47.8868,15.2911
Brunning,3250,48.1,15.1167
Gimpering,3251,48.0559,15.1329
Steinakirchen am Forst,3261,48.0667,15.0333
Straß,3262,48.0484,15.0087
Kerschenberg,3264,47.993,15.0812
Neustift,3270,47.9985,15.1577
Steg,3281,48.0715,15.2246
Kröll,3282,48.0246,15.2365
Grafenmühl,3283,47.9543,15.1601
Kienberg,3291,47.9456,15.1271
Anger,3292,47.9573,15.2214
Lunz am See,3293,47.8612,15.03
Langau,3294,47.8453,15.1301
Lackenhof,3295,47.8696,15.151
Ybbssteinbach,3345,47.7763,14.9499
Rothwald-Langau,8924,47.8576,15.131
Tulbing,3001,48.2934,16.1223
Ried am Riederberg,3004,48.2554,16.0696
Grub,3042,48.2571,15.8624
Kirchbach,3413,48.3254,16.2166
Hadersfeld,3422,48.3369,16.2594
Zeiselmauer,3423,48.3285,16.1757
Zeiselmauer,3424,48.3285,16.1757
Langenlebarn-Unteraigen,3425,48.3345,16.0638
Wipfing,3426,48.3233,16.143
Königstetten,3433,48.302,16.1449
Tulbing,3434,48.2934,16.1223
Neusiedl,3435,48.3204,15.9978
Baumgarten am Tullnerfeld,3441,48.2833,16.0333
Langenrohr,3442,48.3049,16.0103
Diendorf,3452,48.2571,15.8624
Absdorf,3462,48.3936,15.9781
Königsbrunn am Wagram,3465,48.3953,15.9491
Mitterstockstall,3470,48.4333,15.9167
Neudegg,3471,48.4833,15.8833
Sachsendorf,3474,48.4,15.8333
Thürnthal,3481,48.4333,15.85
Gösing am Wagram,3482,48.4667,15.8167
Wagram am Wagram,3483,48.4333,15.7833
Jettsdorf,3484,48.4,15.75
Seebs,3762,48.7667,15.4667
Loibes,3812,48.8333,15.3833
Alt-Dietmanns,3813,48.7981,15.3677
Pfaffenschlag,3814,48.7779,15.48
Reith,3820,48.8753,15.4951
Obergrünbach,3822,48.8833,15.45
Wetzles,3823,48.9167,15.4167
Schaditz,3824,48.9,15.5333
Brunn,3830,48.8072,15.2294
Windigsteig,3841,48.7667,15.2833
Oberedlitz,3842,48.875,15.2805
Dobersberg,3843,48.9,15.3167
Schönfeld,3844,48.9667,15.35
Brunn,3851,48.9295,15.3091
Triglas,3852,48.9,15.2333
Kleinreichenbach,3900,48.7667,15.25
Heinreichs,3902,48.7833,15.1667
Haschendorf,2490,47.8878,16.3422
Eggendorf,2492,47.8682,16.2949
Eggendorf,2493,47.8682,16.2949
Eggendorf,2601,47.8682,16.2949
Matzendorf,2603,47.8914,16.2139
Eggendorf,2604,47.8682,16.2949
Dreistetten,2721,47.8557,16.1003
Netting,2722,47.8074,16.0792
Muthmannsdorf,2723,47.8379,16.1099
Markt Piesting,2753,47.8736,16.1251
Waldegg,2754,47.8685,16.0515
Oed,2755,47.8785,16.0246
Neusiedl,2763,47.8723,15.9509
Zellenbach,2770,47.8801,15.8784
Katzelsdorf,2801,47.7805,16.2699
Schlatten,2802,47.6561,16.2338
Schwarzenbach (Zerstreut),2803,47.6447,16.3448
Schlatten,2811,47.6561,16.2338
Lanzenkirchen,2821,47.7333,16.2333
Almen,2853,47.4834,16.2468
Straß,2860,47.5139,16.2825
Purkersdorf,1140,48.2077,16.1754
Mannswörth,1300,48.15,16.5167
Rauchenwarth,2320,48.0833,16.5167
Zwölfaxing,2322,48.1099,16.4627
Gutenhof,2325,48.05,16.45
Maria-Lanzendorf,2326,48.0992,16.4198
Leopoldsdorf,2333,48.1156,16.3913
Fischamend-Dorf,2401,48.1167,16.6
Schwadorf,2432,48.0667,16.5833
Purkersdorf,3002,48.2077,16.1754
Gablitz,3003,48.2286,16.1544
Untertullnerbach,3011,48.1894,16.1265
Wolfsgraben,3012,48.1587,16.121
Tullnerbach-Lawies,3013,48.1891,16.0912
Pfalzau,3021,48.1605,16.0627
Pressbaum,3031,48.1833,16.0833
Kritzendorf,3400,48.3293,16.3001
Kritzendorf,3420,48.3293,16.3001
Höflein an der Donau,3421,48.3497,16.2747
Armschlag,3525,48.45,15.2333
Niederwaltenreith,3531,48.55,15.2833
Oberwaltenreith,3533,48.5667,15.25
Kienberg,3594,48.6,15.4
Pötzles,3623,48.4202,15.3009
Reith,3631,48.4291,15.1998
Schönau,3632,48.4341,15.1156
Schönbach,3633,48.45,15.0333
Pitzeichen,3664,48.3833,15.1667
Oed,3665,48.3833,15.1333
Scheideldorf,3800,48.7333,15.35
Zwinzen,3804,48.7,15.3
Kirchberg an der Wild,3811,48.75,15.4
Großkainraths,3903,48.7,15.2333
Mayerhöfen,3910,48.6184,15.1647
Neustift,3911,48.5161,15.0634
Wielands,3912,48.5,15.1333
Kleinweißenbach,3913,48.5167,15.2167
Hirschenschlag,3914,48.5356,15.2761
Siebenberg,3920,48.5718,14.9672
Kehrbach,3921,48.5667,14.9
Guttenbrunn,3924,48.6184,15.1647
Brunn,3925,48.4861,14.9457
Neusiedl,3931,48.6184,15.1647
Kronberg,4372,48.4382,14.9641
Linz,4020,48.3064,14.2861
Linz,4030,48.3064,14.2861
Linz,4040,48.3064,14.2861
Steyr,4400,48.0427,14.4213
Steyr,4407,48.0427,14.4213
Steyr,4451,48.0427,14.4213
Aichberg,4600,48.1752,14.0211
Hölzl,4623,48.1752,14.0211
Kleinschneidt,4931,48.1808,13.3155
Au,4932,48.1808,13.3155
Wildenau,4933,48.2062,13.3172
Imolkam,4943,48.2237,13.2993
Schwaig,4950,48.2429,13.2371
Polling im Innkreis,4951,48.2312,13.28
Hunding,4952,48.2446,13.1742
Burgstall,4961,48.2446,13.1742
Mining,4962,48.2765,13.1618
Guggenberg,4963,48.2579,13.1021
Laubenbach,5120,48.0188,12.8838
Felm,5121,48.0566,12.817
Geretsdorf,5122,48.1382,12.8569
Aich,5131,48.0418,12.8854
Hinterhof,5132,48.0906,12.9155
Reith,5133,48.1374,12.9384
Schmieding,5134,48.1842,12.9668
Furkern,5141,48.0333,12.9667
Arnstetten,5142,48.0831,12.9864
Burgkirchen,5143,48.0705,13.0438
Moos,5144,48.1447,12.9976
Bogendorf,5145,48.1895,13.0298
Palting,5163,48.0154,13.1271
Kirchsteig,5166,48.0168,13.0786
Friedburg,5211,48.0167,13.25
Edt,5212,48.0279,13.2575
Stein,5221,48.0057,13.1688
Stocker,5222,48.0628,13.2027
Fludau,5223,48.0671,13.1395
Holz,5224,48.0744,13.1011
Bernroid,5225,48.0498,13.149
Mattighofen,5230,48.1073,13.1508
Häuslberg,5231,48.1115,13.1788
Entham,5232,48.0433,13.0976
Glatzberg,5233,48.1204,13.0825
Thannstraß,5241,48.1528,13.2265
Straß,5242,48.1093,13.292
Roith,5251,48.1093,13.292
Thal,5252,48.1808,13.3155
Ort,5261,48.1598,13.1367
Penning,5270,48.2021,13.0925
Moosbach,5271,48.2081,13.1641
Hub,5272,48.1913,13.2025
Ursprung,5273,48.2027,13.2463
Burgkirchen,5274,48.2044,13.0999
Lindach,5280,48.2373,13.024
Kühberg,5282,48.2021,13.0925
Au bei hohen Steg,4070,48.3228,14.0279
Puchham,4072,48.265,14.0645
Birihub,4074,48.3465,13.9408
Aumühle,4075,48.2639,13.995
Lengau,4076,48.2681,13.9329
Koppl,4081,48.3773,13.9809
Sommerberg,4082,48.3678,14.0206
Starz,4083,48.4215,13.9058
Rexham,4612,48.2582,14.0406
Gugerling,4730,48.3465,13.9408
Hundswies,4731,48.308,13.9155
Reith,4732,48.308,13.9155
Oberdorf,4192,48.4892,14.4124
Stiftung,4193,48.5654,14.4533
Wögern,4210,48.3716,14.4673
Traidendorf,4211,48.4139,14.445
Au,4212,48.4318,14.4692
Wolfsegg,4224,48.342,14.5018
Gaisruckdorf,4230,48.4251,14.6068
Oberaich,4232,48.3829,14.5031
Gunnersdorf,4240,48.4793,14.5525
Pemsedt,4242,48.4892,14.4124
Weinviertl,4251,48.5599,14.6613
Reitern,4252,48.5197,14.8151
Stiftung,4261,48.5654,14.4533
Hammern,4262,48.614,14.5402
Plochwald,4263,48.5599,14.6613
Heinrichschlag,4264,48.5426,14.5629
Etzelsdorf,4271,48.5018,14.6165
Reitern,4272,48.4995,14.7158
Tischberg,4273,48.4671,14.7688
Sonnblick,4274,48.4025,14.7113
Schlag,4280,48.4051,14.8456
Bergerriedl,4281,48.3644,14.7548
Mühltal,4282,48.3644,14.7548
Zellhof,4283,48.3615,14.6732
Hohensteg,4284,48.3453,14.6049
Gunnersdorf,4291,48.4793,14.5525
Weinberg,4292,48.4474,14.5181
March,4293,48.4251,14.6068
Reith,4294,48.4492,14.6825
Josefstal,4311,48.3453,14.6049
Scharnstein,4644,47.9043,13.9613
Grünau im Almtal,4645,47.8549,13.9557
Albenedt,4653,48.0042,13.9738
Mühltal,4655,47.9941,13.9359
Im Tal,4656,47.9531,13.9109
Roitham,4661,48.0243,13.8217
Laakirchen,4662,47.9819,13.8217
Laakirchen,4663,47.9819,13.8217
Oberweis,4664,47.9339,13.8463
Kohlwehr,4694,47.9674,13.7803
Mühlbach,4801,47.8795,13.7099
Kohlstatt,4802,47.7927,13.7552
Neuhofen,4810,47.9323,13.747
Moos,4812,47.9323,13.747
Neukirchen,4813,47.875,13.7111
Eben,4814,47.8764,13.7572
Moosham,4816,47.9339,13.8463
Edt,4817,47.9069,13.8856
Steinfeld,4820,47.713,13.6224
Kaltenbach,4821,47.7062,13.6091
Obersee,4822,47.6,13.65
Gosauzwang,4823,47.5833,13.65
Gosau,4824,47.5842,13.5345
Gosau,4825,47.5842,13.5345
Hallstatt,4830,47.5623,13.6491
Winkl,4831,47.55,13.6833
Wiesen,4845,47.9323,13.747
Ramsau,5351,47.7075,13.5573
Mönichsreith,5360,47.7498,13.5065
Freiling,4084,48.3682,13.8752
Waldbach,4085,48.3974,13.8092
Uttenthal,4611,48.2305,13.9572
Holzhäuseln bei Wilhelmsberg,4625,48.1772,13.795
Haag,4631,48.2305,13.9572
Buchet,4632,48.2245,13.8687
Moos,4633,48.1667,13.8333
Oberndorf,4672,48.1772,13.795
Gaspoltshofen,4673,48.1432,13.7364
Altenhof am Hausruck,4674,48.1333,13.6833
Buch,4675,48.1814,13.6939
Viertlbach,4676,48.1849,13.7444
Niedernhaag,4680,48.189,13.6554
Rottenbach,4681,48.2059,13.6808
Brunau,4682,48.15,13.6412
Kroißbach,4692,48.1447,13.7277
Schönau,4701,48.246,13.9062
Furth,4702,48.2305,13.9572
Haid,4707,48.2245,13.8687
Lahof,4710,48.2543,13.8028
Schappenedt,4712,48.2543,13.8028
Niederndorf,4713,48.2245,13.8687
Wilhelmsberg,4714,48.15,13.8
Oberolzing,4715,48.2667,13.7
Weng,4716,48.2287,13.7569
Häuseln am Holz,4720,48.2853,13.6969
Stefansdorf,4722,48.3065,13.7919
Hochstraß,4723,48.4106,13.7294
Waldbach,4724,48.3974,13.8092
Maiden,4733,48.3609,13.8206
Wendling,4741,48.2318,13.6662
Oberprenning,4742,48.2205,13.6025
Gschaid,4762,48.4106,13.7294
Aferhagen,4902,48.1447,13.7277
Pieslwang,4421,47.9923,14.289
Kremsmünster,4532,48.0529,14.1292
Kremsmünster,4540,48.0529,14.1292
Nußbach,4542,47.9725,14.1639
Kirchberg,4550,48.0563,14.1353
Penzendorf,4551,48.0251,14.0702
Maisdorf,4552,47.964,14.0812
Schlierbach,4553,47.9364,14.1202
Hausmanning,4554,47.9283,14.1653
Kirchdorf an der Krems,4560,47.9056,14.1223
Steinbach am Ziehberg,4562,47.8926,14.0304
Kienberg,4563,47.8758,14.1416
Klaus an der Pyhrnbahn,4564,47.8314,14.1572
Haselbäckau,4565,47.9222,14.0762
Kniewas,4571,47.7833,14.1667
Schalchgraben,4572,47.7741,14.1866
Vordertambergau,4573,47.7201,14.1957
Tambergau,4574,47.6868,14.1227
Walchegg,4575,47.6974,14.2287
Edlbach,4580,47.7149,14.3447
Edlbach,4581,47.7149,14.3447
Oberweng,4582,47.6833,14.3667
Breitenau,4591,47.8474,14.2938
Pernzell,4592,47.9333,14.2333
Obergrünburg,4593,47.9512,14.2549
Untergrünburg,4594,47.9236,14.2216
Zehetner,4596,47.959,14.2752
Kremsmünster,4621,48.0529,14.1292
Hammersdorf,4643,48.0251,14.0702
Sankt Martin,4050,48.2249,14.2396
Freindorf,4052,48.2257,14.2951
Moos,4053,48.2019,14.2794
Zeitlham,4055,48.1658,14.2014
Berg,4060,48.2742,14.2467
Pasching,4061,48.2593,14.2037
Intenham,4062,48.248,14.1182
Rudelsdorf,4063,48.2205,14.182
Staudach,4064,48.2348,14.1315
Höf,4073,48.3212,14.1763
Rabenberg,4470,48.2113,14.4618
Erlengraben,4481,48.2113,14.4618
Hausmanning,4483,48.1511,14.4257
Dörfling,4484,48.1352,14.4586
Rohrbach,4490,48.1997,14.3742
Dörfl,4491,48.1634,14.3391
Harmannsdorf,4492,48.1462,14.3748
Neuhofen an der Krems,4501,48.1387,14.2276
Grub,4502,48.1403,14.2851
Sipbach,4511,48.1555,14.1775
Oberndorf,4521,48.1403,14.2851
Rath,4531,48.1016,14.1774
Brandstatt,4533,48.1059,14.2273
Grassing,4616,48.1315,14.1441
Hueb,4622,48.1315,14.1441
Denneberg,4222,48.2848,14.4554
Schörgendorf,4223,48.2946,14.4723
Steining,4225,48.2702,14.4262
Ruhstetten,4231,48.3116,14.5093
Haid,4310,48.2424,14.558
Marbach,4312,48.288,14.5318
Weinzierl,4320,48.2475,14.6459
Pragtal,4322,48.2825,14.6775
Innernstein,4323,48.2629,14.7332
Kürnstein,4324,48.3138,14.7109
Dirnwagram,4331,48.217,14.6391
Au an der Donau,4332,48.2155,14.6268
Puchberg,4341,48.2104,14.7502
Kolbing,4342,48.2104,14.7502
Hütting,4343,48.1667,14.7
Solarpark,4351,48.2028,14.8006
Innernstein,4352,48.25,14.7931
Schönfichten,4360,48.2691,14.8245
Lehen,4362,48.2691,14.8245
Untermaseldorf,4363,48.3101,14.7637
Großmaseldorf,4364,48.3101,14.7637
Großerlau,4371,48.3293,14.8297
Achleiten,4381,48.2405,14.9159
Hirschenau,4382,48.2315,14.9517
Sattlgai,4391,48.2707,14.9452
Untermauer,4743,48.2276,13.5715
Schatzdorf,4751,48.2772,13.5757
Baumgarten,4752,48.3157,13.5184
Wiesenberg,4753,48.2833,13.5333
Gehnbach,4754,48.2753,13.539
Breiningsdorf,4772,48.3,13.55
Eberschwang,4906,48.155,13.5619
Hof,4910,48.1676,13.484
Schönfeld,4911,48.2312,13.5055
Neuhofen im Innkreis,4912,48.1905,13.4725
Parz,4920,48.1382,13.4622
Kager,4921,48.2043,13.5411
Pramerdorf,4922,48.1992,13.6047
Schmidham,4923,48.1256,13.3789
Schratteneck,4924,48.1,13.4
Großpiesenham,4925,48.1352,13.5007
Stocket,4926,48.1859,13.5817
Stötten,4941,48.2063,13.4281
Sieberting,4942,48.2248,13.3846
Ertlberg,4970,48.2387,13.4249
Aurolzmünster,4971,48.2483,13.4553
Rabenfurt,4972,48.2807,13.4856
Dobl,4973,48.2581,13.4118
Aichberg,4974,48.3321,13.4494
Antiesenhofen,4980,48.3448,13.3995
Linn,4981,48.3263,13.391
Greifing,4982,48.3034,13.3786
Röfl,4983,48.2892,13.3332
Voitshofen,4984,48.2758,13.3667
Mahring,4113,48.4167,14.0667
Reith,4114,48.4176,14.0331
Zaun,4115,48.4575,13.9922
Pehersdorf,4116,48.4803,14.0657
Plankenberg,4120,48.4947,14.0186
Mairhof,4121,48.4884,13.9637
Hengstschlag,4122,48.5264,13.9943
Gumpesberg,4131,48.4363,13.9501
Lembach im Mühlkreis,4132,48.4952,13.8951
Obernberg,4133,48.5084,13.8589
Wögerstorf,4134,48.5449,13.8641
Hochetting,4141,48.5084,13.8589
Ratzesberg,4142,48.5247,13.7842
Dorf,4143,48.5169,13.7589
Hochödt,4144,48.5698,13.8169
Krien,4150,48.5805,14.001
Marbach,4151,48.5933,13.9464
Mitternschlag,4152,48.5449,13.8641
Stierberg,4153,48.6199,13.8975
Sauedt,4154,48.5937,13.8334
Vordernebelberg,4155,48.624,13.8601
Breitenstein,4160,48.6857,13.9256
Dietrichschlag,4161,48.6857,13.9256
Sagberg,4162,48.661,13.8525
Vorderanger,4163,48.7017,13.8514
Hinteranger,4164,48.7019,13.8154
Keppling,4170,48.5805,14.001
Iglbach,4171,48.528,14.0527
Schlag,4172,48.4956,14.1326
Schindlberg,4173,48.4666,14.157
Allersdorf,4174,48.451,14.0865
Koth,4175,48.451,14.0865
Schallenberg,4182,48.4931,14.1917
Oberbrunnwald,4183,48.5209,14.1707
Köckendorf,4184,48.5731,14.1791
Schönegg,4191,48.5821,14.1907
Maierhof,4090,48.5055,13.706
Wenzelberg,4091,48.5266,13.6475
Pfarrhof,4092,48.5376,13.5898
Urleinsberg,4721,48.3239,13.6837
Gschwendt,4725,48.4643,13.7319
Obergriesbach,4755,48.3333,13.5833
Pausing,4760,48.3508,13.658
Jagern,4761,48.3763,13.6325
Heitzingerau,4770,48.3595,13.5697
Sigharting,4771,48.3965,13.598
Hof,4773,48.3635,13.5068
Schratzberg,4774,48.4132,13.5271
Pfaffingdorf,4775,48.4132,13.5271
Sonndorf,4776,48.4198,13.5916
Mayrhof,4777,48.3421,13.5125
Allerheiligen,4780,48.4604,13.4394
Unterteufenbach,4782,48.4027,13.4904
Zwickledt,4783,48.5001,13.4807
Entholz,4784,48.5051,13.4753
Lehen,4785,48.5447,13.4906
Hueb,4786,48.4784,13.4855
Höcking,4791,48.4578,13.5286
Münzkirchen,4792,48.4833,13.5667
Watzing,4793,48.4881,13.6272
Kahlberg,4794,48.4455,13.6658
Dorf,4975,48.4111,13.443
Pettendorf,3334,47.9,14.7167
Pichl,3335,47.7855,14.6099
Ternberg,4452,47.9333,14.35
Ternberg,4453,47.9333,14.35
Losenstein,4460,47.9243,14.4367
Unterlaussa,4461,47.9999,14.4028
Reichraming,4462,47.8833,14.45
Hintstein,4463,47.8605,14.5428
Kleinreifling,4464,47.8167,14.6333
Wolfern,4493,48.1192,14.3611
Sierning,4522,48.0434,14.3093
Neuzeug,4523,48.05,14.3333
Emsenhub,4541,47.9878,14.2279
Furtberg,4595,48.0121,14.2583
Oberlaussa,8934,47.7855,14.6099
Pöstlingberg,4048,48.3219,14.2338
Schlagberg,4100,48.3494,14.2181
Oberwallsee,4101,48.4231,14.1368
Hagenau,4102,48.3237,14.1335
Walding,4111,48.3521,14.1576
Grasbach,4112,48.4038,14.116
Sonnberg,4180,48.4596,14.2985
Berndorf,4181,48.4231,14.1368
Amesschlag,4190,48.5471,14.2299
Stötten,4201,48.3778,14.1873
Rudersbach,4202,48.4596,14.2985
Haslach,4203,48.3772,14.3394
Oberbaumgarten,4204,48.4379,14.3638
Oberkulm,4209,48.3772,14.3394
Steyregg,4221,48.2851,14.3699
Kreut,4690,48.0478,13.8066
Oberharrern,4691,48.0719,13.8095
Sicking,4693,47.9988,13.743
Sicking,4800,47.9988,13.743
Freileiten,4840,48.0133,13.6536
Zehentpoint,4841,48.0352,13.6221
Wegleithen,4842,48.075,13.5992
Wassenbach,4843,48.1,13.5667
Oberregau,4844,47.987,13.6582
Fisching,4846,48.0345,13.7498
Puchkirchen,4849,48.0333,13.5667
Neuwartenburg,4850,48.0133,13.6536
Weiterschwang,4851,47.9875,13.5803
Miglberg,4852,47.8886,13.603
Kiental,4853,47.8137,13.5768
Weißenbach am Attersee,4854,47.8,13.5333
Burgstall,4860,47.973,13.7048
Halbmoos,4861,47.9449,13.674
Kemating,4863,47.9579,13.5438
Abtsdorf,4864,47.9102,13.5119
Aichereben,4865,47.844,13.4975
Unterach,4866,47.8,13.4833
Walkering,4870,47.9917,13.489
Redl,4871,48.0333,13.5
Wimm,4872,48.0333,13.5333
Arbing,4873,48.057,13.4741
Katterlohen,4880,47.9536,13.4932
Straß im Attergau,4881,47.9,13.45
Grossenschwandt,4882,47.85,13.45
Moos,4890,47.9907,13.4183
Geretseck,4891,48.0156,13.3199
Fornach,4892,48.0228,13.4294
Gollau,4893,47.8981,13.3212
Schoibern,4894,47.9384,13.3119
Obermühlau,4901,48.1,13.6
Manning,4903,48.0885,13.6668
Oberholzham,4904,48.0833,13.75
Höhenroith,5202,47.9384,13.3119
Giga,5204,47.9521,13.4054
Scharfling,5310,47.8308,13.3296
Au,5311,47.8346,13.4154
Hupfau,4613,48.2243,14.0418
Kappern,4614,48.1885,14.1293
Grillparz,4615,48.2293,14.0961
Pennewang,4624,48.1333,13.85
Forstberg,4641,48.0936,13.954
Oberhart,4642,48.0734,14.0553
Mitterberg,4650,48.1067,13.8986
Stadl-Traun,4651,48.0833,13.85
Stockham,4652,48.0649,13.9678
Bachloh,4654,48.0495,13.8924
Puch,4671,48.1156,13.781
Salzburg,5020,47.7994,13.044
Salzburg,5023,47.7994,13.044
Salzburg,5026,47.7994,13.044
Salzburg,5061,47.7994,13.044
Salzburg,5071,47.7994,13.044
Salzburg,5081,47.7994,13.044
Salzburg,5082,47.7994,13.044
Taxach,5083,47.725,13.0417
Wimberg,5323,47.7116,13.1614
Neualm,5400,47.6838,13.0909
Vorderwiestal,5411,47.7167,13.1167
Gries,5412,47.6838,13.0909
Spumberg,5421,47.7116,13.1614
Bad Dürrnberg,5422,47.6838,13.0909
Oberlangenberg,5423,47.6517,13.2414
Vigaun,5424,47.6667,13.1333
Gaißau,5425,47.7167,13.1833
Moos,5431,47.6199,13.1318
Voregg,5440,47.6167,13.2
Wallingwinkl,5441,47.5827,13.252
Seetratten,5442,47.5912,13.3689
Neubach,5523,47.5034,13.445
Leitenhaus,5524,47.5912,13.3689
Großgmain,5084,47.7167,12.9167
Plain,5101,47.8536,13.0323
Ried,5102,47.892,13.0118
Loipferding,5110,47.9611,12.9322
Bürmoos,5111,47.9834,12.9179
Innerfürt,5112,47.995,12.9668
Königsberg,5113,47.9907,12.9062
Bulharting,5114,47.96,12.9711
Lauterbach,5151,47.9547,13.0018
Schönberg,5152,48.0175,13.019
Elixhausen,5161,47.8667,13.0667
Schöngumprechting,5162,47.9032,13.113
Matzing,5164,47.95,13.0667
Reinharting,5165,47.9547,13.0018
Huttich,5201,47.9032,13.113
Huttich,5203,47.9032,13.113
Schleedorf,5205,47.95,13.15
Esch,5300,47.85,13.0917
Kalham,5301,47.85,13.1333
Henndorf am Wallersee,5302,47.9,13.1833
Leithen,5303,47.8494,13.2513
Habach,5321,47.8175,13.1625
Hof bei Salzburg,5322,47.8193,13.2149
Lidaun,5324,47.7667,13.2167
Plainfeld,5325,47.8333,13.1833
Fuschl am See,5330,47.8,13.3
Winkl,5340,47.7572,13.4005
Gschwand,5342,47.7572,13.4005
Gschwand,5350,47.7572,13.4005
Werfen,5450,47.4667,13.1833
Wimm,5451,47.5,13.1667
Dorf,5452,47.4838,13.2233
Weng,5453,47.4667,13.25
Pöham,5500,47.4838,13.2233
Schlöglberg,5505,47.3833,13.1167
Bairau,5511,47.4,13.3167
Sonnberg,5521,47.4167,13.3167
Sankt Martin am Tennengebirge,5522,47.4801,13.3613
Schattbach,5531,47.4,13.4
Neuberg,5532,47.45,13.4833
Sinnhub,5541,47.3345,13.4407
Feuersang,5542,47.3667,13.4
Schwemmberg,5550,47.4,13.4333
Forstau,5552,47.3667,13.5333
Untertauern,5561,47.3,13.5
Obertauern,5562,47.2496,13.5577
Reinbach,5600,47.3574,13.2204
Wagrain Markt,5602,47.342,13.2948
Kleinarl,5603,47.2772,13.3195
Bach,5611,47.2338,13.2149
Hüttschlag,5612,47.1667,13.2333
Schwarzach im Pongau,5620,47.3167,13.15
Sankt Veit im Pongau,5621,47.3333,13.15
Buchberg,5622,47.3244,13.0741
Anger,5630,47.1598,13.0902
Unterberg,5632,47.2449,13.0908
Bad Gastein,5640,47.1155,13.1347
Bad Gastein,5645,47.1155,13.1347
Boden,5651,47.3244,13.0741
Mandling,8974,47.4,13.5667
Tweng,5563,47.1833,13.6
Neuseß,5570,47.1109,13.6953
Mariapfarr,5571,47.15,13.75
Sankt Andrä im Lungau,5572,47.15,13.7833
Weißpriach,5573,47.2261,13.6523
Göriach,5574,47.2229,13.7523
Zoitzach,5575,47.1667,13.8167
Wölting,5580,47.1447,13.8061
Sankt Margarethen im Lungau,5581,47.0833,13.6833
Sankt Martin,5582,47.1068,13.6137
Schellgaden,5583,47.0833,13.5833
Rothenwand,5584,47.1665,13.4554
Unternberg,5585,47.1127,13.7426
Ramingstein,5591,47.0667,13.8333
Bundschuh,5592,47.0667,13.75
Au,5090,47.6,12.7167
Reit,5091,47.6404,12.6812
Kirchental,5092,47.55,12.6833
Oberweißbach,5093,47.5167,12.75
Dienten am Hochkönig,5652,47.3832,13.0037
Winkl,5660,47.2817,13.0221
Rauris,5661,47.2266,12.9946
Niederhof,5662,47.2854,12.8595
Bruck an der Großglocknerstraße,5671,47.2849,12.8231
Taxenbacher-Fusch,5672,47.1815,12.8144
Thumersbach,5700,47.3295,12.8168
Kaprun,5710,47.2724,12.7598
Hummersdorf,5721,47.2833,12.7
Niedernsill,5722,47.2833,12.65
Tobersbach,5723,47.2833,12.5833
Pirtendorf,5724,47.2833,12.55
Schattberg,5730,47.2353,12.4856
Jochbergthurn,5731,47.2833,12.4333
Dorf,5732,47.2496,12.3443
Steinach,5733,47.2496,12.3443
Mitterhohenbramberg,5741,47.1906,12.277
Königsleiten,5742,47.2458,12.2083
Unterkrimml,5743,47.2333,12.1833
Maishofen,5751,47.3667,12.8
Viehhofen,5752,47.3667,12.7333
Saalbach,5753,47.3914,12.6364
Hinterglemm,5754,47.3768,12.5958
Schmieding,5760,47.4433,12.8472
Aberg,5761,47.4,12.9
Hütten,5771,47.45,12.7
"Graz,08.Bez.:Sankt Peter",8010,47.0751,15.4393
"Graz,14.Bez.:Eggenberg",8020,47.0751,15.4393
"Graz,03.Bez.:Geidorf",8036,47.0751,15.4393
"Graz,08.Bez.:Sankt Peter",8041,47.1294,15.447
"Graz,07.Bez.:Liebenau",8042,47.1294,15.447
"Graz,03.Bez.:Geidorf",8043,47.1294,15.447
"Graz,12.Bez.:Andritz",8044,47.0751,15.4393
"Graz,12.Bez.:Andritz",8045,47.0751,15.4393
"Graz,12.Bez.:Andritz",8046,47.1303,15.4015
"Graz,09.Bez.:Waltendorf",8047,47.0751,15.4393
"Graz,13.Bez.:Gösting",8051,47.0751,15.4393
"Graz,14.Bez.:Eggenberg",8052,47.0899,15.4026
"Graz,05.Bez.:Gries",8053,47.042,15.3928
"Graz,17.Bez.:Puntigam",8054,47.0751,15.4393
"Graz,05.Bez.:Gries",8055,47.0751,15.4393
"Graz,17.Bez.:Puntigam",8073,47.0751,15.4393
"Graz,07.Bez.:Liebenau",8074,47.0751,15.4393
Tobisegg,8143,46.9,15.3667
Gasselsdorf,8443,46.7333,15.3167
Weniggleinz,8444,46.8119,15.3903
Pongratzen,8455,46.65,15.3
Lannach,8502,46.9461,15.3372
Tobisberg,8503,46.8668,15.3924
Tobis,8504,46.8681,15.3888
Wald in der Weststeiermark,8510,46.9414,15.1826
Teipl,8511,46.9403,15.3204
Wohlsdorf,8521,46.8431,15.3828
Gussendorf,8522,46.8313,15.3141
Gersdorf,8523,46.85,15.25
Freiland bei Deutschlandsberg,8524,46.8532,15.1464
Osterwitz,8530,46.8638,15.0621
Kruckenberg,8541,46.7838,15.2196
Bergla,8542,46.7632,15.295
Sulb,8543,46.75,15.2833
Jagernigg,8544,46.7286,15.2962
Pörbach,8551,46.7141,15.1925
Sankt Bartlmä,8552,46.6762,15.175
Sankt Bartlmä,8553,46.6762,15.175
Soboth,8554,46.6814,15.0783
Pirkhof,8562,46.9511,15.2869
Greisdorf,8563,46.9167,15.2167
Sankt Radegund bei Graz,8061,47.1667,15.4833
Hofstätten,8062,47.1702,15.5429
Haselbach,8063,47.135,15.6181
Grambach,8071,47.0167,15.5
Mellach,8072,46.9333,15.5167
Laßnitzhöhe,8075,47.0674,15.5708
Breitenhilm,8076,47.0236,15.5626
Thondorf,8077,47.0167,15.4667
Kohldorf,8081,47.0254,15.6365
Freßnitzviertel,8101,47.1667,15.3833
Windhof,8102,47.2237,15.4033
Rein,8103,47.1333,15.2833
Hundsdorf,8111,47.1107,15.3311
Hundsdorf,8112,47.1107,15.3311
Gschnaidt,8113,47.1604,15.2015
Thoneben,8114,47.2237,15.4033
Peggau,8120,47.2,15.35
Adriach,8121,47.2667,15.3
Hofamt,8122,47.25,15.2333
Markt-Übelbach,8124,47.2253,15.2361
Laas,8130,47.2842,15.274
Röthelstein,8131,47.3167,15.3667
Hautzendorf,8141,46.9701,15.3981
Forst,8142,46.9292,15.4502
Riederhof,8144,47.0184,15.3392
Sankt Bartholomä,8151,47.0667,15.25
Michlbach,8152,47.0348,15.3017
Gschnaidt,8153,47.1604,15.2015
Hofstätten,8160,47.1702,15.5429
Tulwitzdorf,8162,47.2833,15.4333
Tulwitzviertl,8163,47.2771,15.4445
Gschwendt,8181,47.1667,15.5667
Unterbuch,8200,47.0495,15.6574
Höf,8301,47.0993,15.6108
Kogelbuch,8302,47.0495,15.6574
Sankt Marein bei Graz-Umgebung,8322,47.0158,15.6839
Zaunstein,8323,47.0495,15.6574
Unterpremstätten,8401,46.9647,15.4042
Werndorf,8402,46.9242,15.4908
Dillach,8410,46.9167,15.5
Lamberg,8411,46.8833,15.4167
Spatenhof,8501,46.9625,15.3611
Schadendorfberg,8561,47.0184,15.3392
Lebring,8403,46.8522,15.5383
Sankt Ulrich am Waasen,8412,46.9333,15.5333
Pesendorf,8413,46.9123,15.5695
Matzelsdorf,8421,46.8275,15.6413
Matzelsdorf,8422,46.8275,15.6413
Sankt Veit am Vogau,8423,46.766,15.6374
Landscha an der Mur,8424,46.75,15.5667
Kogelberg,8430,46.7943,15.5257
Gralla,8431,46.8202,15.567
Leitring,8435,46.7667,15.5667
Höch,8441,46.7833,15.4283
Neurath,8442,46.7789,15.4534
Steingrub,8451,46.8131,15.5116
Eichberg-Trautenburg,8452,46.6907,15.4551
Goldes,8453,46.7337,15.4393
Eichberg-Trautenburg,8454,46.6907,15.4551
Vogau,8461,46.7367,15.6044
Oberlupitscheni,8462,46.7333,15.5167
Remschnigg,8463,46.6447,15.462
Spielfeld,8471,46.7056,15.6372
Obervogau,8472,46.745,15.5847
Greith,8505,46.8238,15.4485
Hinterberg,8700,47.3467,15.1242
Proleb,8712,47.4,15.1333
Lobming,8713,47.2962,15.0033
Leising,8714,47.3,14.9333
Stadlhof,8770,47.3701,14.9849
Traboch,8772,47.3667,14.9833
Mochl,8773,47.3938,14.9155
Eselberg,8774,47.396,14.8007
Schattenberg,8775,47.4484,14.7574
Melling,8781,47.45,14.7
Eisenerz,8790,47.5333,14.8833
Traboch,8792,47.3667,14.9833
Oberdorf,8793,47.4592,14.9775
Rötz,8794,47.4592,14.9775
Radmer an der Stube,8795,47.5333,14.75
Hieflau,8920,47.6,14.7333
Furth,8782,47.4667,14.6167
Au bei Gaishorn am See,8783,47.4833,14.5167
Schwarzenbach,8784,47.4833,14.4667
Sankt Georgen,8786,47.4938,14.3757
Versbichl,8900,47.5333,14.3167
Wieden,8903,47.5296,14.252
Frauenberg,8904,47.5833,14.3833
Admont,8911,47.5754,14.4608
Johnsbach,8912,47.5333,14.5833
Weng im Gesäuse,8913,47.6,14.6333
Lainbach,8921,47.6333,14.7667
Gams bei Hieflau,8922,47.6667,14.7833
Palfau,8923,47.7,14.8
Kirchenlandl,8931,47.6667,14.7278
Bichl,8932,47.7,14.6167
Breitau,8933,47.6859,14.5709
Weißenbach bei Liezen,8940,47.5667,14.2167
Wörschach,8942,47.55,14.15
Aiglern,8943,47.5333,14.1667
Niederhofen,8950,47.5403,14.1182
Trautenfels,8951,47.529,14.0666
Erlsberg,8952,47.4667,14.1333
Donnersbachwald,8953,47.3629,14.1476
Mitterberg,8954,47.4627,13.9557
Moosberg auch Sonnberg,8960,47.4637,14.0453
Mitterberg,8961,47.4627,13.9557
Mitterberg,8962,47.4627,13.9557
Auberg,8965,47.3803,13.8275
Auberg,8966,47.3803,13.8275
Oberhausberg,8967,47.4,13.75
Schladming,8970,47.3929,13.687
Untertal,8971,47.3249,13.7206
Ramsau am Dachstein,8972,47.4215,13.6554
Rohrmoos,8973,47.3835,13.67
Tauplitzalm,8982,47.5892,14.0133
Bad Mitterndorf,8983,47.5556,13.9319
Pichl,8984,47.5667,13.85
Reith,8990,47.5865,13.7811
Puchen,8992,47.6343,13.7606
Untertressen,8993,47.6333,13.8
Feßnach,8811,47.1525,14.4644
Sankt Blasen,8812,47.1029,14.2954
Laßnitz-Lambrecht,8813,47.0811,14.205
Schönberg-Lachtal,8831,47.2193,14.3578
Vorstadt,8832,47.1956,14.2883
Frojach,8833,47.1308,14.3086
Frojach,8841,47.1308,14.3086
Kammersberg,8842,47.1833,14.2
St. Peter am Kammersberg,8843,47.1808,14.1843
Rinegg,8844,47.1574,14.1496
Stolzalpe,8852,47.1309,14.1835
Schöder,8853,47.2263,14.081
Krakauschatten,8854,47.1833,13.9667
Lutzmannsdorf,8861,47.1,14.0667
Falkendorf,8862,47.1213,14.0183
Predlitz,8863,47.0667,13.9167
Turrach,8864,46.9608,13.8878
Dürnstein in der Steiermark,9323,46.9883,14.3917
Sankt Johann ob Hohenburg,8564,47.0091,15.2421
Hallersdorf,8565,47.0091,15.2421
Bärnbach,8570,47.0714,15.1279
Piber,8572,47.0833,15.1
Hadergasse,8573,47.1852,15.0858
Sankt Martin am Wöllmißberg,8580,47.0014,15.1193
Rosental an der Kainach,8582,47.0498,15.1085
Sankt Martin am Wöllmißberg,8583,47.0014,15.1193
Hirschegg,8584,47.0211,14.9557
Rosental an der Kainach,8591,47.0498,15.1085
Kirchberg,8592,47.074,15.0228
Breitenbach,8593,47.15,15.05
Sankt Kathrein am Offenegg II.Viertel,8171,47.32,15.5748
Naintsch,8172,47.3267,15.63
Klettendorf,8182,47.2204,15.7262
Höfling,8183,47.2204,15.7262
Anger,8184,47.2751,15.6904
Dorfviertel,8190,47.3722,15.7632
Rossegg,8191,47.3253,15.6807
Feistritz,8192,47.4135,15.7281
Neudorf,8211,47.1463,15.7686
Hart,8212,47.1773,15.802
Hirnsdorf,8221,47.1833,15.8167
Kulming,8222,47.2167,15.75
Floing,8223,47.2636,15.7465
Gschmaier,8261,47.1369,15.868
Gschmaier,8262,47.1369,15.868
Gschmaier,8265,47.1369,15.868
Frösau,8311,47.1077,15.8159
Bärnbach,8312,47.0333,15.85
Hofstätten an der Raab,8321,47.0846,15.7521
Mitterbach,8616,47.3844,15.576
Fischbach,8654,47.4333,15.65
St. Kathrein am Hauenstein,8671,47.4833,15.6833
Kirchenviertel,8672,47.5084,15.7301
Feistritz,8673,47.4135,15.7281
Grubbauer,8674,47.5084,15.7301
Altendorf,8715,47.2722,14.9024
Sankt Margarethen bei Knittelfeld Sdlg,8720,47.2244,14.8586
Kobenz,8723,47.25,14.85
Ingering I,8724,47.2154,14.7811
Ingering II,8731,47.2667,14.6833
Hart,8732,47.2805,14.795
Kniepaß,8733,47.3156,14.8428
Thann,8734,47.1636,14.7392
Laing,8740,47.2154,14.7811
Mühldorf,8741,47.115,14.7486
Kathal in Obdachegg,8742,47.0617,14.7592
Wöllmerdorf,8750,47.1636,14.7392
Allerheiligengraben,8753,47.2228,14.5977
Thalheim,8754,47.2228,14.5977
Rach,8755,47.1598,14.5709
Wöll,8756,47.2,14.5333
Mühltal,8761,47.2228,14.5977
Zeiringgraben,8762,47.25,14.45
Bretstein,8763,47.3333,14.4167
Pusterwald,8764,47.3061,14.3756
Sankt Johann am Tauern Sonnseite,8765,47.3779,14.4664
Hohentauern,8785,47.4333,14.4833
Frauenburg,8800,47.2,14.4333
Gabraun,8132,47.3833,15.3667
Heuberg,8600,47.3947,15.2125
Sankt Martin,8605,47.454,15.2691
Sankt Katharein an der Laming,8611,47.4707,15.1632
Pichl-Großdorf,8612,47.5083,15.0667
Gabraun,8614,47.3833,15.3667
Thörl,8621,47.5167,15.2167
Oisching,8622,47.5105,15.149
Tutschach,8623,47.55,15.25
Au bei Turnau,8624,47.5964,15.3272
Pogusch,8625,47.5084,15.3637
Gußwerk,8632,47.75,15.3
Wegscheid,8634,47.6833,15.3333
Gollrad,8635,47.65,15.3
Seewiesen,8636,47.6167,15.2667
Frauenberg,8641,47.4286,15.3421
Mödersdorf,8642,47.4792,15.3505
Allerheiligen im Mürztal,8643,47.4667,15.4
Alt-Hadersdorf,8644,47.4833,15.3833
Leopersdorf,8650,47.4833,15.4167
Alt-Hadersdorf,8652,47.5084,15.3637
Traßnitz,8653,47.4506,15.5334
Wartberg im Mürztal,8661,47.5379,15.4765
Sommer,8662,47.5667,15.5333
Niederaigen,8663,47.5693,15.5007
Großveitsch,8664,47.612,15.4709
Pretul,8665,47.5667,15.7
Langenwang-Schwöbing,8670,47.5638,15.6418
Ganz,8680,47.6,15.6833
Hönigsberg,8682,47.612,15.6776
Spital am Semmering,8684,47.6135,15.751
Steinhaus am Semmering,8685,47.6167,15.8
Raxen,8691,47.6588,15.6965
Lechen,8692,47.65,15.6
Scheiterboden,8693,47.6971,15.4811
Winzendorf,8224,47.2833,15.8833
Zeil-Pöllau,8225,47.321,15.8628
Staudach,8230,47.3142,15.9482
Lechen,8232,47.3333,16.0167
Kleinlungitz,8233,47.3466,15.9839
Rohrbach an der Lafnitz,8234,47.3833,16.0
Burgfeld,8241,47.4312,15.9809
Riegl,8242,47.4656,15.9482
Koglreith,8243,47.4833,16.0167
Zeilerviertel,8250,47.3333,15.9333
Karnerviertel,8251,47.4784,15.8884
Riegersbach,8252,47.4167,15.9
Sommersgut,8253,47.4333,15.8
Pittermann,8254,47.4167,15.7833
Kaltenegg,8255,47.4786,15.7684
Maierhofen,8263,47.0711,15.9921
Riegersdorf,8264,47.1,15.9667
Geier,8271,47.1733,16.0073
Geier,8272,47.1917,16.004
Wagenbach,8273,47.2167,15.95
Unterdombach,8274,47.2333,15.9667
Dietersdorf bei Fürstenfeld,8280,47.0065,16.1108
Schwarzmannshofen,8283,47.1136,16.0355
Mitterberg,8294,47.2816,16.0345
Unterlungitz,8295,47.3,16.0167
Aschbach bei Fürstenfeld,8362,47.0333,16.0
Petersdorf II,8082,46.9972,15.6775
Maierhofen,8083,46.9167,15.6667
Unterzirknitz,8091,46.8333,15.7333
Mettersdorf am Saßbach,8092,46.8058,15.7111
Rohrbach am Rosenberg,8093,46.7833,15.7
Tiefenbach,8313,46.9893,15.9974
Hof,8324,46.9762,15.7627
Reiting,8330,46.9288,15.889
Mitterfladnitz,8332,47.0234,15.7983
Lödersdorf II,8333,46.9642,15.9572
Lödersdorf I,8334,46.9642,15.9572
Reith,8341,46.9605,15.7956
Trössing,8342,46.8239,15.8242
Grub II,8343,46.8388,15.8659
Wilhelmsdorf,8344,46.8508,15.9107
Trössing,8345,46.8239,15.8242
Magland,8352,46.9667,16.0833
Neustift,8353,46.8667,15.9833
Klapping,8354,46.8371,15.9731
Karla,8355,46.7813,15.8972
Lödersdorf II,8361,46.9642,15.9572
Weitersfeld an der Mur,8473,46.7,15.7167
Oberrakitsch,8480,46.7333,15.75
Hainsdorf-Brunnsee,8481,46.7363,15.7489
Fluttendorf,8482,46.7303,15.8127
Schrötten bei Deutsch Goritz,8483,46.7595,15.8456
Karla,8484,46.7813,15.8972
Zelting,8490,46.695,16.0011
Altneudörfl,8492,46.695,16.0011
Gruisla,8493,46.7667,15.9833
Amras,6020,47.25,11.4167
Vill,6080,47.2333,11.4
Stams,6182,47.276,10.9832
Kühtai,6183,47.2135,11.0231
See,6414,47.3339,10.973
Obsteig,6416,47.3,10.9333
Rietz,6421,47.2833,11.05
Stams,6422,47.276,10.9832
Mötz,6423,47.2833,10.95
Silz,6424,47.2667,10.9333
Schlierenzau,6425,47.25,10.8917
Roppen,6426,47.2167,10.8167
Haiming,6430,47.25,10.8833
Sautens,6432,47.2,10.8667
Oetz,6433,47.2,10.9
Umhausen,6441,47.1333,10.9333
Längenfeld,6444,47.074,10.9695
Heiligkreuz,6450,46.9294,11.0204
Sölden,6452,46.9667,11.0
Sölden,6456,46.9667,11.0
Vent,6458,46.8667,10.9333
Imst,6460,47.245,10.7397
Karres,6462,47.2167,10.7833
Karrösten,6463,47.2383,10.7746
Walchenbach,6464,47.275,10.7792
Nassereith,6465,47.3167,10.8333
Wald,6471,47.1896,10.7637
Jerzens,6473,47.1361,10.7681
Jerzens,6474,47.1361,10.7681
St. Leonhard im Pitztal,6481,47.0517,10.834
Imsterberg,6492,47.2052,10.696
Mils bei Imst,6493,47.2062,10.6748
Heiligkreuz,6060,47.2816,11.5013
Thaur,6063,47.3,11.4667
Thaur,6065,47.3,11.4667
Hall in Tirol,6067,47.2833,11.5167
Mils,6068,47.2833,11.5333
Gnadenwald,6069,47.3167,11.5667
Ampass,6070,47.2667,11.45
Aldrans,6071,47.25,11.45
Lans,6072,47.2303,11.4414
Sistrans,6073,47.2333,11.45
Rinn,6074,47.25,11.5
Volderwald,6075,47.25,11.5333
Patsch,6082,47.2,11.4167
Ellbögen,6083,47.1667,11.45
Natters,6091,47.2341,11.3734
Birgitz,6092,47.2354,11.2992
Kristen,6094,47.2134,11.2907
Grinzens,6095,47.1825,11.2563
Wildmoos,6100,47.3276,11.1703
Reith bei Seefeld,6103,47.3,11.2
Leutasch,6105,47.3689,11.144
Scharnitz,6108,47.389,11.2645
Kleinvolderberg,6111,47.2667,11.55
Wattens,6112,47.2833,11.6
Wattenberg,6113,47.2833,11.6
Kolsass,6114,47.3019,11.6255
Kolsassberg,6115,47.3,11.6333
Baumkirchen,6121,47.3,11.5667
Fritzens,6122,47.3,11.5833
Schönberg im Stubaital,6141,47.1833,11.4167
Mieders,6142,47.1667,11.3833
Mützens,6143,47.13,11.4233
Unterweg,6145,47.1333,11.5167
Steinach am Brenner,6150,47.0833,11.4667
Trins,6152,47.0833,11.4167
Vals,6154,47.0374,11.5763
Gries am Brenner,6156,47.05,11.4833
Obernberg am Brenner,6157,47.0167,11.4167
Natters,6161,47.2341,11.3734
Kreith,6162,47.2,11.3833
Gagers,6165,47.1667,11.3611
Fulpmes,6166,47.1395,11.3466
Neustift im Stubaital,6167,47.1167,11.3167
Pettnau,6170,47.3,11.1333
Oberperfuss,6173,47.2333,11.25
Afling,6175,47.25,11.3
Völs,6176,47.25,11.3333
Unterperfuss,6178,47.2667,11.25
Ranggen,6179,47.2531,11.2122
Sellrain,6181,47.2167,11.2167
St. Sigmund im Sellrain,6184,47.2254,11.0948
Toblaten,6401,47.2509,11.1697
Hattingerberg,6402,47.2833,11.1667
Flaurling,6403,47.2833,11.1167
Pollingberg,6404,47.2833,11.15
Pfaffenhofen,6405,47.3,11.0833
Oberhofen im Inntal,6406,47.3,11.0833
Pettnau,6408,47.3,11.1333
St. Veit,6410,47.3243,11.097
Wildermieming,6413,47.3167,11.0167
Itter,6305,47.4667,12.1333
Grafenweg,6314,47.3635,12.1159
Kössen,6344,47.6699,12.4055
Kössen,6345,47.6699,12.4055
Sonnseite,6353,47.5304,12.342
Glantersberg,6361,47.43,12.14
Westendorf,6363,47.4321,12.2141
Brixen im Thale,6364,47.45,12.25
Kirchberg in Tirol,6365,47.4454,12.316
Reith bei Kitzbühel,6370,47.4667,12.35
Aurach bei Kitzbühel,6371,47.4101,12.473
Oberndorf in Tirol,6372,47.5,12.3833
Jochberg,6373,47.3792,12.4181
St. Johann in Tirol,6380,47.512,12.4454
Kirchdorf in Tirol,6382,47.5563,12.4451
Kirchdorf in Tirol,6383,47.5563,12.4451
Waidring,6384,47.5833,12.5667
Schwendt,6385,47.6333,12.3833
Fieberbrunn,6391,47.4833,12.55
St. Jakob in Haus,6392,47.5002,12.5553
St. Ulrich am Pillersee,6393,47.5261,12.5983
Hochfilzen,6395,47.4667,12.6167
Mehrn,6230,47.429,11.9158
Münster,6232,47.4216,11.8336
Mariatal,6233,47.4479,11.8721
Brandenberg,6234,47.4905,11.8946
Scheffach,6235,47.4141,11.8993
Alpbach,6236,47.3988,11.9437
Rattenberg,6240,47.4394,11.8941
Radfeld,6241,47.4481,11.9142
Saulueg,6250,47.4471,11.9704
Haus,6252,47.5,11.972
Wörgl,6300,47.4833,12.0667
Söll,6306,47.5038,12.1922
Thierbach,6311,47.4167,11.9833
Oberau,6313,47.4434,12.0489
Angerberg,6320,47.5189,12.0306
Angath,6321,47.5,12.0667
Kirchbichl,6322,47.5174,12.0963
Osterndorf,6323,47.5107,12.1191
Mariastein,6324,47.5333,12.05
Kaisertal,6330,47.6136,12.2442
Schwoich,6334,47.546,12.1405
Schmiedtal,6335,47.5833,12.0667
Oberlangkampfen,6336,47.5517,12.0944
Asching,6341,47.6397,12.2354
Niederndorf,6342,47.65,12.2167
Erlerberg,6343,47.6833,12.2167
Gränzing,6346,47.6703,12.2347
Rettenschöss,6347,47.6572,12.2687
Söll,6351,47.5038,12.1922
Ellmau,6352,47.5138,12.2994
Schönwies,6491,47.1967,10.6574
Grins,6500,47.1403,10.5141
Zammerberg,6511,47.1584,10.5897
Niedergallmigg,6521,47.1167,10.6167
Prutz,6522,47.0833,10.6667
Kaunertal,6524,46.946,10.7425
Faggen,6525,47.1,10.6667
Kaunerberg,6527,47.0871,10.7326
Fendels,6528,47.05,10.6667
Ried im Oberinntal,6531,47.05,10.65
Ladis,6532,47.0667,10.6333
Fiss,6533,47.05,10.6167
Serfaus,6534,47.0333,10.6
Serfaus,6541,47.0333,10.6
Serfaus,6542,47.0333,10.6
Nauders,6543,46.8833,10.5167
Spiss,6544,46.9822,10.4402
Quadratsch,6551,47.1333,10.5
Tobadill,6552,47.1167,10.5167
Langesthei,6553,47.0833,10.4333
Kappl,6555,47.0667,10.3833
Ischgl,6561,47.0126,10.2918
Mathon,6562,46.9833,10.25
Galtür,6563,46.9667,10.1833
Strengen,6571,47.1333,10.45
Flirsch,6572,47.15,10.4
Pettneu am Arlberg,6574,47.15,10.3833
St. Jakob am Arlberg,6580,47.15,10.2833
Grins,6591,47.1403,10.5141
Damer,9782,46.7917,12.9104
Patriasdorf,9900,46.8394,12.7628
Oberdrum,9903,46.8508,12.7244
Oberdorf,9904,46.8718,12.7637
Untergaimberg,9905,46.85,12.7833
Lavant,9906,46.7989,12.8381
Tristach,9907,46.8161,12.7897
Amlach,9908,46.8164,12.7636
Burgfrieden,9909,46.8008,12.7275
Klausen,9911,46.8023,12.6281
Gebreite,9912,46.784,12.5491
Abfaltersbach,9913,46.7665,12.5133
Strassen,9918,46.7539,12.4842
Tessenberg,9919,46.7513,12.4488
Arnbach,9920,46.7467,12.3967
Außervillgraten,9931,46.7875,12.4314
Innervillgraten,9932,46.8119,12.3747
Kartitsch,9941,46.7289,12.5008
Rodarm,9942,46.7167,12.6
Untertilliach,9943,46.7042,12.7086
Gwabl,9951,46.8853,12.6792
St. Johann im Walde,9952,46.9113,12.6233
Schlaiten,9954,46.8794,12.6542
Lerch,9961,46.9333,12.4833
Gritzen,9962,46.9233,12.4243
Oberrotte,9963,46.9423,12.2464
Klaunz,9971,47.0,12.55
Virgen,9972,47.0,12.45
Wallhorn,9974,47.0167,12.3833
Lana,9981,47.0176,12.6578
Debanttal,9990,46.8333,12.8083
Stribach,9991,46.8495,12.8378
Stronach,9992,46.8333,12.85
Unterpinswang,6600,47.5412,10.6946
Höfen,6604,47.4667,10.6833
Hinterbichl,6610,47.4888,10.6659
Heiterwang,6611,47.45,10.75
Wengle,6621,47.4083,10.7958
Tal,6622,47.3925,10.7444
Namlos,6623,47.35,10.6667
Lermoos,6631,47.4036,10.8807
Ehrwald,6632,47.4,10.9167
Biberwier,6633,47.3833,10.9
Stanzach,6642,47.3833,10.5667
Martinau,6644,47.35,10.5333
Vorderhornbach,6645,47.3667,10.5333
Hinterhornbach,6646,47.3493,10.4219
Boden,6647,47.2833,10.6
Gramais,6650,47.2667,10.5333
Häselgehr,6651,47.3167,10.5
Untergrünau,6652,47.2966,10.4117
Obergiblen,6653,47.2966,10.4117
Holzgau,6654,47.2604,10.3442
Steeg,6655,47.2439,10.2944
Forchach,6670,47.4167,10.5833
Weißenbach am Lech,6671,47.4245,10.5384
Rauth,6672,47.4667,10.6167
Enge,6673,47.5167,10.55
Tannheim,6675,47.4833,10.5167
Schattwald,6677,47.5167,10.45
Vils,6682,47.55,10.6333
Jungholz,6691,47.5741,10.4472
Lechleiten,6767,47.2667,10.2
Weer,6116,47.3105,11.6555
Umlberg,6123,47.3333,11.6333
Schwaz,6130,47.3517,11.7101
Weerberg,6133,47.262,11.7119
Fiecht,6134,47.35,11.7
Schlagturn,6135,47.3667,11.7167
Pill,6136,47.3167,11.6833
Tratzberg,6200,47.3845,11.7103
Rofansiedlung,6210,47.4101,11.804
Maurach,6212,47.4212,11.7531
Pertisau,6213,47.4406,11.6949
Hinterriß,6215,47.4653,11.6197
Buch,6220,47.3745,11.754
Gallzein,6222,47.3681,11.7716
Bruckerberg,6260,47.3848,11.8555
Schlitters,6261,47.3667,11.8333
Schlitters,6262,47.3667,11.8333
Fügen,6263,47.347,11.8494
Pankrazberg,6264,47.3167,11.8167
Hart im Zillertal,6265,47.3511,11.8648
Kleinboden,6271,47.3155,11.851
Kaltenbach,6272,47.2833,11.8667
Ried im Zillertal,6273,47.3,11.8667
Distelberg,6274,47.2626,11.8848
Stumm,6275,47.2833,11.8833
Gattererberg,6276,47.2922,11.9526
Zellberg,6277,47.2333,11.85
Hainzenberg,6278,47.2179,11.9003
Zell am Ziller,6280,47.2333,11.8833
Gerlos,6281,47.2167,12.0
Schwendau,6283,47.1975,11.859
Ramsau im Zillertal,6284,47.2038,11.8754
Brandberg,6290,47.1667,11.9
Finkenberg,6292,47.15,11.8333
Tux,6293,47.1397,11.7026
Tux,6294,47.1397,11.7026
Mayrhofen,6295,47.1667,11.8667
Lorüns,6700,47.1331,9.85
Bürs,6706,47.1497,9.8
Bürserberg,6707,47.1464,9.7774
Brand,6708,47.0872,9.7232
Latz,6710,47.1908,9.6606
Thüringen,6712,47.2,9.7667
Ludescherberg,6713,47.2006,9.8063
Nüziders,6714,47.1667,9.8
Bludesch,6719,47.2,9.7331
Thüringerberg,6721,47.2167,9.7831
St. Gerold,6722,47.22,9.8086
Blons,6723,47.2233,9.8341
Rufana,6731,47.2307,9.9743
Seewald,6733,47.2667,9.9167
Raggal,6741,47.2108,9.8369
Innerbraz,6751,47.15,9.9167
Dalaas,6752,47.1245,9.991
Klösterle,6754,47.1333,10.0833
Stuben,6762,47.1333,10.1667
Lech,6763,47.208,10.1418
Lech,6764,47.208,10.1418
St. Anton im Montafon,6771,47.1185,9.8725
Vandans,6773,47.0738,9.8032
Tschagguns,6774,47.0833,9.9
Schruns,6780,47.0713,9.9464
Bartholomäberg,6781,47.0833,9.9
Silbertal,6782,47.0937,9.9831
Gargellen,6787,46.9674,9.9183
St. Gallenkirch,6791,47.0109,9.9988
Gaschurn,6793,46.9833,10.0333
Partenen,6794,46.9667,10.05
Mittelberg,6820,47.1382,9.6733
Schwarzenberg,6850,47.412,9.8396
Schwarzach,6858,47.449,9.7621
Alberschwende,6861,47.4506,9.8304
Großdorf,6863,47.4336,9.9153
Andelsbuch,6866,47.4136,9.8956
Schwarzenberg,6867,47.412,9.8396
Reuthe,6870,47.3711,9.8948
Bizau,6874,47.3691,9.9284
Hirschau,6881,47.3505,9.9169
Schnepfau,6882,47.3521,9.9452
Au,6883,47.3095,9.9654
Damüls,6884,47.2803,9.8916
Schoppernau,6886,47.3133,10.0175
Schröcken,6888,47.2574,10.0927
Bregenz,6900,47.5031,9.7471
Eichenberg,6911,47.5333,9.7833
Möggers,6912,47.5667,9.8167
Hohenweiler,6914,47.5833,9.7833
Kennelbach,6921,47.4831,9.7667
Wolfurt,6922,47.4667,9.75
Lauterach,6923,47.4831,9.7331
Langen bei Bregenz,6932,47.5171,9.8339
Doren,6933,47.4928,9.8797
Thal,6934,47.5246,9.913
Langenegg,6941,47.4667,9.8833
Hittisau,6942,47.4522,10.038
Riefensberg,6943,47.5,9.9667
Lingenau,6951,47.45,9.9
Bolgenach,6952,47.4617,10.0107
Buch,6960,47.483,9.8143
Hard,6971,47.4831,9.6831
Fußach,6972,47.4793,9.6628
Höchst,6973,47.4593,9.6405
Gaißau,6974,47.4667,9.6
Riezlern,6991,47.3505,10.1823
Hirschegg,6992,47.3481,10.1714
Mittelberg,6993,47.3237,10.1546
Hohenems,6845,47.3667,9.6831
Lustenau,6890,47.4264,9.6585
Feldkirch,6800,47.2331,9.6
Göfis,6811,47.2336,9.6346
Meiningen,6812,47.2989,9.5786
Schnifnerberg,6822,47.2334,9.7309
Schlins,6824,47.2,9.7
Rankweil,6830,47.2711,9.6431
Sulz,6832,47.2872,9.6518
Klaus,6833,47.3091,9.6468
Übersaxen,6834,47.2528,9.6708
Batschuns,6835,47.2831,9.65
Viktorsberg,6836,47.2997,9.6667
Götzis,6840,47.3331,9.6331
Mäder,6841,47.35,9.6167
Koblach,6842,47.3331,9.6
Altach,6844,47.35,9.65
"Wien, Innere Stadt",1010,48.2077,16.3705
"Wien, Leopoldstadt",1020,48.2167,16.4
"Wien, Landstraße",1030,48.1981,16.3948
"Wien, Wieden",1040,48.192,16.3671
"Wien, Margareten",1050,48.1865,16.3549
"Wien, Mariahilf",1060,48.1952,16.3503
"Wien, Neubau",1070,48.2,16.35
"Wien, Josefstadt",1080,48.2167,16.35
"Wien, Alsergrund",1090,48.2333,16.35
"Wien, Wieden",1100,48.1926,16.3704
"Wien, Simmering",1110,48.164,16.4463
"Wien, Meidling",1120,48.1705,16.3223
"Wien, Hietzing",1130,48.1773,16.2456
"Wien, Rudolfsheim-Fünfhaus",1150,48.196,16.3183
"Wien, Penzing",1160,48.221,16.2415
"Wien, Hernals",1170,48.2338,16.2901
"Wien, Döbling",1180,48.2591,16.3339
"Wien, Döbling",1190,48.2591,16.3339
"Wien, Brigittenau",1200,48.2402,16.3773
"Wien, Donaustadt",1220,48.219,16.495
"Wien, Liesing",1230,48.1433,16.2934
