Anuradhapura,50000,8.3565,80.4173
Perimiyankulama,50004,8.2667,80.5333
Galkadawala,50006,8.6044,80.681
Saliyapura,50008,8.4225,81.0541
Viharapalugama,50012,8.3955,80.3103
Elayapattuwa,50014,8.3955,80.3103
Tantirimale,50016,8.3955,80.3103
Pemaduwa,50020,8.3322,80.3645
Mahawilachchiya,50022,8.3322,80.3645
Pandulagama,50029,8.3322,80.3645
Gnanikulama,50036,8.25,80.5167
Sravasthipura,50042,8.2629,80.4325
Hidogama,50044,8.2591,80.3983
Nachchaduwa,50046,8.2667,80.4667
Parasangahawewa,50055,8.3864,80.3725
Gambirigaswewa,50057,8.2377,80.3368
Kurundankulama,50062,8.2,80.45
Galkulama,50064,8.2667,80.5
Uttimaduwa,50067,8.25,80.55
Sivalakulama,50068,8.25,80.6333
Tirappane,50072,8.3,80.5833
Maradankadawala,50080,8.1268,80.5621
Walagambahuwa,50086,8.15,80.5
Labunoruwa,50088,8.1667,80.6
Kekirawa,50100,8.0385,80.5941
Tammennawa,50104,8.0909,80.356
Vijithapura,50110,7.9,80.5261
Palagala,50111,7.9,80.5261
Andiyagala,50112,7.9,80.5261
Galkiriyagama,50120,7.9425,80.565
Pubbogama,50122,7.9261,80.5936
Halmillawa Dambulla,50124,7.9517,80.5913
Maha Elagamuwa,50126,7.9865,80.6153
Madatugama,50130,7.942,80.628
Kitulhitiyawa,50132,7.9185,80.631
Ganewalpola,50142,8.0933,80.6215
Palugaswewa,50144,8.0577,80.707
Habarana,50150,8.0363,80.7467
Awukana,50169,7.9969,80.5461
Galnewa,50170,8.0257,80.4803
Kalankuttiya,50174,8.05,80.3833
Hurigaswewa,50176,8.0759,80.373
Negampaha,50180,7.998,80.4595
Maneruwa,50182,7.9173,80.4859
Siyambalewa,50184,7.9474,80.5172
Mahabulankulama,50196,7.9969,80.5461
Nochchiyagama,50200,8.2631,80.2044
Pahala Halmillewa,50206,8.1334,80.3599
Udunuwara Colony,50207,8.1982,80.2822
Galadivulwewa,50210,7.9218,80.0859
Ranorawa,50212,7.9267,80.1213
Dunumadalawa,50214,7.9169,80.0505
Pahala Maragahawe,50220,8.1929,80.1457
Horiwila,50222,8.1929,80.1457
Gemunupura,50224,8.1929,80.1457
Kalaoya,50226,8.1929,80.1457
Talawa,50230,8.2364,80.3476
Karagahawewa,50232,8.2453,80.3307
Malwanagama,50236,8.2409,80.3391
Tambuttegama,50240,8.15,80.3
Telhiriyawa,50242,8.1535,80.3244
Pahalagama,50244,8.1988,80.2808
Rajanganaya,50246,8.062,80.251
Angamuwa,50248,8.1812,80.2013
Kiralogama,50259,8.1971,80.3798
Eppawala,50260,8.1426,80.403
Katiyawa,50261,7.6208,80.5515
lhala Halmillewa,50262,7.8817,80.4772
Mahailluppallama,50270,8.1056,80.3107
lpologama,50280,8.0875,80.5154
Kagama,50282,8.0839,80.5586
Senapura,50284,8.0911,80.4722
Kalakarambewa,50288,8.0875,80.5154
Mihintale,50300,8.3593,80.5103
lhalagama,50304,8.3593,80.5103
Mahakanadarawa,50306,8.3593,80.5103
Maradankalla,50308,8.3593,80.5103
Kahatagasdigiliya,50320,8.4214,80.6865
Mulkiriyawa,50324,8.4214,80.6865
Parakumpura,50326,8.4214,80.6865
Mahapothana,50327,8.4214,80.6865
Megodawewa,50334,8.2333,80.7333
Padikaramaduwa,50338,8.2333,80.7333
Namalpura,50339,8.2333,80.7333
Muriyakadawala,50344,8.2333,80.65
Morakewa,50349,8.5052,80.7887
Horawpatana,50350,8.3889,80.766
Parangiyawadiya,50354,8.4945,80.8654
Dematawewa,50356,8.2833,80.6667
Welimuwapotana,50358,8.3889,80.766
Kapugallawa,50370,8.3558,80.6894
Seeppukulama,50380,8.3804,80.5888
Upuldeniya,50382,8.3916,80.6079
Mailagaswewa,50384,8.3916,80.6079
Rampathwila,50386,8.4028,80.6269
Galenbindunuwewa,50390,8.2833,80.7167
Getalawa,50392,8.3,80.7333
Dutuwewa,50393,8.3167,80.75
Hurulunikawewa,50394,8.3,80.7333
Pandukabayapura,50448,8.4661,80.5484
Rambewa,50450,8.4423,80.5054
Kendewa,50452,8.4858,80.6067
Kallanchiya,50454,8.4592,80.5643
Wahamalgollewa,50492,8.4771,80.5173
Medawachchiya,50500,8.5345,80.4923
Punewa,50506,8.6113,80.4715
Kirigalwewa,50511,8.4941,80.4801
Pihimbiyagolewa,50512,8.4941,80.4801
Rathmalgahawewa,50514,8.4941,80.4801
Walahaviddawewa,50516,8.4941,80.4801
Etaweeragollewa,50518,8.4941,80.4801
Halmillawetiya,50552,8.3407,80.2796
Gonahaddenawa,50554,8.5287,80.5148
Kalawedi Ulpotha,50556,8.5287,80.5148
Tittagonewa,50558,8.7167,80.75
Kahatagollewa,50562,8.4445,80.647
Wahalkada,50564,8.3807,80.4436
Bogahawewa,50566,8.3169,80.2401
Pulmoddai,50567,8.3807,80.4436
Padaviya,50570,8.4941,80.4801
Padavi Maithripura,50572,8.4941,80.4801
Mahasenpura,50574,8.4941,80.4801
Padavi Parakramapura,50582,8.4941,80.4801
Etawatunuwewa,50584,8.4941,80.4801
Welioya Project,50586,8.4941,80.4801
Padavi Sripura,50587,8.4941,80.4801
Padavi Sritissapura,50588,8.4941,80.4801
Ampara,32000,7.2975,81.682
Deegawapiya,32006,7.2975,81.682
Digamadulla Weeragoda,32008,7.2975,81.682
Hingurana,32010,7.2144,81.6537
Moragahapallama,32012,7.2076,81.654
Damana,32014,7.2007,81.6542
Madawalalanda,32016,7.2076,81.654
Mahanagapura,32018,7.2076,81.654
Pannalagama,32022,7.0724,81.6065
Bakmitiyawa,32024,7.0194,81.6478
Paragahakele,32031,7.25,81.6
Polwaga Janapadaya,32032,7.137,81.5192
Pahalalanda,32034,7.137,81.5192
Koknahara,32035,7.186,81.5733
Namaloya,32037,6.9952,81.3703
Devalahinda,32038,7.137,81.5192
Wadinagala,32039,7.1167,81.5333
Dadayamtalawa,32046,7.1972,81.5989
Siyambalawewa,32048,7.1972,81.5989
Central Camp,32050,7.1972,81.5989
Uhana,32060,7.3667,81.6333
Werunketagoda,32062,7.4083,81.6333
Gonagolla,32064,7.45,81.6333
Galapitagala,32066,7.4083,81.6333
Rajagalatenna,32068,7.4083,81.6333
Mangalagama,32069,7.4083,81.6333
Mahaoya,32070,7.1972,81.5989
Tempitiya,32072,7.1972,81.5989
Kekirihena,32074,7.1972,81.5989
Padiyatalawa,32100,7.4002,81.2428
Serankada,32101,7.4572,81.2808
Kolamanthalawa,32102,7.4025,81.2745
Dorakumbura,32104,7.35,81.3
Nawamedagama,32120,7.3852,81.3892
Damanewela,32126,7.3852,81.3892
Dehiattakandiya,32150,7.3852,81.3892
Siripura,32155,7.3852,81.3892
Mawanagama,32158,7.3852,81.3892
Malwatta,32198,7.3333,81.7333
Samanthurai,32200,7.3833,81.8333
Karativu,32250,7.3833,81.8333
Sainthamaruthu,32280,7.3833,81.8333
Kalmunai,32300,7.409,81.8347
Navithanveli,32308,7.4333,81.7833
Marathamune,32314,7.45,81.8167
Periyaneelavanai,32316,7.45,81.8167
Nintavur,32340,7.3498,81.853
Addalaichenai,32350,7.2667,81.85
Palamunai,32354,7.2667,81.85
Oluvil,32360,7.2833,81.85
Akkaraipattu,32400,7.2165,81.8538
Kannakipuram,32405,7.2165,81.8538
Thambiluvil,32415,7.1326,81.8514
Komari,32418,6.9897,81.8621
Tirukovil,32420,7.1203,81.849
lmkkamam,32450,7.1148,81.8541
Wanagamuwa,32454,7.1148,81.8541
Pottuvil,32500,6.8762,81.8267
Panama,32508,6.7552,81.8036
Lahugala,32512,6.914,81.6639
Hulannuge,32514,6.914,81.6639
Batticaloa,30000,7.7102,81.6924
Kannankudah,30016,7.6798,81.6702
Navatkadu,30018,7.5833,81.7167
Pillaiyaradi,30022,7.7527,81.6417
Thannamunai,30024,7.7527,81.6417
Kattankudi,30100,7.6824,81.7334
Araipattai,30150,7.6667,81.7333
Puthukudiyiruppu,30158,7.6333,81.75
Kirankulam,30159,7.6,81.7667
Kokkaddichcholai,30160,7.624,81.7599
Ampilanthurai,30162,7.624,81.7599
Kurukkalmadam,30192,7.5876,81.7829
Cheddipalayam,30194,7.5833,81.7833
Thettativu,30196,7.5855,81.7831
Kaluwanchikudi,30200,7.5167,81.7833
Vellavely,30204,7.5,81.7333
Bakiella,30206,7.5083,81.7583
Mandur,30220,7.4833,81.75
Periyaporativu,30230,7.5167,81.7667
Thirupalugamam,30234,7.525,81.725
Thikkodai,30236,7.5333,81.6833
Navagirinagar,30238,7.525,81.725
Koddaikallar,30249,7.5028,81.7528
Kallar,30250,7.4667,81.8
Thuraineelavanai,30254,7.4667,81.8
Eravur,30300,7.7782,81.6038
Chenkaladi,30350,7.786,81.591
Pankudavely,30352,7.7491,81.5689
Karadiyanaru,30354,7.7121,81.5468
Periyapullumalai,30358,7.7491,81.5689
Ayithiyamalai,30362,7.6167,81.55
Unnichchai,30364,7.6167,81.55
Kaluwankemy,30372,7.7995,81.5773
Vantharumoolai,30376,7.7995,81.5773
Murakottanchanai,30392,7.8655,81.5375
Kiran,30394,7.8655,81.5375
Valaichenai,30400,7.6899,81.6011
Kalkudah,30410,7.9167,81.5667
Oddamavadi,30420,7.9167,81.5167
Vakaneri,30424,7.9167,81.4333
Miravodai,30426,7.9024,81.5098
Punanai,30428,7.9667,81.3833
Mankemi,30442,7.9574,81.4805
Panichankemi,30444,7.9574,81.4805
Vakarai,30450,8.1333,81.4333
Kathiraveli,30456,8.2167,81.4
Badulla,90000,6.9895,81.0557
Soranatota,90008,7.0331,81.0508
Timbirigaspitiya,90012,7.0195,81.0672
Egodawela,90013,7.065,81.0619
Taldena,90014,7.0956,81.0479
Meegahakiula,90015,7.0866,81.0689
Ketawatta,90016,7.094,81.0912
Arawa,90017,7.1591,81.0761
Baduluoya,90019,7.0866,81.0689
Kandaketya,90020,7.1089,81.0089
Maliyadda,90022,7.1089,81.0089
Rilpola,90026,7.1089,81.0089
Spring Valley,90028,7.1089,81.0089
Wineethagama,90034,7.0057,81.0533
Nelumgama,90042,7.0053,81.0743
Sirimalgoda,90044,7.0031,81.0829
Kuttiyagolla,90046,7.0214,81.0879
Kendagolla,90048,6.9977,81.1086
Kahataruppa,90052,7.0333,81.1167
Hali Ela,90060,6.9536,81.0299
Uva Uduwara,90061,7.0218,80.9957
Uva Deegalla,90062,7.0218,80.9957
Jangulla,90063,7.0218,80.9957
Narangala,90064,7.0218,80.9957
Galauda,90065,7.034,80.9861
Beramada,90066,7.0544,80.9785
Godunna,90067,7.0691,80.9803
Landewela,90068,6.9977,81.0039
Kandegedara,90070,7.0276,81.0339
Pathanewatta,90071,7.0276,81.0339
Tennepanguwa,90072,7.0276,81.0339
Demodara,90080,6.9002,81.0555
Gawarawela,90082,6.9,81.0639
Ella,90090,6.8756,81.0463
Uva Karandagolla,90091,6.8336,81.0705
Ballaketuwa,90092,6.8667,81.1
Helapupula,90094,6.8586,81.0723
Bandarawela,90100,6.8334,80.9853
Kebillawela,90102,6.811,80.9962
Dulgolla,90104,7.2388,80.7293
Liyangahawela,90106,6.9251,80.9389
Ambadandegama,90108,6.8173,81.0448
Heeloya,90112,6.8447,81.0199
Makulella,90114,6.8447,81.0199
Helahalpe,90122,6.8885,81.0357
Diganatenna,90132,6.8667,80.9667
Mirahawatta,90134,6.8718,80.9445
Pattiyagedara,90138,6.8751,80.979
Ettampitiya,90140,6.9387,80.9717
Diyatalawa,90150,6.8007,80.9546
Haputale,90160,6.7681,80.9595
Ratkarawwa,90164,6.8,80.9167
Nikapotha,90165,6.7333,80.9667
Akkarasiyaya,90166,6.7797,80.9208
Ohiya,90168,6.8173,80.8403
Boralanda,90170,6.827,80.894
Pitapola,90171,6.8097,80.893
Haldummulla,90180,6.7603,80.8844
Soragune,90183,6.8294,80.8806
Kiriwanagama,90184,6.9682,80.9118
Kalupahana,90186,6.7596,80.8455
Uva Tenna,90188,6.8294,80.8806
Koslanda,90190,6.7434,81.0189
Uva Mawelagama,90192,6.7434,81.0189
Welimada,90200,6.9044,80.9044
Amunumulla,90204,6.8664,80.9084
Galedanda,90206,6.8258,80.9291
Gurutalawa,90208,6.8362,80.9122
Puhulpola,90212,6.9028,80.9238
Dikkapitiya,90214,6.7422,80.9733
Nugatalawa,90216,6.8994,80.8806
Medawela Udukinda,90218,6.8481,80.9259
Perawella,90222,6.9378,80.8389
Hangunnawa,90224,6.9513,80.8729
Uduhawara,90226,6.9667,80.8667
Uvaparanagama,90230,6.8833,80.901
Ambagasdowa,90300,6.9232,80.8936
Bowela,90302,6.95,80.9333
Lunuwatta,90310,6.9334,80.9006
Bambarapana,90322,7.0032,80.9678
Dimbulana,90324,7.0,80.95
Ambagahawatta,90326,7.0167,80.9551
Maspanna,90328,7.0167,80.95
Yalagamuwa,90329,7.0469,80.9525
Keppetipola,90350,6.8975,80.8705
Kalubululanda,90352,6.8621,80.8791
Bogahakumbura,90354,6.8631,80.8639
Kandepuhulpola,90356,6.838,80.8638
Hewanakumbura,90358,6.8902,80.8473
Boragas,90362,6.9097,80.8356
Silmiyapura,90364,6.9097,80.8356
Passara,90500,6.9346,81.1574
Bibilegama,90502,6.8945,81.1361
Miriyabedda,90504,6.9,81.1667
Kotamuduna,90506,6.8929,81.1841
Hingurukaduwa,90508,6.8288,81.1573
Gamewela,90512,6.9186,81.2056
Medawelagama,90518,6.976,81.1712
Pelagahatenna,90522,6.9644,81.1584
Hopton,90524,6.9644,81.1584
Lunugala,90530,7.0369,81.2017
Arawakumbura,90532,7.0849,81.1982
Pallekiruwa,90534,7.0098,81.2362
Madulsima,90535,7.0334,81.1687
Metigahatenna,90540,6.9667,81.0833
Atakiriya,90542,7.0698,81.1023
Pitamaruwa,90544,7.1162,81.1262
Kalugahakandura,90546,7.1264,81.0975
Namunukula,90580,6.9041,81.1211
Maussagolla,90582,6.9091,81.1323
Miyanakandura,90584,6.8619,81.1486
Mahiyanganaya,90700,7.2444,81.1167
Uraniya,90702,7.2333,81.1
Ridimaliyadda,90704,7.2333,81.1
Yalwela,90706,7.2667,81.15
Arawatta,90712,7.3333,81.05
Dambana,90714,7.3583,81.1083
Wewatta,90716,7.3833,81.1667
Sorabora Colony,90718,7.3583,81.1083
Aluttaramma,90722,7.2221,81.0612
Hebarawa,90724,7.2221,81.0612
Divulapelessa,90726,7.2221,81.0612
Kuruwitenna,90728,7.2221,81.0612
Mapakadawewa,90730,7.3,81.1167
Uva Tissapura,90734,7.3,81.1167
Aluketiyawa,90736,7.3,81.1167
Keselpotha,90738,7.3,81.1167
Girandurukotte,90750,7.4,81.05
Galporuyaya,90752,7.4,81.05
Malgoda,90754,7.4,81.05
Pahalarathkinda,90756,7.4,81.05
Idalgashinna,96167,6.7819,80.8931
Fort,00100,6.9392,79.8436
Slave Island,00200,6.9167,79.85
Colpetty,00300,6.8833,79.85
Bambalapitiya,00400,6.8914,79.8522
Havelock Town,00500,6.8841,79.8608
Kirulapone,00600,6.8753,79.8611
Borella,00800,6.9177,79.8742
Kotahena,01300,6.9459,79.8617
Mutwal,01500,6.95,79.8667
Sri Jayawardenepu,10100,6.8868,79.9551
Malabe,10115,6.9083,79.9649
Talawatugoda,10116,6.8738,79.9378
Hokandara,10118,6.891,79.9513
Battaramulla,10120,6.8964,79.9181
Athurugiriya,10150,6.8687,79.9998
Homagama,10200,6.844,80.0024
Mullegama,10202,6.8796,80.0131
Habarakada,10204,6.8708,80.0092
Pitipana Homagama,10206,6.848,80.0098
Kiriwattuduwa,10208,6.7977,80.0146
Pannipitiya,10230,6.8462,79.9448
Hiripitya,10232,6.8462,79.9448
Nugegoda,10250,6.8735,79.8899
Maharagama,10280,6.848,79.9265
Boralesgamuwa,10290,6.8382,79.9104
Piliyandala,10300,6.7999,79.9249
Deltara,10302,6.7841,79.9117
Siddamulla,10304,6.8232,79.9586
Madapatha,10306,6.768,79.929
Polgasowita,10320,6.7865,79.9657
Dehiwala,10350,6.8523,79.8656
Mount Lavinia,10370,6.8339,79.8644
Moratuwa,10400,6.773,79.8816
Padukka,10500,6.8408,80.0897
Horagala,10502,6.8107,80.0466
Meegoda,10504,6.8479,80.0484
Kahawala,10508,6.7772,80.1057
Watareka,10511,6.8509,80.064
Batawala,10513,6.878,80.0472
Bope,10522,6.832,80.1314
Handapangoda,10524,6.7939,80.1441
Batugampola,10526,6.7758,80.1344
Kolonnawa,10600,6.9329,79.8848
Mulleriyawa New Town,10620,6.9287,80.0478
Kaduwela,10640,6.9339,79.982
Hanwella,10650,6.9086,80.0796
Ranala,10654,6.9144,80.032
Dedigamuwa,10656,6.8905,80.027
Waga,10680,6.9019,80.1236
Tummodara,10682,6.9019,80.1236
Avissawella,10700,6.953,80.2075
Napawela,10704,6.953,80.2075
Puwakpitiya,10712,7.0331,80.0722
Hewainna,10714,7.0999,80.0944
Kalatuwawa,10718,7.1667,80.1167
Kosgama,10730,6.9404,80.1276
Akarawita,10732,6.9459,80.1114
Slave lsland,200,7.3267,80.5226
Galle,80000,6.0367,80.217
Wakwella,80042,6.0949,80.2026
Anangoda,80044,6.0663,80.2468
Walahanduwa,80046,6.0568,80.2475
Ankokkawala,80048,6.0471,80.2902
Gonamulla Junction,80054,6.0647,80.3013
Hiyare,80056,6.0647,80.3013
Talagampola,80058,6.0647,80.3013
Kottawagama,80062,6.1439,80.3353
Nakiyadeniya,80064,6.1439,80.3353
Udugama,80070,6.2211,80.3336
Panangala,80075,6.2628,80.3223
Hiniduma,80080,6.3126,80.3116
Neluwa,80082,6.3757,80.3604
Warukandeniya,80084,6.3834,80.4182
Pannimulla Panagoda,80086,6.3572,80.3634
Akmeemana,80090,6.1818,80.3036
Meda-Keembiya,80092,6.1818,80.3036
Wanduramba,80100,6.1305,80.2521
Yatalamatta,80107,6.1619,80.2766
Udalamatta,80108,6.1828,80.2952
Nagoda,80110,6.1958,80.2742
Mapalagama,80112,6.2307,80.3254
Parana ThanaYamgoda,80114,6.2133,80.2998
Mapalagama Central,80116,6.2133,80.2998
Wanchawela,80120,6.0359,80.3156
Angulugaha,80122,6.0359,80.3156
lmaduwa,80130,6.1265,80.4898
Hawpe,80132,6.1265,80.4898
Ihala Walpola,80134,6.1265,80.4898
Kananke Bazaar,80136,6.1265,80.4898
Opatha,80142,6.3587,80.1412
Banagala,80143,6.2882,80.2376
Malgalla Talangalla,80144,6.3285,80.2408
Halvitigala Colony,80146,6.3285,80.2408
Tawalama,80148,6.3387,80.3437
Yakkalamulla,80150,6.1098,80.3454
Karagoda,80151,6.0931,80.3781
Magedara,80152,6.1036,80.4062
Uluvitike,80168,6.1763,80.3065
Poddala,80170,6.112,80.2105
Baddegama,80200,6.1652,80.1782
Ampegama,80204,6.1916,80.1463
Agaliya,80212,6.193,80.2006
Unenwitiya,80214,6.2456,80.2234
Weihena,80216,6.2982,80.2463
Ginimellagaha,80220,6.1438,80.159
Gonapinuwala,80230,6.1458,80.1384
Hikkaduwa,80240,6.1407,80.1012
Tiranagama,80244,6.1282,80.1245
Dodanduwa,80250,6.0962,80.1351
Ratgama,80260,6.0941,80.1429
Boossa,80270,6.0733,80.1577
Gintota,80280,6.0559,80.1774
Ambalangoda,80300,6.2355,80.0538
Godahena,80302,6.2393,80.0752
Kahawa,80312,6.1832,80.0734
Nindana,80318,6.2033,80.103
Batapola,80320,6.2216,80.1254
Kuleegoda,80328,6.2216,80.1254
Meetiyagoda,80330,6.1915,80.0895
Aluthwala,80332,6.1776,80.1386
Watugedara,80340,6.2545,80.0576
Uragasmanhandiya,80350,6.3429,80.0927
Uragaha,80352,6.3589,80.1181
Rantotuwila,80354,6.3847,80.097
Karandeniya,80360,6.2704,80.0794
Elpitiya,80400,6.2908,80.1626
Ella Tanabaddegama,80402,6.2899,80.1978
Talgaspe,80406,6.3081,80.1985
Porawagama,80408,6.2707,80.2324
Nawadagala,80416,6.3113,80.1333
Pitigala,80420,6.3517,80.2162
Amugoda,80422,6.3205,80.2173
Mattaka,80424,6.3041,80.2522
lhalahewessa,80432,6.2995,80.1968
Ganegoda,80440,6.3223,80.1516
Ethkandura,80458,6.2995,80.1968
Kahaduwa,80460,6.2159,80.2072
Talgaswela,80470,6.2995,80.1968
Bentota,80500,6.4254,79.9948
Gonagalpura,80502,6.4015,80.0291
Haburugala,80506,6.4001,80.0361
Miriswatta,80508,6.379,80.0563
lnduruwa,80510,6.3557,80.0304
Balapitiya,80550,6.278,80.0366
Ahungalla,80562,6.3136,80.0322
Kosgoda,80570,6.338,80.0262
Unawatuna,80600,6.0212,80.2503
Talpe,80615,5.9999,80.2787
Habaraduwa,80630,5.9977,80.2958
Ahangama,80650,5.9896,80.3598
Dikkumbura,80654,6.0116,80.3729
Pugoda,10660,6.9911,80.1197
Kapugoda,10662,6.9504,80.0916
Tittapattara,10664,6.9345,80.0902
Gampaha,11000,7.0897,79.9925
Ragama,11010,7.0292,79.917
Batuwatta,11011,7.0527,79.9266
Walpola (WP),11012,7.041,79.9218
Ganemulla,11020,7.0652,79.963
Bollete (WP),11024,7.0652,79.963
Udugampola,11030,7.1167,79.9833
Madelgamuwa,11033,7.1116,79.953
Uggalboda,11034,7.1273,79.9563
Bemmulla,11040,7.1229,80.0239
Pethiyagoda,11043,7.1229,80.0239
Ambagaspitiya,11052,7.0821,80.0616
Udathuthiripitiya,11054,7.0716,80.0333
Mudungoda,11056,7.061,80.0049
Mandawala,11061,7.0188,80.083
Lunugama,11062,6.9714,80.0933
Naranwala,11063,7.0006,80.0245
Nedungamuwa,11066,7.0393,80.0197
Wanaluwewa,11068,7.0075,80.0551
Veyangoda,11100,7.1535,80.0597
Dewalapola,11102,7.1659,79.9905
Wattala,11104,6.9779,79.8898
Kumbaloluwa,11105,7.1763,80.0827
Essella,11108,7.1773,80.0123
Muddaragama,11112,7.2077,80.0545
Mabodale,11114,7.1981,80.0166
Ellakkala,11116,7.144,80.1241
Attanagalla,11120,7.1152,80.1341
Alawala,11122,7.1202,80.1815
Urapola,11126,7.0987,80.143
Nikahetikanda,11128,7.0951,80.1689
Rukmale,11129,7.4074,80.0869
Bopagama,11134,7.0742,80.1501
Ruggahawila,11142,7.0725,80.115
Kahatowita,11144,7.0725,80.115
Walgammulla,11146,7.0725,80.115
Pallewela,11150,7.2,80.0833
Kaleliya,11160,7.195,80.1136
Mirigama,11200,7.2439,80.1212
Loluwagoda,11204,7.2959,80.1346
Kitalawalana,11206,7.2965,80.1001
Divuldeniya,11208,7.3028,80.0957
Ambepussa,11212,7.2507,80.1723
Pamunuwatta,11214,7.2127,80.1375
Bokalagama,11216,7.2317,80.1549
Nawana,11222,7.2638,80.1012
Kaluaggala,11224,6.9173,80.1109
Walpita,11226,7.2601,80.0493
Delwagura,11228,7.2661,79.9936
Kotadeniyawa,11232,7.2844,80.0625
Mellawagedara,11234,7.2844,80.0625
Kitulwala,11242,7.5034,80.5318
Banduragoda,11244,7.2266,80.0544
Divulapitiya,11250,7.224,80.0094
Marandagahamula,11260,7.2405,79.9723
Hunumulla,11262,7.2453,79.9974
Dunagaha,11264,7.2256,79.9685
Ihala Madampella,11265,7.2507,79.9509
Demanhandiya,11270,7.2282,79.8964
Kandana,11320,7.048,79.8937
Polpithimukulana,11324,7.045,79.8781
Uswetakeiyawa,11328,7.0421,79.8624
Ja-Ela,11350,7.0744,79.8919
Niwandama,11354,7.0815,79.9308
Makewita,11358,7.1023,79.9313
Pamunugama,11370,7.1006,79.8481
Ekala,11380,7.099,79.913
Kotugoda,11390,7.1231,79.9263
Raddolugama,11400,7.1371,79.9034
Seeduwa,11410,7.1305,79.8871
Katunayake(FTZ),11420,7.144,79.8887
Katunayake Air Force Camp,11440,7.144,79.8887
Katunayake,11450,7.1643,79.8757
Negombo,11500,7.2083,79.8358
Talahena,11504,7.1624,79.8246
Kimbulapitiya,11522,7.2036,79.895
Dagonna,11524,7.2219,79.9279
Katuwellegama,11526,7.2234,79.9383
Thimbirigaskatuwa,11532,7.2715,79.9484
Katana,11534,7.2503,79.8957
Akaragama,11536,7.2666,79.9652
Badalgama,11538,7.2976,79.9844
Kochchikade,11540,7.2657,79.8603
Minuwangoda,11550,7.1663,79.9533
Andiambalama,11558,7.1818,79.9001
Wegowwa,11562,7.1715,79.9665
Horampella,11564,7.1715,79.9665
Yatiyana(WP),11566,7.1715,79.9665
Hinatiyana Madawala,11568,7.1715,79.9665
Kelaniya,11600,6.9553,79.922
Siyambalape,11607,6.9707,79.9875
Heiyanthuduwa,11618,6.9618,80.0025
GonawalaWP,11630,6.9618,80.0025
Makola,11640,6.9769,79.958
Biyagama,11650,6.9423,79.9842
Malwana,11670,6.9414,80.021
Biyagama IPZ,11672,6.9414,80.021
Dompe,11680,6.9503,80.051
Dekatana,11690,6.9694,80.0481
Demalagama,11692,6.9879,80.0483
Delgoda,11700,6.9909,80.008
Weliveriya,11710,7.0177,80.0488
Henegama,11715,7.0177,80.0488
Buthpitiya,11720,7.0491,80.0514
Wathurugama,11724,7.0406,80.0713
Radawana,11725,7.0321,80.0912
Kirindiwela,11730,7.0417,80.1282
Hiswella,11734,7.0417,80.1282
Pepiliyawala,11741,6.9982,80.1286
Mithirigala,11742,6.9982,80.1286
Peliyagoda,11830,6.9685,79.8836
Kadawatha,11850,7.0276,79.993
Imbulgoda,11856,7.0376,79.9913
Weboda,11858,7.0176,79.9946
Yakkala,11870,7.0869,80.0271
Kalagedihena,11875,7.1185,80.0563
Nittambuwa,11880,7.1426,80.0938
Debahera,11889,7.1426,80.0938
Pasyala,11890,7.1666,80.1219
Radawadunna,11892,7.1785,80.1409
Weweldeniya,11894,7.184,80.1466
Danowita,11896,7.207,80.1769
Hambantota,82000,6.1241,81.1185
Bundala,82002,6.1899,81.267
Weligatta,82004,6.2049,81.1976
Bandagiriya Colony,82005,6.1903,81.1721
Gonnoruwa,82006,6.2423,81.1053
Pahala Andarawewa,82008,6.1903,81.1721
Sooriyawewa Town,82010,6.1903,81.1721
Migahajandur,82014,6.1903,81.1721
Mahagalwewa,82016,6.1903,81.1721
Ranmuduwewa,82018,6.1903,81.1721
Ambalantota,82100,6.1196,81.0214
Beragama,82102,6.1493,81.0413
RU/Ridiyagama,82106,6.1344,81.0028
Lunama,82108,6.1074,80.9783
Mamadala,82109,6.1614,80.9701
Barawakumbuka,82110,6.2231,80.9308
Hungama,82120,6.1087,80.9309
Ranna,82125,6.0985,80.8807
Kahandamodara,82126,6.0705,80.8958
Netolpitiya,82135,6.0634,80.8363
Tangalla,82200,6.024,80.7911
Angunakolapelessa,82220,6.164,80.8913
Vitharandeniya,82232,6.1781,80.7994
Weeraketiya,82240,6.151,80.7643
Mulkirigala,82242,6.1315,80.7305
Wekandawela,82246,6.1423,80.776
Hakuruwela,82248,6.1443,80.8332
Julampitiya,82252,6.2212,80.7383
Medamulana,82254,6.1783,80.7692
Middeniya,82270,6.2502,80.7634
Kariyamaditta,82274,6.2554,80.8254
Ratmalwala,82276,6.2686,80.85
Uswewa,82278,6.2475,80.8628
Nakulugamuwa,82300,6.1905,80.9357
Beliatta,82400,6.0496,80.7325
Goda Koggalla,82401,6.0496,80.7325
Ihala Beligalla,82412,6.0947,80.7411
Nihiluwa,82414,6.0833,80.7
Modarawana,82416,6.1257,80.7112
Yatigala,82418,6.1056,80.692
Getamanna,82420,6.0333,80.6833
Walasmulla,82450,6.1521,80.6941
Pallekanda,82454,6.4572,80.7187
Horewelagoda,82456,6.3047,80.7064
Bowalagama,82458,6.3047,80.7064
Ittademaliya,82462,6.1565,80.7256
Katuwana,82500,6.2683,80.6971
Uda Gomadiya,82504,6.2683,80.6971
Kirama,82550,6.2098,80.6632
Rammalawarapitiya,82554,6.2098,80.6632
Gangulandeniya,82586,6.2833,80.7182
Tissamaharama,82600,6.2765,81.2865
Gonagamuwa Uduwila,82602,6.2466,81.2933
Magama,82608,6.2167,81.3
Ranakeliya,82612,6.2187,81.322
Kirinda,82614,6.2186,81.3256
Weerawila NewTown,82615,6.2782,81.2872
Beralihela,82618,6.3391,81.2571
Ellagala,82619,6.3362,81.2441
Kawantissapura,82622,6.2908,81.2463
Weerawila,82632,6.2594,81.2164
Lunugamwehera,82634,6.3434,81.2001
Padawkema,82636,6.3599,81.1778
Udamattala,82638,6.3391,81.1337
Jaffna,40000,9.6684,80.0074
Kegalle,71000,7.2523,80.3436
Deldeniya,71009,7.2863,80.3626
Hiriwadunna,71014,7.287,80.3783
Molagoda,71016,7.2578,80.3819
Deewala Pallegama,71022,7.2393,80.2857
Yattogoda,71029,7.2393,80.2857
Damunupola,71034,7.1813,80.3339
Watura,71035,7.1845,80.3794
Debathgama,71037,7.1807,80.4251
Pothukoladeniya,71039,7.1822,80.3795
Aruggammana,71041,7.1305,80.2991
Beligala(Sab),71044,7.2189,80.3017
Helamada,71046,7.3073,80.3043
Dewalegama,71050,7.2801,80.3186
Imbulgasdeniya,71055,7.3101,80.3161
Nelundeniya,71060,7.2267,80.2728
Tuntota,71062,7.4944,79.9094
Mahapallegama,71063,7.3605,80.0911
Rambukkana,71100,7.3164,80.3906
Parape,71105,7.3667,80.4167
Thotawella,71106,7.3563,80.3983
Hewadiwela,71108,7.3858,80.3878
Udagaldeniya,71113,7.3511,80.3511
Dombemada,71115,7.3798,80.3469
Yatagama,71116,7.3224,80.3552
Pattampitiya,71130,7.3124,80.4339
Undugoda,71200,7.1456,80.3633
Kabagamuwa,71202,7.1335,80.3389
Alawatura,71204,7.1259,80.3246
Bossella,71208,7.1471,80.3992
Hettimulla,71210,7.2094,80.358
Maharangalla,71211,7.2094,80.358
Morontota,71220,7.173,80.3612
Gantuna,71222,7.173,80.3612
Bulathkohupitiya,71230,7.1032,80.3344
Ampagala,71232,7.0673,80.2955
Wegalla,71234,7.0967,80.3041
Udapotha,71236,7.0821,80.3759
Dedugala,71237,7.0991,80.4016
Ruwanwella,71300,7.0427,80.2517
Wahakula,71303,7.0593,80.2084
Waharaka,71304,7.096,80.1878
Galpatha(Sab),71312,7.0494,80.2324
Imbulana,71313,7.0632,80.2544
Lewangama,71315,7.0494,80.2324
Gonagala,71318,7.0356,80.2104
Amitirigala,71320,7.0273,80.1836
Batuwita,71321,7.0537,80.1701
Malmaduwa,71325,7.1364,80.2738
Yatapana,71326,7.1369,80.3068
Galigamuwa Town,71350,7.2032,80.2956
Hakahinna,71352,7.2032,80.2956
Pitagaldeniya,71360,7.1453,80.2839
Atale,71363,7.1453,80.2839
Kotiyakumbura,71370,7.1238,80.2864
Kannattota,71372,7.0805,80.2794
Dehiowita,71400,6.9776,80.2624
Deloluwa,71401,6.9582,80.3174
Anhettigama,71403,6.9221,80.374
Noori,71407,6.9558,80.396
Maliboda,71411,6.8886,80.4285
Hinguralakanda,71417,6.9154,80.2972
Boralankada,71418,6.9721,80.3285
Deraniyagala,71430,6.9314,80.3352
Miyanawita,71432,6.9037,80.35
Mawanella,71500,7.2519,80.4453
Kondeniya,71501,7.265,80.433
Ambulugala,71503,7.2376,80.4168
Galatara,71505,7.2167,80.4167
Makehelwala,71507,7.2825,80.4736
Alutnuwara,71508,7.2333,80.4667
Ussapitiya,71510,7.2162,80.4483
Hingula,71520,7.2457,80.4664
Udumulla,71521,7.454,80.3993
Dewanagala,71527,7.2159,80.4704
Hemmatagama,71530,7.1736,80.5002
Kehelpannala,71533,7.1664,80.5187
Aranayaka,71540,7.1509,80.4614
Talgaspitiya,71541,7.1647,80.4793
Ambalakanda,71546,7.1366,80.4524
Warakapola,71600,7.2226,80.1887
Dorawaka,71601,7.1839,80.2198
Niyadurupola,71602,7.1665,80.2189
Galapitamada,71603,7.1374,80.2333
Dunumala,71605,7.1746,80.2058
Algama,71607,7.1627,80.1681
Tulhiriya,71610,7.2699,80.2256
Bopitiya (SAB),71612,7.2523,80.2248
Tholangamuwa,71619,7.2347,80.2239
Weragala,71622,7.138,80.2568
Yatiyantota,71700,7.0279,80.2946
Weeoya,71702,7.0549,80.3693
Malalpola,71704,7.0579,80.3419
Berannawa,71706,7.0676,80.4123
Seaforth Colony,71708,7.0663,80.4283
Welihelatenna,71712,7.0281,80.3348
Hakbellawaka,71715,7.0281,80.3348
Migastenna Sabara,71716,7.0281,80.3348
Kitulgala,71720,6.9966,80.4068
Mahabage,71722,7.0225,80.4333
Teligama,71724,7.0079,80.3798
Kurunegala,60000,7.4863,80.3623
Kudagalgamuwa,60003,7.5351,80.3321
Minhettiya,60004,7.584,80.3018
Doratiyawa,60013,7.4578,80.383
Indulgodakanda,60016,7.4253,80.4084
Demataluwa,60024,7.5219,80.2898
Ithanawatta,60025,7.4478,80.3475
Boyagane,60027,7.4501,80.3415
Kohilagedara,60028,7.4141,80.3659
Kosgolla,60029,7.4052,80.3927
Hindagolla,60034,7.484,80.4118
Ambakote,60036,7.492,80.4532
Morathiha,60038,7.5073,80.4875
Ridigama,60040,7.5473,80.4963
Delwite,60044,7.5102,80.5211
Iriyagolla,60045,7.4731,80.5458
Alawatuwala,60047,7.5102,80.5211
Panagamuwa,60052,7.5551,80.4577
Pihimbuwa,60053,7.4607,80.5171
Kanadeniyawala,60054,7.4382,80.541
Pilessa,60058,7.4546,80.4141
Mawathagama,60060,7.4086,80.3091
Kahapathwala,60062,7.2934,80.4557
Inguruwatta,60064,7.1783,80.6023
Meetanwala,60066,7.2934,80.4557
Puswelitenna,60072,7.3746,80.3664
Anhandiya,60074,7.262,80.2651
Buluwala,60076,7.4873,80.4676
Weuda,60080,7.4104,80.4814
Uhumiya,60094,7.463,80.2924
Kalugamuwa,60096,7.4498,80.2614
Narammala,60100,7.4337,80.1971
Karagahagedara,60106,7.4996,80.0548
Bogamulla,60107,7.4666,80.126
Lonahettiya,60108,7.4666,80.126
Pahamune,60112,7.4774,80.1961
Metiyagane,60121,7.3972,80.1745
Muruthenge,60122,7.3972,80.1745
Dambadeniya,60130,7.3633,80.1653
Ihala Katugampala,60135,7.3633,80.1653
Giriulla,60140,7.3211,80.1235
Narangoda,60152,7.3753,80.0813
Bopitiya,60155,7.3191,80.0824
Elibichchiya,60156,7.3146,80.0516
Pannala,60160,7.333,80.0329
Labbala,60162,7.3423,80.079
Gonawila,60170,7.3204,79.9974
Daraluwa,60174,7.3573,79.9829
Sandalankawa,60176,7.3389,79.9901
Horambawa,60181,7.4475,80.1819
Alahitiyawa,60182,7.4741,80.1709
Kekunagolla,60183,7.4939,80.1697
Kirimetiyawa,60184,7.5104,80.136
Nakkawatta,60186,7.4541,80.1358
Kithalawa,60188,7.476,80.1589
Wewagama,60195,7.4167,80.1
Walakumburumulla,60198,7.4217,80.0119
Kuliyapitiya,60200,7.4688,80.0401
Yakwila,60202,7.3843,80.0355
Wadumunnegedara,60204,7.4073,79.9731
Welpalla,60206,7.4374,80.0554
Thalahitimulla,60208,7.428,80.0194
Madakumburumulla,60209,7.442,79.993
Ihala Gomugomuwa,60211,7.5135,80.0754
Kirindawa,60212,7.4982,80.0977
Anukkane,60214,7.5013,80.1123
Munamaldeniya,60218,7.5469,80.0652
Magulagama,60221,7.5413,80.0941
Nagollagoda,60226,7.5255,80.0643
Tharana Udawela,60227,7.5255,80.0643
Deegalla,60228,7.5097,80.0346
llukhena,60232,7.5477,79.9797
Padiwela,60236,7.5477,79.9797
lhala Kadigamuwa,60238,7.5477,79.9797
Welipennagahamulla,60240,7.4328,79.9253
Udubaddawa,60250,7.4759,79.9655
Dummalasuriya,60260,7.4893,79.8925
Watuwatta,60262,7.5241,79.9193
Etungahakotuwa,60266,7.5209,79.9716
Alawwa,60280,7.2971,80.2343
Wennoruwa,60284,7.3646,80.2183
Maharachchimulla,60286,7.3434,80.2082
Keppitiwalana,60288,7.326,80.1821
Bujjomuwa,60291,7.4558,80.0511
Nawatalwatta,60292,7.4558,80.0511
Polgahawela,60300,7.3381,80.3003
Metikumbura,60304,7.359,80.3139
Talawattegedara,60306,7.3816,80.2989
Aragoda,60308,7.3573,80.3425
Panaliya,60312,7.3391,80.335
Yatigaloluwa,60314,7.3315,80.2633
Wadakada,60318,7.399,80.2641
Pothuhera,60330,7.4214,80.3303
Maspotha,60344,7.8667,80.2167
Bamunukotuwa,60347,7.8667,80.2167
Panadaragama,60348,7.8667,80.2167
Katupota,60350,7.537,80.1899
Moragane,60354,7.5501,80.1406
Kosdeniya,60356,7.5724,80.1397
Wariyapola,60400,7.6177,80.245
Wellagala,60402,7.6176,80.2815
Malagane,60404,7.6608,80.2839
Minuwangete,60406,7.7167,80.25
Mirihanagama,60408,7.6532,80.2651
Kobeigane,60410,7.6569,80.1307
Hengamuwa,60414,7.7,80.1
Alahengama,60416,7.6784,80.1154
Kanattewewa,60422,7.6167,80.2
Bandara Koswatta,60424,7.6095,80.1721
Tuttiripitigama,60426,7.6023,80.1442
Hettipola,60430,7.6033,80.0752
Mandapola,60434,7.6338,80.1061
Sunandapura,60436,7.6377,80.0637
Boraluwewa,60437,7.6833,80.05
Kuratihena,60438,7.6304,80.0235
Pihimbiya Ratmale,60439,7.6377,80.0637
Halmillawewa,60441,7.5963,80.0034
Bingiriya,60450,7.6004,79.9345
Tisogama,60453,7.6049,79.9443
Weerapokuna,60454,7.6476,79.9904
Wellarawa,60456,7.5666,79.908
Hiruwalpola,60458,7.6049,79.9443
Padeniya,60461,7.6556,80.2223
Awulegama,60462,7.6556,80.2223
Welawa Juncton,60464,7.6556,80.2223
Wannigama,60465,7.6556,80.2223
Nikaweratiya,60470,7.7503,80.1159
Divullegoda,60472,7.75,80.2
Hulogedara,60474,7.7833,80.1833
Thimbiriyawa,60476,7.7667,80.1333
Hulugalla,60477,7.7825,80.1378
Sirisetagama,60478,7.7777,80.1506
Mahagirilla,60479,7.8333,80.1333
Nabadewa,60482,7.6833,80.0667
Kotawehera,60483,7.7911,80.1023
Meewellawa,60484,7.85,80.15
Digannewa,60485,7.8811,80.1092
Hilogama,60486,7.75,80.0833
Wannirasnayakapura,60490,7.6851,80.1541
Kadigawa,60492,7.715,79.9896
Monnekulama,60495,7.8333,80.0667
Torayaya,60499,7.5069,80.4061
lbbagamuwa,60500,7.5979,80.457
Kirindigalla,60502,7.5617,80.4807
Kumbukwewa,60506,7.6342,80.4333
Kumbukgeta,60508,7.5979,80.457
Maeliya,60512,7.7411,80.4169
Makulpotha,60514,7.7422,80.4467
Mahamukalanyaya,60516,7.7417,80.4318
Periyakadneluwa,60518,7.7417,80.4318
Gokaralla,60522,7.6539,80.4367
Dodangaslanda,60530,7.5729,80.5377
Maduragoda,60532,7.5729,80.5377
Melsiripura,60540,7.6442,80.5095
Diddeniya,60544,7.6729,80.4793
Hiriyala Lenawa,60546,7.6668,80.4796
Kimbulwanaoya,60548,7.6668,80.4796
Nelliya,60549,7.6833,80.45
Madahapola,60552,7.7061,80.4964
Pansiyagama,60554,7.7061,80.4964
Panliyadda,60558,7.7061,80.4964
Wellawa,60570,7.5556,80.3728
Thalwita,60572,7.583,80.3667
Makulwewa,60578,7.6103,80.3607
Nikadalupotha,60580,7.6097,80.3925
Hunupola,60582,7.6097,80.3925
Thambagalla,60584,7.6097,80.3925
Nagollagama,60590,7.7667,80.3
Maho,60600,7.8228,80.2778
Karambe,60602,7.7833,80.3333
Balalla,60604,7.8,80.25
Ridibendiella,60606,7.802,80.287
Medivawa,60612,7.7498,80.3762
Polpitigama,60620,7.8142,80.4042
Ulpotha Pallekele,60622,7.8071,80.4188
Thalakolawewa,60624,7.8,80.4333
Konwewa,60630,7.6833,80.4167
Moragollagama,60640,7.75,80.3
Siyambalangamuwa,60646,7.6734,80.4748
Ambanpola,60650,7.6214,80.4958
Galgamuwa,60700,7.9965,80.2675
Palukadawala,60704,7.947,80.2811
Ataragalla,60706,7.9718,80.2743
Gallewa,60712,7.9645,80.3232
Makulewa,60714,8.0987,80.3427
Ehetuwewa,60716,7.9334,80.34
Embogama,60718,7.915,80.3626
Wannikudawewa,60721,8.0107,80.2979
Wannilhalagama,60722,8.0107,80.2979
Mahananneriya,60724,8.0107,80.2979
Mahagalkadawala,60731,8.0617,80.2936
Usgala Siyabmalangamuwa,60732,8.0862,80.2271
Tambutta,60734,8.0806,80.2311
Pahalagiribawa,60735,8.0862,80.2271
Saliya Asokapura,60736,8.0862,80.2271
Solepura,60737,8.0862,80.2271
Solewewa,60738,8.0862,80.2271
Warawewa,60739,8.1162,80.1565
Meegalawa,60750,7.9935,80.381
Girathalana,60752,7.9935,80.381
Kudakatnoruwa,60754,7.9935,80.381
Kalutara,12000,6.5831,79.9593
Galpatha,12005,6.6053,79.9971
Yatawara Junction,12006,6.6053,79.9971
Koholana,12007,6.6189,80.0219
Bolossagama,12008,6.6053,79.9971
Remunagoda,12009,6.6138,80.01
Gamagoda,12016,6.5909,80.0083
Dodangoda,12020,6.5531,80.0223
Bombuwala,12024,6.5721,80.0096
Tebuwana,12025,6.5829,80.0466
Neboda,12030,6.5891,80.084
Paiyagala,12050,6.5075,80.0276
Halkandawila,12055,6.5075,80.0276
Maggona,12060,6.5041,79.9811
Beruwala,12070,6.4788,79.9828
Padagoda,12074,6.4526,80.0096
Kalawila Kiranthidiya,12078,6.4657,79.9962
Alutgama,12080,6.4394,79.9895
Dharga Town,12090,6.424,80.0631
Meegama,12094,6.424,80.0631
Matugama,12100,6.5204,80.1128
Yatadolawatta,12104,6.5273,80.0631
Nawattuduwa,12106,6.5042,80.0934
Welipenna,12108,6.465,80.1043
Walagedara,12112,6.4485,80.078
Pannila,12114,6.4399,80.1029
Ittapana,12116,6.4217,80.0884
Halwala,12118,6.4137,80.1097
Paraigama,12122,6.4052,80.1253
Yagirala,12124,6.3846,80.1605
Mahakalupahana,12126,6.3949,80.1429
Utumgama,12127,6.3949,80.1429
Meegahatenna,12130,6.4394,80.1971
Walallawita,12134,6.3615,80.1931
Polgampola,12136,6.4681,80.1924
Pelawatta,12138,6.4089,80.2166
Boralugoda,12142,6.4336,80.2842
Pahalahewessa,12144,6.4336,80.2842
Danawala Thiniyawala,12148,6.4336,80.2842
Agalawatta,12200,6.5422,80.1583
Veyangalla,12204,6.5422,80.1583
Mahagama,12210,6.6167,80.1667
Pelanda,12214,6.6011,80.2322
Molkawa,12216,6.609,80.233
Kelinkanda,12218,6.5777,80.2969
Kitulgoda,12222,6.4996,80.1807
Bellana,12224,6.5237,80.1765
Baduraliya,12230,6.5084,80.2329
Morapitiya,12232,6.5352,80.263
Hedigalla Colony,12234,6.5218,80.248
Gurulubadda,12236,6.5218,80.248
Bulathsinhala,12300,6.6744,80.1934
Paragoda,12302,6.6109,80.2243
Delmella,12304,6.6881,80.2057
Halwatura,12306,6.6992,80.1914
Diwalakada,12308,6.6994,80.1521
Govinna,12310,6.6743,80.1159
Anguruwatota,12320,6.6383,80.0861
Uduwara,12322,6.6167,80.0667
Horana,12400,6.7159,80.0626
Pokunuwita,12404,6.7266,80.0369
Gonapola Junction,12410,6.6927,80.0326
Millaniya,12412,6.6927,80.0326
Paragastota,12414,6.6685,79.9919
Dombagoda,12416,6.6476,80.0471
Kananwila,12418,6.762,80.0589
Millewa,12422,6.7834,80.0625
Miwanapalana,12424,6.7448,80.0922
Kuda Uduwa,12426,6.7662,80.0784
Kandanagama,12428,6.7648,80.0777
Poruwedanda,12432,6.7373,80.1178
lngiriya,12440,6.728,80.0609
Panadura,12500,6.7132,79.9026
Alubomulla,12524,6.7085,79.9489
Bandaragama,12530,6.7144,79.988
Welmilla Junction,12534,6.7072,80.0107
Haltota,12538,6.7,80.0333
Kehelwatta,12550,6.7517,79.9075
Wadduwa,12560,6.6686,79.9253
Morontuduwa,12564,6.6594,79.9726
Waskaduwa,12580,6.6355,79.9472
Kandy,20000,7.2955,80.6356
Halloluwa,20032,7.2031,80.3386
Yatihalagala,20034,7.2932,80.5982
lhala Kobbekaduwa,20042,7.3154,80.5887
Sangarajapura,20044,7.3154,80.5887
Kulugammana,20048,7.3154,80.5887
Uduwa,20052,7.3637,80.4845
Hataraliyadda,20060,7.3369,80.4658
Aludeniya,20062,7.3686,80.4672
Dedunupitiya,20068,7.3353,80.4313
Nugawela,20072,7.3333,80.6
Werellagama,20080,7.3167,80.5833
Pallekotuwa,20084,7.3373,80.5663
Kumburegama,20086,7.358,80.5493
Harankahawa,20092,7.4012,80.5289
Udahingulwala,20094,7.4012,80.5289
Gallellagama,20095,7.4012,80.5289
Galagedara,20100,7.373,80.5206
Poholiyadda,20106,7.3472,80.5208
Wettawa,20108,7.3526,80.5147
Minigamuwa,20109,7.3376,80.5026
Pujapitiya,20112,7.3742,80.586
Pattiya Watta,20118,7.3742,80.586
Medawala Harispattuwa,20120,7.3449,80.6814
Dolapihilla,20126,7.3899,80.5794
Rambukwella,20128,7.3,80.7833
Batugoda,20132,7.362,80.5891
Watagoda Harispattuwa,20134,7.356,80.6051
Ambatenna,20136,7.3501,80.6211
Alawatugoda,20140,7.4042,80.6087
Wilanagama,20142,7.4042,80.6087
Ankumbura,20150,7.4333,80.5667
Galhinna,20152,7.4162,80.5639
Batagolladeniya,20154,7.4173,80.5617
Ampitiya,20160,7.2715,80.656
Uduwela,20164,7.2754,80.6697
Tennekumbura,20166,7.2809,80.6531
Kundasale,20168,7.2737,80.7001
Menikhinna,20170,7.3184,80.6995
Lunuketiya Maditta,20172,7.3332,80.7127
Naranpanawa,20176,7.3481,80.7259
Rajawella,20180,7.2959,80.7361
Gomagoda,20184,7.3245,80.7313
Kengalla,20186,7.2945,80.711
Gurudeniya,20189,7.2642,80.6859
Nattarampotha,20194,7.3022,80.6762
Pilawala,20196,7.3022,80.6762
Ketawala Leula,20198,7.3022,80.6762
Talatuoya,20200,7.2507,80.6899
Etulgama,20202,7.2425,80.6687
Nugaliyadda,20204,7.2291,80.6889
Kapuliyadde,20206,7.2408,80.6825
Marassana,20210,7.2251,80.7352
Kolabissa,20212,7.2278,80.7174
Godamunna,20214,7.2305,80.6995
Mahamedagama,20216,7.2278,80.7174
Bawlana,20218,7.2278,80.7174
Murutalawa,20232,7.2928,80.572
Yahalatenna,20234,7.2928,80.572
Polgolla,20250,7.3308,80.6461
Madawala Bazaar,20260,7.2574,80.6715
Gunnepana,20270,7.2574,80.6715
Kadugannawa,20300,7.2547,80.5242
Ketakumbura,20306,7.2103,80.5795
Balana,20308,7.2706,80.4832
Peradeniya,20400,7.2622,80.5841
Uda Peradeniya,20404,7.2622,80.5841
Megoda Kalugamuwa,20409,7.2622,80.5841
Hindagala,20414,7.2333,80.6
Nillambe,20418,7.1513,80.6419
Galaha,20420,7.1979,80.6645
Deltota,20430,7.1944,80.6917
Handawalapitiya,20438,7.1944,80.6917
Hewaheta,20440,7.107,80.7648
Kiribathkumbura,20442,7.107,80.7648
Pilimatalawa,20450,7.2689,80.5441
Wattappola,20454,7.2373,80.5431
Danture,20465,7.2825,80.5352
Menikdiwela,20470,7.2892,80.5041
Handessa,20480,7.2333,80.5833
Leemagahakotuwa,20482,7.2333,80.5833
Gampola,20500,7.1643,80.5696
Udahentenna,20506,7.0969,80.5128
Dolosbage,20510,7.0808,80.4693
Pattitalawa,20511,7.1145,80.4699
Meetalawa,20512,7.0976,80.4696
Hondiyadeniya,20524,7.1049,80.5917
Muruthagahamulla,20526,7.1049,80.5917
Doluwa,20532,7.1794,80.598
Panwilatenna,20544,7.1574,80.6373
Pupuressa,20546,7.1262,80.6692
Ulapane,20562,7.1031,80.5572
Mawatura,20564,7.1,80.5667
Atabage,20574,7.1354,80.6091
Paradeka,20578,7.1123,80.607
Pussellawa,20580,7.1073,80.6322
Weligalla,20610,7.1907,80.5865
Gelioya,20620,7.2157,80.5967
Velamboda,20640,7.0447,80.5235
Bambaragahaela,20644,7.0447,80.5235
Nawalapitiya,20650,7.0534,80.5321
Pasbage,20654,7.035,80.5244
Gonawalapatana,20656,7.035,80.5244
Dekinda,20658,7.0167,80.5167
Mapakanda,20662,7.0243,80.5504
Galaboda,20664,6.9864,80.5295
Weligampola,20666,7.0243,80.5504
Rambukpitiya,20676,7.0359,80.5174
Mailapitiya,20702,7.1998,80.7552
Unuwinna,20708,7.1998,80.7552
Hanguranketha,20710,7.1252,80.7879
Gonagantenna,20712,7.1252,80.7879
Marymount Colony,20714,7.1252,80.7879
Udawatta,20722,7.1727,80.8149
lllagolla,20724,7.1727,80.8149
Rikillagaskada,20730,7.144,80.7834
Ekiriya,20732,7.1474,80.7562
Pallebowala,20734,7.1402,80.7792
Karandagolla,20738,7.1293,80.798
Elamulla,20742,7.0542,80.7792
Mandaram Nuwara,20744,7.0642,80.7844
Maturata,20748,7.0742,80.7897
Katugastota,20800,7.3276,80.6212
Udatalawinna,20802,7.343,80.6463
Wattegama,20810,7.3493,80.6808
Doragamuwa,20816,7.3638,80.6557
Rathukohodigala,20818,7.3566,80.6683
Jambugahapitiya,20822,7.3792,80.6429
Dunuwila,20824,7.3792,80.6429
Makkanigama,20828,7.3792,80.6429
Panvila,20830,7.0665,80.6919
Tawalantenna,20838,7.0665,80.6919
Madulkele,20840,7.3979,80.731
Akurana,20850,7.3667,80.6167
Teldeniya,20900,7.2969,80.7686
Kumbukkandura,20902,7.3147,80.7616
Senarathwela,20904,7.3147,80.7616
Putuhapuwa,20906,7.3325,80.7545
Werapitya,20908,7.3147,80.7616
Wendaruwa,20914,7.3076,80.887
Udispattuwa,20916,7.3076,80.887
Makuldeniya,20921,7.3333,80.7833
Rangala,20922,7.3539,80.7853
Mimure,20923,7.4333,80.8333
Kahataliyadda,20924,7.376,80.8213
Kalugala,20926,7.3833,80.8833
Kobonila,20928,7.376,80.8213
Bopana,20932,7.3,80.9
Uduwahinna,20934,7.2833,80.8917
Madugalla,20938,7.2667,80.8833
Medamahanuwara,20940,7.3,80.85
Mahadoraliyadda,20945,7.3,80.85
Hunnasgiriya,20948,7.3,80.85
Ududumbara,20950,7.3076,80.887
Hasalaka,20960,7.2879,80.9616
Ulpothagama,20965,7.1592,80.9898
Batumulla,20966,7.4167,80.9333
Barawardhana Oya,20967,7.2879,80.9616
Kolongoda,20971,7.3076,80.887
Weragantota,20982,7.3167,80.9833
Minipe,20983,7.2182,80.9775
Handaganawa,20984,7.2833,80.9833
Ambagahapelessa,20986,7.2197,80.9958
Rantembe,20990,7.3076,80.887
Mannar,41000,8.9833,79.9
Matara,81000,5.9485,80.5353
Naimana,81017,6.0249,80.5641
Kekanadurra,81020,6.0249,80.5641
Ratmale,81030,5.9667,80.65
Aparekka,81032,6.0,80.6
Yatiyana,81034,6.0333,80.6
Diyagaha,81038,5.9833,80.5667
Palatuwa,81050,5.9833,80.5167
Sultanagoda,81051,5.9667,80.5
Telijjawila,81060,6.0249,80.5641
Ransegoda,81064,6.0249,80.5641
Makandura,81070,6.1368,80.5568
Mulatiyana Junction,81071,6.1919,80.5697
Gomilamawarala,81072,6.1919,80.5697
Rotumba,81074,6.2469,80.5826
Karagoda Uyangoda,81082,6.0249,80.5641
Nadugala,81092,5.9833,80.5333
Kamburupitiya,81100,6.0833,80.5667
Karaputugala,81106,6.0833,80.6
Horapawita,81108,6.1069,80.5866
Devinuwara (Dondra),81160,5.9319,80.6069
Gandara,81170,5.9333,80.6
Kottegoda,81180,6.0278,80.592
Dikwella,81200,5.9667,80.6833
Walasgala,81220,5.9911,80.7019
Urugamuwa,81230,6.0116,80.6437
Thihagoda,81280,6.0167,80.5667
Puhulwella,81290,6.05,80.6167
Walakanda,81294,6.0333,80.65
Hakmana,81300,6.0836,80.6445
Narawelpita,81302,6.0836,80.6445
Miella,81312,6.1175,80.6797
Denagama,81314,6.1146,80.6606
Radawela,81316,6.1337,80.6142
Karatota,81318,6.0667,80.6667
Deiyandara,81320,6.1446,80.5978
Parapamulla,81322,6.1596,80.6211
Handugala,81326,6.1895,80.6193
Akuressa,81400,6.1007,80.4693
Athuraliya,81402,6.1083,80.4884
Wilpita,81404,6.1041,80.5134
Godapitiya,81408,6.1201,80.4825
Bopagoda,81412,6.1564,80.4872
Urumutta,81414,6.1563,80.5151
Maramba,81416,6.1563,80.5011
Diyalape,81422,6.1215,80.4552
Maliduwa,81424,6.1252,80.4069
Pitabeddara,81450,6.2014,80.4593
Deegala Lenama,81452,6.2223,80.465
Derangala,81454,6.2432,80.4706
Kiriwelkele,81456,6.2223,80.465
Siyambalagoda,81462,6.0667,80.7667
Morawaka,81470,6.2594,80.4889
Pahala Millawa,81472,6.297,80.469
Paragala,81474,6.2328,80.5321
Alapaladeniya,81475,6.2738,80.4557
Dellawa,81477,6.3355,80.4488
Kalubowitiyana,81478,6.3167,80.4
Waralla,81479,6.2739,80.5333
Kotapola,81480,6.296,80.5421
Deniyaya,81500,6.3461,80.5515
Viharahena,81508,6.3664,80.5903
Kiriweldola,81514,6.3679,80.5306
Kolawenigama,81522,6.3235,80.5101
Mediripitiya,81524,6.3392,80.4921
Lankagama,81526,6.355,80.4742
Moragala Kirillapone,81532,6.2886,80.5975
Pothdeniya,81538,6.2886,80.5975
Beralapanathara,81541,6.3412,80.5424
Urubokka,81600,6.3041,80.6312
Dampahala,81612,6.2717,80.631
Bengamuwa,81614,6.2592,80.6012
Pasgoda,81615,6.2654,80.6161
Weligama,81700,5.975,80.4297
Penetiyana,81722,6.0333,80.45
Denipitiya,81730,5.9667,80.45
Mirissa,81740,5.9333,80.45
Kamburugamuwa,81750,5.9486,80.5006
Sewanagala,70250,6.3424,80.7847
Kiriibbanwewa,70252,6.3424,80.7847
Ekamutugama,70254,6.3424,80.7847
Mahagama Colony,70256,6.3424,80.7847
Monaragala,91000,6.8714,81.3487
Pangura,91002,6.9825,81.3244
Nakkala,91003,6.8875,81.2939
Hulandawa,91004,6.8515,81.3427
Wedikumbura,91005,6.8349,81.3879
Marawa,91006,6.8169,81.3743
Obbegoda,91007,6.9242,81.3493
Galabedda,91008,6.9196,81.3805
Dombagahawela,91010,6.9016,81.4425
Ethimalewewa,91020,6.7689,81.4863
Wilaoya,91022,6.8261,81.4907
Kotiyagala,91024,6.7117,81.4818
Siyambalanduwa,91030,6.9067,81.5461
Kandaudapanguwa,91032,6.975,81.5149
Buddama,91038,7.0434,81.4838
Inginiyagala,91040,7.2233,81.541
Nelliyadda,91042,7.2233,81.541
Dambagalla,91050,6.9557,81.367
Mariarawa,91052,6.9754,81.473
Uva Gangodagama,91054,7.0113,81.4147
Ruwalwela,91056,7.0262,81.386
Baduluwela,91058,7.0878,81.4329
Okkampitiya,91060,6.7456,81.3057
Badalkumbura,91070,6.8922,81.2396
Kumbukkana,91098,6.8235,81.3068
Buttala,91100,6.7608,81.2488
Moretuwegama,91108,6.7608,81.2488
Uva Pelwatta,91112,6.7608,81.2488
Warunagama,91198,6.7608,81.2488
Wellawaya,91200,6.7264,81.1046
Siyambalagune,91202,6.8043,81.1386
Randeniya,91204,6.7856,81.109
Weherayaya Handapanagala,91206,6.7721,81.1174
Ettiliwewa,91250,6.682,81.1048
Balaharuwa,91295,6.5716,81.049
Uva Kudaoya,91298,6.5219,81.1228
Tanamalwila,91300,6.4331,81.1285
Angunakolawewa,91302,6.4004,81.0877
Suriara,91306,6.4555,81.0577
Hambegamuwa,91308,6.5331,80.9568
Kotawehera Mankada,91312,6.4555,81.0577
Kataragama,91400,6.4134,81.3346
Sella Kataragama,91405,6.4134,81.3346
Bibile,91500,7.1577,81.2192
Ekiriyankumbura,91502,7.3,81.2167
Pitakumbura,91505,7.1841,81.2816
Nilgala,91508,7.1925,81.3759
Kotagama,91512,7.1236,81.1902
Diyakobala,91514,7.1056,81.2314
Ayiwela,91516,7.1084,81.2411
Nannapurawa,91519,7.0847,81.2629
Medagana,91550,6.9979,81.2821
Kandawinna,91552,6.9979,81.2821
Bakinigahawela,91554,6.9979,81.2821
Mullativu,42000,9.1762,80.5686
Matale,21000,7.4698,80.6217
Alwatta,21004,7.4432,80.662
Udatenna,21006,7.4167,80.65
Leliambe,21008,7.4324,80.6501
Wehigala,21009,7.4,80.6667
Elkaduwa,21012,7.4145,80.6825
Karagahinna,21014,7.3601,80.382
Katudeniya,21016,7.3058,80.0814
Ovilikanda,21020,7.45,80.5667
Dankanda,21032,7.5293,80.6989
Kiwula,21042,7.5193,80.5657
Muwandeniya,21044,7.5167,80.5333
Dunkolawatta,21046,7.5193,80.5657
Walawela,21048,7.5219,80.5981
Udasgiriya,21051,7.5324,80.5774
Dullewa,21054,7.508,80.6003
Melipitiya,21055,7.5492,80.5874
Yatawatta,21056,7.5649,80.5821
Selagama,21058,7.5916,80.5899
Metihakka,21062,7.5368,80.6582
Imbulgolla,21064,7.5716,80.6707
Kaikawala,21066,7.5072,80.6569
Gammaduwa,21068,7.5686,80.6961
Palapathwela,21070,7.6083,80.6595
Kavudupelella,21072,7.5813,80.6267
Madawala Ulpotha,21074,7.6083,80.6595
Opalgala,21076,7.6353,80.6923
Nalanda,21082,7.6606,80.6424
Naula,21090,7.7047,80.6542
Lenadora,21094,7.7519,80.6608
Dambulla,21100,7.86,80.6517
Kandalama,21106,7.8667,80.7167
Erawula Junction,21108,7.8633,80.6842
Kalundawa,21112,7.8,80.7167
Wewalawewa,21114,7.8103,80.6669
Talakiriyagama,21116,7.8206,80.6172
Sigiriya,21120,7.9518,80.7426
Kibissa,21122,7.9412,80.7252
Inamaluwa,21124,7.9314,80.6845
Mahawela,21140,7.5869,80.6072
Akuramboda,21142,7.6467,80.6014
Mananwatta,21144,7.6168,80.6043
Pallepola,21152,7.6246,80.6006
Millawana,21154,7.6503,80.5772
Madipola,21156,7.6833,80.5833
Wahacotte,21160,7.7142,80.5972
Galewela,21200,7.7589,80.5683
Dewahuwa,21206,7.7589,80.5683
Bambaragaswewa,21212,7.7833,80.5333
Beligamuwa,21214,7.7167,80.55
Ukuwela,21300,7.4228,80.6167
Rattota,21400,7.5205,80.6798
Etanawala,21402,7.5205,80.6798
Gangala Puwakpitiya,21404,7.5205,80.6798
lllukkumbura,21406,7.5205,80.6798
Welangahawatte,21408,7.5205,80.6798
Kongahawela,21500,7.6742,80.7171
Pubbiliya,21502,7.7333,80.7167
Ambana,21504,7.6579,80.6909
Talagoda Junction,21506,7.6885,80.7082
Ataragallewa,21512,7.6622,80.7728
Hattota Amuna,21514,7.6622,80.7728
Laggala Pallegama,21520,7.6622,80.7728
Ranamuregama,21524,7.6622,80.7728
Wilgamuwa,21530,7.6622,80.7728
Perakanatta,21532,7.6622,80.7728
Nugagolla,21534,7.6622,80.7728
Handungamuwa,21536,7.6622,80.7728
Dunuwilapitiya,21538,7.6622,80.7728
Devagiriya,21552,7.5833,80.9667
Maraka,21554,7.5833,80.9667
Kotmale,20560,7.0142,80.5897
Maswela,20566,7.0667,80.6333
Doragala,20567,7.071,80.5867
Nayapana Janapadaya,20568,7.071,80.5867
Katukitula,20588,7.0741,80.6584
Ramboda,20590,7.0457,80.6876
Labukele,20592,7.0457,80.6876
Ketaboola,20660,7.0243,80.5504
Hapugastalawa,20668,7.0621,80.5713
Harangalagama,20669,7.0243,80.5504
Nawathispane,20670,7.0359,80.5174
Ambagamuwa Udabulathgama,20678,7.0359,80.5174
Ginigathena,20680,6.9903,80.4877
Pitawala,20682,6.9984,80.4513
Dagampitiya,20684,6.9759,80.4738
Ambatalawa,20686,6.9658,80.4958
Kelanigama,20688,6.9826,80.4772
Padiyapelella,20750,7.0877,80.8044
Munwatta,20752,7.1174,80.8099
Hatton,22000,6.8916,80.5955
Dunukedeniya,22002,7.0,80.6333
Rozella,22008,6.9317,80.5495
Watawala,22010,6.9442,80.5377
Patana,22012,7.5158,80.6829
Wijebahukanda,22018,7.011,80.6238
Maldeniya,22021,7.0276,80.652
Hedunuwewa,22024,7.0276,80.652
Widulipura,22032,6.9268,80.4888
Laxapana,22034,6.9268,80.4888
Morahenagama,22036,6.9268,80.4888
Kottellena,22040,6.9359,80.4583
Hangarapitiya,22044,6.9182,80.472
Hitigegama,22046,6.9536,80.4446
Dikoya,22050,6.8713,80.6
Norwood,22058,6.8377,80.6079
Bogawantalawa,22060,6.7994,80.665
Maskeliya,22070,6.8343,80.5676
Nissanka Uyana,22075,6.8343,80.5676
Kotagala,22080,6.9284,80.6061
Lindula,22090,6.9217,80.685
Agarapathana,22094,6.9217,80.685
Bopattalawa,22095,6.9217,80.685
Dayagama Bazaar,22096,6.9217,80.685
Talawakele,22100,6.9371,80.6581
Watagoda,22110,6.9704,80.6493
Pundaluoya,22120,7.0151,80.6697
Nanuoya,22150,6.9742,80.659
Nuwara Eliya,22200,6.9708,80.7829
Santhipura,22202,6.9708,80.7829
Haggala,22208,6.9708,80.7829
Ruwaneliya,22212,6.873,80.8106
Mipilimana,22214,6.873,80.8106
Ambewela,22216,6.873,80.8106
Kandapola,22220,6.9894,80.8127
Gonakele,22226,7.0568,80.8074
Halgranoya,22240,7.0486,80.8898
Rupaha,22245,7.036,80.904
Kumbukwela,22246,7.0612,80.8757
Udapussallawa,22250,7.0308,80.9105
Kurupanawela,22252,7.009,80.9052
Mipanawa,22254,7.0373,80.923
Madulla,22256,7.0462,80.9034
Harasbedda,22262,7.0493,80.8744
Walapane,22270,7.1141,80.8511
Kumbalgamuwa,22272,7.1141,80.8511
Keerthi Bandarapura,22274,7.1141,80.8511
Nildandahinna,22280,7.0679,80.8939
Kalaganwatta,22282,7.1,80.9
Udamadura,22285,7.0854,80.9165
Teripeha,22287,7.1181,80.9179
Polonnaruwa,51000,7.9397,81.0027
Kalingaela,51002,7.9615,81.043
Onegama,51004,7.9833,81.0833
Lakshauyana,51006,7.9615,81.043
Unagalavehera,51008,7.9615,81.043
Alutwewa,51014,7.95,80.55
Parakramasamudraya,51016,7.95,80.55
Jayanthipura,51024,8.0,81.0
Giritale,51026,7.9833,80.9333
Dimbulagala,51031,7.9167,80.55
Kashyapapura,51032,7.9167,80.55
Pelatiyawa,51033,7.9167,80.55
Ellewewa,51034,7.9167,80.55
Kalukele Badanagala,51037,7.9167,80.55
Nuwaragala,51039,7.9167,80.55
Wijayabapura,51042,8.0167,81.0833
Talpotha,51044,8.0167,81.0833
Palugasdamana,51046,8.0167,81.0833
Tambala,51049,8.0167,81.0833
Pulastigama,51050,7.9675,80.9572
Sungavila,51052,7.9675,80.9572
Sevanapitiya,51062,7.9667,81.1667
Mutugala,51064,7.9667,81.1667
Nawasenapura,51066,7.9667,81.1667
Welikanda,51070,7.9516,81.2452
Aselapura,51072,7.9516,81.2452
Mahawela Sinhapura,51076,7.9516,81.2452
Tamankaduwa,51089,7.9675,80.9572
Mampitiya,51090,7.9675,80.9572
Dalukana,51092,7.9675,80.9572
Dewagala,51094,7.9675,80.9572
Nelumwewa,51096,7.9675,80.9572
Hansayapalama,51098,7.9675,80.9572
Aralaganwila,51100,7.8912,80.7957
Pimburattewa,51102,7.8912,80.7957
Divuldamana,51104,7.8912,80.7957
Damminna,51106,7.8912,80.7957
Maduruoya,51108,7.8912,80.7957
Diyabeduma,51225,7.8833,80.8833
Attanakadawala,51235,7.85,80.8667
Kottapitiya,51244,7.8125,80.84
Jayasiripura,51246,7.8125,80.84
Bakamuna,51250,7.7833,80.8167
Orubendi Siyambalawa,51256,7.7539,80.8025
Elahera,51258,7.7244,80.7883
Galoya Junction,51375,7.8912,80.7957
Sinhagama,51378,7.8912,80.7957
Hingurakgoda,51400,8.0333,80.95
Hingurakdamana,51408,8.0375,81.0297
Minneriya,51410,8.0465,80.9025
Kumaragama,51412,7.7569,80.3862
Kawudulla,51414,7.7569,80.3862
Galamuna,51416,7.4673,79.8699
Yodaela,51422,7.5781,79.8681
Yudaganawa,51424,7.5781,79.8681
Divulankadawala,51428,7.5781,79.8681
Medirigiriya,51500,7.9,80.4833
Diyasenpura,51504,7.9,80.4833
Mahatalakolawewa,51506,7.9,80.4833
Meegaswewa,51508,7.9,80.4833
Kawuduluwewa Stagell,51514,7.9,80.4833
Maha Ambagaswewa,51518,7.9,80.4833
Chilaw,61000,7.5758,79.7953
Udappuwa,61004,7.7477,79.7878
Wijeyakatupotha,61006,7.6618,79.7915
Wilpotha,61008,7.6618,79.7915
Adippala,61012,7.5789,79.8428
Mugunuwatawana,61014,7.5861,79.855
Ilippadeniya,61018,7.5716,79.8307
Karawitagara,61022,7.5303,79.7929
Ambakandawila,61024,7.5303,79.7929
Kumarakattuwa,61032,7.6577,79.8982
Pallama,61040,7.6841,79.9183
Serukele,61042,7.7313,79.9163
Waikkal,61110,7.2833,79.85
Nainamadama,61120,7.374,79.8842
Dankotuwa,61130,7.2964,79.8715
Bujjampola,61136,7.3299,79.9272
Lihiriyagama,61138,7.3461,79.9286
Yogiyana,61144,7.2915,79.9212
Lunuwila,61150,7.3462,79.8634
Ihala Kottaramulla,61154,7.382,79.8749
Koswatta,61158,7.3692,79.893
Pothuwatawana,61162,7.4921,79.9109
Wennappuwa,61170,7.3454,79.8386
Katuneriya,61180,7.3685,79.8314
Nattandiya,61190,7.4123,79.8624
Dunkannawa,61192,7.4265,79.8985
Muttibendiwila,61195,7.4541,79.8806
Watugahamulla,61198,7.4662,79.9101
Marawila,61210,7.4106,79.828
Mahawewa,61220,7.5139,79.9207
Toduwawa,61224,7.4925,79.8061
Kudawewa,61226,7.8857,80.0312
Madampe,61230,7.4979,79.8381
Galmuruwa,61233,7.5,79.8833
Panirendawa,61234,7.5575,79.8846
Kakkapalliya,61236,7.5306,79.8189
Bangadeniya,61238,7.627,79.8195
Rajakadaluwa,61242,7.6519,79.8339
Nalladarankattuwa,61244,7.6946,79.8363
Battuluoya,61246,7.6733,79.8351
Mundel,61250,7.8087,79.8246
Kottantivu,61252,7.8513,79.7899
Baranankattuwa,61262,7.7931,79.8601
Angunawila,61264,7.7753,79.8581
Mangalaeliya,61266,7.8501,79.8156
Madurankuliya,61270,7.8701,79.8229
Mahakumbukkadawala,61272,7.8393,79.8924
Mukkutoduwawa,61274,7.901,79.7534
Palaviya,61280,7.6767,79.8497
Puttalam,61300,8.0362,79.8283
Ismailpuram,61302,8.0362,79.8283
Vanathawilluwa,61306,8.0362,79.8283
Karativponparappi,61307,8.0362,79.8283
Eluwankulama,61308,8.0362,79.8283
Sirambiadiya,61312,8.112,80.0059
Karuwalagaswewa,61314,8.0638,79.9757
Ihala Puliyankulama,61316,8.1601,80.036
Tabbowa,61322,8.0993,79.8684
Saliyawewa Junction,61324,8.0993,79.8684
Puttalam Cement Factory,61326,8.0993,79.8684
Attawilluwa,61328,8.0993,79.8684
Mampuri,61341,7.9991,79.7391
Norachcholai,61342,7.9991,79.7391
Ettale,61343,7.9991,79.7391
Talawila Church,61344,7.9991,79.7391
Palliwasalturai,61354,8.0993,79.8684
Kurinjanpitiya,61356,8.0993,79.8684
Kandakuliya,61358,8.0993,79.8684
Kalpitiya,61360,8.2372,79.7628
Kirimundalama,61362,8.2372,79.7628
Anamaduwa,61500,7.8786,80.008
Uridyawa,61502,7.8226,79.9715
Siyambalagashene,61504,7.8226,79.9715
Mudalakkuliya,61506,7.8124,79.96
Andigama,61508,7.7768,79.9465
Mahauswewa,61512,7.9536,80.0573
Inginimitiya,61514,7.9468,80.1277
Kuruketiyawa,61516,8.0246,80.0513
Nawagattegama,61520,8.0,80.1167
Kottukachchiya,61532,7.9524,79.928
Kalladiya,61534,7.9524,79.928
Ratnapura,70000,6.6828,80.3992
Malwala Junction,70001,6.707,80.4336
Gillimale,70002,6.7292,80.439
Sri Palabaddala,70004,6.7838,80.4462
Kudawa,70005,6.7432,80.4772
Hidellana,70012,6.7161,80.3795
Kahangama,70016,6.6983,80.3688
Dodampe,70017,6.7272,80.3255
Karangoda,70018,6.6821,80.3674
Dambuluwana,70019,6.7105,80.3324
Medagalatur,70021,6.6405,80.2867
Ayagama,70024,6.6358,80.3083
Gawaragiriya,70026,6.6453,80.2652
Elapatha,70032,6.6546,80.3712
Udaniriella,70034,6.6546,80.3712
Ratna Hangamuwa,70036,6.6546,80.3712
Niralagama,70038,6.6546,80.3712
Marapana,70041,6.6444,80.4446
Dela,70042,6.6195,80.4502
Udakarawita,70044,6.581,80.4534
Pebotuwa,70045,6.5434,80.4528
Delwala,70046,6.5169,80.4658
Lellopitiya,70056,6.6627,80.4847
Gallella,70062,6.855,80.3554
Wewelwatta,70066,6.855,80.3554
Pelmadulla,70070,6.6222,80.541
Opanayaka,70080,6.6081,80.6181
Akarella,70082,6.5773,80.6686
Balangoda,70100,6.6466,80.7007
Talakolahinna,70101,6.6112,80.7142
Weligepola,70104,6.5683,80.715
Hatangala,70105,6.5366,80.7455
Handagiriya,70106,6.5239,80.8085
Hatarabage,70108,6.6552,80.7571
Mahawalatenna,70112,6.5881,80.746
Wikiliya,70114,6.6192,80.7415
Rajawaka,70116,6.6003,80.7976
Mulgama,70117,6.6427,80.8155
Tanjantenna,70118,6.6328,80.8548
Kaltota,70122,6.6821,80.6757
Welipathayaya,70124,6.6821,80.6757
Meddekanda,70127,6.6763,80.6625
Morahela,70129,6.6878,80.689
Pinnawala,70130,6.7087,80.6789
Bolthumbe,70131,6.71,80.6398
Pambagolla,70133,6.7282,80.6921
lmbulpe,70134,6.71,80.6398
Rassagala,70135,6.6922,80.6385
Gurubewilagama,70136,6.6911,80.576
Waleboda,70138,6.7298,80.6135
Belihuloya,70140,6.7181,80.7671
Samanalawewa,70142,6.7181,80.7671
Ihalagama,70144,6.7181,80.7671
Halpe,70145,6.7181,80.7671
Kahawatta,70150,6.5825,80.5755
Panapitiya,70152,6.526,80.5581
Udaha Hawupe,70154,6.5393,80.5484
Gabbela,70156,6.5168,80.5451
Madalagama,70158,6.5317,80.515
Godakawela,70160,6.5063,80.6434
Ranwala,70162,6.9022,80.4267
Hapugastenna,70164,7.0881,80.1713
NawinnaPinnakanda,70165,6.8322,80.4138
Pallebedda,70170,6.4544,80.7388
Halwinna,70171,6.443,80.7175
Kolambageara,70180,6.636,80.6645
Udawalawe,70190,6.636,80.6645
Gangeyaya,70195,6.636,80.6645
Embilipitiya,70200,6.3439,80.8489
Tunkama,70205,6.29,80.8943
Mulendiyawala,70212,6.2945,80.7625
Omalpe,70215,6.3292,80.6918
Panamura,70218,6.3118,80.7271
Padalangala,70230,6.2675,80.9022
Atakalanpanna,70294,6.5293,80.6085
Hiramadagama,70296,6.5293,80.6085
Makandura Sabara,70298,6.5293,80.6085
Rakwana,70300,6.4725,80.6106
Demuwatha,70332,6.4188,80.6387
Pothupitiya,70338,6.4188,80.6387
Ittakanda,70342,6.4003,80.6288
Bomluwageaina,70344,6.4003,80.6288
Ullinduwawa,70345,6.3649,80.6089
Bulutota,70346,6.4357,80.6488
Vijeriya,70348,6.4003,80.6288
Kolonna,70350,6.4021,80.6865
Kella Junction,70352,6.4021,80.6865
Nivitigala,70400,6.6094,80.4186
Kolombugama,70403,6.5681,80.4947
Doloswalakanda,70404,6.5573,80.467
Watapotha,70408,6.5905,80.5033
Kalawana,70450,6.5391,80.4039
Daugala,70455,6.4952,80.4232
Waturawa,70456,6.489,80.4276
Veddagala,70459,6.4574,80.4381
Panapola,70461,6.4329,80.455
Nawalakanda,70469,6.5124,80.3315
Pimbura,70472,6.5728,80.169
Kiriella,70480,6.7446,80.2662
Matuwagalagama,70482,6.7745,80.2344
Karandana,70488,6.8045,80.2027
Ellagawa,70492,6.7359,80.2188
Minipura Dumbara,70494,6.7359,80.2188
Dumbara Manana,70495,6.7359,80.2188
Kuruwita,70500,6.7765,80.3621
Sudagala,70502,6.7928,80.3913
Batatota,70504,6.8267,80.3673
Eratna,70506,6.7987,80.3736
Teppanawa,70512,6.7804,80.3164
Parakaduwa,70550,6.8271,80.3126
Ellaulla,70552,6.8559,80.3123
Godagampola,70556,6.8848,80.3119
Eheliyagoda,70600,6.8502,80.2624
Erepola,70602,6.8126,80.2427
Mitipola,70604,6.8279,80.2251
Ellawala,70606,6.8092,80.2699
Panawala,70612,6.8867,80.2716
Getahetta,70620,6.9052,80.2193
Trincomalee,31000,8.5711,81.2335
Sampaltivu,31006,8.6263,81.2127
Nilaveli,31010,8.6833,81.2
Kumburupiddy,31012,8.7353,81.1623
Kuchchaveli,31014,8.8146,81.099
Tiriyayi,31016,8.7444,81.1538
Gomarankadawala,31026,8.6749,80.9548
Buckmigama,31028,8.6749,80.9548
Kanniya,31032,8.6333,81.0317
Pankulam,31034,8.6333,81.0317
Mahadivulwewa,31036,8.6333,81.0317
Rottawewa,31038,8.6333,81.0317
Tampalakamam,31046,8.4995,81.0972
Chinabay,31050,8.5164,81.1891
Vellamanal,31053,8.5164,81.1891
Kinniya,31100,8.4981,81.1779
Maharugiramam,31106,8.4981,81.1779
Kurinchakemy,31112,8.4981,81.1779
Mutur,31200,8.45,81.2667
Kaddaiparichchan,31212,8.45,81.2833
Sampur,31216,8.4854,81.291
Kiliveddy,31220,8.4477,81.2874
Somapura,31222,8.4477,81.2874
Mallikativu,31224,8.4477,81.2874
Dehiwatte,31226,8.4477,81.2874
Neelapola,31228,8.4477,81.2874
Serunuwara,31232,8.4477,81.2874
Lankapatuna,31234,8.4477,81.2874
Echchilampattai,31236,8.4477,81.2874
Mawadichenai,31238,8.4477,81.2874
Toppur,31250,8.4055,81.3086
Seruwila,31260,8.4477,81.2874
Kantalai,31300,8.3683,81.0281
Agbopura,31304,8.3249,80.9794
Kantalai Sugar Factory,31306,8.3466,81.0037
Wanela,31308,8.3466,81.0037
Mullipothana,31312,8.3466,81.0037
Sirajnagar,31314,8.3466,81.0037
Galmetiyawa,31318,8.3466,81.0037
Vavuniya,43000,8.7514,80.4971
