Nusajaya,79000,1.5014,103.6439
Nusajaya,79100,1.4835,103.6341
Nusajaya,79150,1.4968,103.6524
Nusajaya,79200,1.4836,103.6364
Nusajaya,79250,1.5034,103.6522
Nusajaya,79502,1.5014,103.6439
Nusajaya,79503,1.5014,103.6439
Nusajaya,79504,1.5014,103.6439
Nusajaya,79505,1.5014,103.6439
Nusajaya,79511,1.5014,103.6439
Nusajaya,79513,1.5014,103.6439
Nusajaya,79514,1.5014,103.6439
Nusajaya,79517,1.5014,103.6439
Nusajaya,79518,1.5014,103.6439
Nusajaya,79520,1.457,103.7623
Nusajaya,79521,1.5014,103.6439
Nusajaya,79523,1.5014,103.6439
Nusajaya,79532,1.5014,103.6439
Nusajaya,79538,1.5014,103.6439
Nusajaya,79540,1.5014,103.6439
Nusajaya,79546,1.5014,103.6439
Nusajaya,79548,1.5014,103.6439
Nusajaya,79550,1.5014,103.6439
Nusajaya,79552,1.5014,103.6439
Nusajaya,79555,1.5014,103.6439
Nusajaya,79570,6.1378,100.3711
Nusajaya,79575,1.5014,103.6439
Nusajaya,79576,1.5014,103.6439
Nusajaya,79592,1.5014,103.6439
Nusajaya,79601,1.5014,103.6439
Nusajaya,79603,1.5014,103.6439
Nusajaya,79605,1.5014,103.6439
Nusajaya,79606,1.5014,103.6439
Nusajaya,79612,1.5014,103.6439
Nusajaya,79626,1.4875,103.7518
Nusajaya,79630,1.4831,103.7541
Nusajaya,79632,1.4788,103.7416
Nusajaya,79646,1.5014,103.6439
Nusajaya,79658,1.5014,103.6439
Nusajaya,79660,1.5014,103.6439
Nusajaya,79680,1.5014,103.6439
Nusajaya,79681,1.5014,103.6439
Nusajaya,79683,1.5014,103.6439
Johor Bahru,80000,1.5035,103.7405
Johor Bahru,80050,1.4863,103.7713
Johor Bahru,80100,1.5041,103.7052
Johor Bahru,80150,1.5074,103.7329
Johor Bahru,80200,1.4977,103.7163
Johor Bahru,80250,1.5035,103.7404
Johor Bahru,80300,1.4757,103.7537
Johor Bahru,80350,1.5388,103.7012
Johor Bahru,80400,1.5017,103.7414
Johor Bahru,80500,1.4634,103.7547
Johor Bahru,80506,1.4634,103.7547
Johor Bahru,80508,1.4634,103.7547
Johor Bahru,80516,1.4634,103.7547
Johor Bahru,80519,1.4582,103.7501
Johor Bahru,80534,1.4634,103.7547
Johor Bahru,80536,1.4634,103.7547
Johor Bahru,80542,1.4634,103.7547
Johor Bahru,80546,1.4634,103.7547
Johor Bahru,80558,1.4634,103.7547
Johor Bahru,80560,1.4634,103.7547
Johor Bahru,80564,1.4634,103.7547
Johor Bahru,80568,1.4634,103.7547
Johor Bahru,80578,1.4634,103.7547
Johor Bahru,80584,1.4634,103.7547
Johor Bahru,80586,1.4583,103.7462
Johor Bahru,80590,1.4634,103.7547
Johor Bahru,80592,1.4634,103.7547
Johor Bahru,80594,1.4634,103.7547
Johor Bahru,80596,1.4634,103.7547
Johor Bahru,80600,1.4634,103.7547
Johor Bahru,80604,1.4634,103.7547
Johor Bahru,80608,1.4634,103.7547
Johor Bahru,80620,1.5384,103.7686
Johor Bahru,80622,1.4634,103.7547
Johor Bahru,80628,1.4634,103.7547
Johor Bahru,80644,1.4562,103.7613
Johor Bahru,80648,1.4634,103.7547
Johor Bahru,80662,1.4804,103.7426
Johor Bahru,80664,1.4634,103.7547
Johor Bahru,80668,1.4634,103.7547
Johor Bahru,80670,1.4634,103.7547
Johor Bahru,80672,1.4634,103.7547
Johor Bahru,80673,1.4712,103.7748
Johor Bahru,80676,1.4634,103.7547
Johor Bahru,80700,1.4634,103.7547
Johor Bahru,80710,1.4634,103.7547
Johor Bahru,80720,1.4634,103.7547
Johor Bahru,80730,1.4634,103.7547
Johor Bahru,80900,1.4634,103.7547
Johor Bahru,80902,1.4634,103.7547
Johor Bahru,80904,1.4634,103.7547
Johor Bahru,80906,1.4634,103.7547
Johor Bahru,80908,1.4634,103.7547
Johor Bahru,80988,1.4634,103.7547
Johor Bahru,80990,1.4634,103.7547
Kulai,81000,1.7259,103.5011
Johor Bahru,81100,1.5495,103.708
Johor Bahru,81200,1.5249,103.6874
Johor Bahru,81300,1.5427,103.6487
Johor Bahru,81310,1.5107,103.6984
Senai,81400,1.6446,103.5973
Bandar Tenggara,81440,1.7876,103.6699
Gugusan Taib Andak,81450,1.7601,103.6852
Sungai Mati,81500,1.5141,103.7014
Gelang Patah,81550,1.4619,103.5857
Pengerang,81600,1.4656,103.9435
Pasir Gudang,81700,1.5002,103.8273
masai,81750,1.5641,103.7838
Ulu Tiram,81800,1.6728,103.6325
Layang-Layang,81850,1.7832,103.4388
Kota Tinggi,81900,1.7427,103.7788
Ayer Tawar 2,81920,1.7578,103.9291
Bandar Penawar,81930,1.6712,103.9725
Pontian,82000,1.5666,103.3873
Ayer Baloi,82100,1.6927,103.2524
Benut,82200,1.6864,103.2713
Kukup,82300,1.423,103.4425
Batu Pahat,83000,1.8578,103.0357
Rengit,83100,1.664,103.2453
Senggarang,83200,1.8138,103.0467
Seri Gading,83300,1.8197,103.2399
Seri Medan,83400,1.9071,103.0757
Parit Sulong,83500,1.9663,102.9015
Semerah,83600,1.9075,102.8813
Yong Peng,83700,1.9139,103.1326
Muar,84000,2.0051,102.7335
Parit Jawa,84150,1.9152,102.8197
Muar,84200,2.0102,102.6981
Bukit Pasir,84300,2.1122,102.7617
Sungai Mati,84400,2.0749,102.7197
Panchor,84500,2.0423,102.9538
Pagoh,84600,2.087,102.8871
Gerisek,84700,2.215,102.7854
Bukit Gambir,84800,2.1437,102.8537
Tangkak,84900,2.1462,102.7848
Segamat,85000,2.3134,102.9786
Batu Anam,85100,2.4247,102.8497
Jementah,85200,2.1737,102.9493
Labis,85300,2.2604,103.5458
Chaah,85400,2.0491,103.1443
Kluang,86000,1.9226,103.4038
Ayer Hitam,86100,1.9032,103.2165
Simpang Rengam,86200,1.881,103.3957
Rengam,86300,1.8498,103.3555
Parit Raja,86400,1.8605,103.1004
Bekok,86500,2.1332,103.4663
Paloh,86600,2.1593,103.507
Kahang,86700,2.1504,103.5336
Mersing,86800,2.3043,103.7599
Mersing,86810,2.4361,103.8312
Endau,86900,2.5415,103.542
Alor Setar,05000,6.1063,100.3685
Alor Setar,05050,6.0141,100.3832
Alor Setar,05100,6.1272,100.3698
Alor Star,05150,6.0727,100.3859
Alor Setar,05200,6.0276,100.3989
Alor Setar,05250,6.0976,100.3864
Alor Setar,05300,6.0907,100.3819
Alor Star,05350,6.1194,100.3677
Alor Setar,05400,6.0568,100.3876
Alor Star,05460,6.1194,100.3677
Alor Setar,05500,6.1194,100.3677
Alor Setar,05502,6.1194,100.3677
Alor Setar,05503,6.1194,100.3677
Alor Setar,05504,6.1194,100.3677
Alor Setar,05505,6.1194,100.3677
Alor Setar,05506,6.1194,100.3677
Alor Setar,05508,6.1194,100.3677
Alor Setar,05512,6.1194,100.3677
Alor Setar,05514,6.1194,100.3677
Alor Setar,05516,6.1194,100.3677
Alor Setar,05517,5.6425,100.4883
Alor Setar,05518,6.1194,100.3677
Alor Setar,05520,6.1194,100.3677
Alor Setar,05532,6.1194,100.3677
Alor Setar,05534,6.1194,100.3677
Alor Setar,05536,6.1194,100.3677
Alor Setar,05538,6.1194,100.3677
Alor Setar,05550,6.1194,100.3677
Alor Setar,05551,6.1194,100.3677
Alor Setar,05552,6.1194,100.3677
Alor Setar,05556,6.1194,100.3677
Alor Setar,05558,6.1194,100.3677
Alor Setar,05560,6.1194,100.3677
Alor Setar,05564,6.1194,100.3677
Alor Setar,05576,6.1194,100.3677
Alor Setar,05578,6.1194,100.3677
Alor Setar,05580,6.2434,100.2418
Alor Setar,05582,6.2434,100.2418
Alor Setar,05586,6.1194,100.3677
Alor Setar,05590,6.1194,100.3677
Alor Setar,05592,6.1194,100.3677
Alor Setar,05594,6.1194,100.3677
Alor Setar,05600,6.1194,100.3677
Alor Setar,05604,6.1194,100.3677
Alor Setar,05610,6.1194,100.3677
Alor Setar,05612,5.7945,100.371
Alor Setar,05614,6.1194,100.3677
Alor Setar,05620,6.13,100.3665
Alor Setar,05621,6.1194,100.3677
Alor Setar,05622,6.1194,100.3677
Alor Setar,05626,6.1194,100.3677
Alor Setar,05628,6.1194,100.3677
Alor Setar,05630,6.1201,100.3918
Alor Setar,05632,6.1643,100.5356
Alor Setar,05644,6.1194,100.3677
Alor Setar,05660,6.1194,100.3677
Alor Setar,05661,6.1194,100.3677
Alor Setar,05664,6.1194,100.3677
Alor Setar,05670,6.1194,100.3677
Alor Setar,05672,6.1194,100.3677
Alor Setar,05673,6.1194,100.3677
Alor Setar,05674,6.1179,100.3674
Alor Setar,05675,6.1194,100.3677
Alor Setar,05676,6.1194,100.3677
Alor Setar,05680,6.1194,100.3677
Alor Setar,05690,6.1194,100.3677
Alor Setar,05696,6.1194,100.3677
Alor Setar,05700,6.1194,100.3677
Alor Setar,05710,6.1194,100.3677
Alor Setar,05720,6.1194,100.3677
Alor Setar,05990,6.1194,100.3677
Jitra,06000,6.1316,100.4351
Jitra,06007,6.2663,100.4271
Jitra,06009,6.2663,100.4271
Changloon,06010,6.2371,100.4307
Bukit Kayu Hitam,06050,6.3493,100.4429
Kodiang,06100,6.2045,100.3746
Ayer Hitam,06150,6.1893,100.2859
Kepala Batas,06200,5.9661,100.4734
Kepala Batas,06207,6.2017,100.4128
Kepala Batas,06209,6.2017,100.4128
Alor Star,06250,5.875,100.3757
Kuala Nerang,06300,6.1461,100.5833
Pokok Sena,06350,6.1542,100.5613
Pokok Sena,06400,6.0432,100.5221
Langgar,06500,6.0479,100.407
Langgar,06507,6.1237,100.4445
Langgar,06509,6.1237,100.4445
Alor Star,06550,6.1194,100.3677
Alor Setar,06570,5.9419,100.4272
Kuala Kedah,06600,5.9919,100.3635
Simpang Empat,06650,6.013,100.4018
Alor Setar,06660,6.0167,100.4
Pendang,06700,5.9623,100.472
Pendang,06707,5.9825,100.4594
Pendang,06709,5.9825,100.4594
Pendang,06710,5.9936,100.5418
Pendang,06720,5.9352,100.4749
Pendang,06750,5.9562,100.4823
Kota Sarang Semut,06800,5.9008,100.4089
Yan,06900,5.8366,100.4039
Yan,06910,5.8336,100.3925
Langkawi,07000,6.2439,99.9533
Langkawi,07007,6.3233,99.8547
Langkawi,07009,6.3233,99.8547
Sungai Petani,08000,5.6639,100.4902
Sungai Petani,08007,5.649,100.4951
Sungai Petani,08009,5.649,100.4951
Sungai Petani,08010,5.7166,100.5062
Bedong,08100,5.7879,100.4719
Bedong,08110,5.6793,100.4423
Sik,08200,5.8207,100.6951
Sik,08210,5.9359,100.7472
Gurun,08300,5.8064,100.5136
Jeniang,08320,5.8343,100.6252
Gurun,08330,5.8013,100.5175
Sik,08340,5.8969,100.6685
Merbok,08400,5.7262,100.4529
Merbok,08407,5.7246,100.3688
Merbok,08409,5.7246,100.3688
Kota Kuala Muda,08500,5.7405,100.4243
Kota Kuala Muda,08507,5.6454,100.3551
Kota Kuala Muda,08509,5.6454,100.3551
Sungai Petani,08600,5.7803,100.5201
Jeniang,08700,5.8761,100.6146
Gurun,08800,5.7896,100.5238
Kulim,09000,5.4724,100.5385
Kulim,09007,5.3895,100.5634
Kulim,09009,5.3895,100.5634
Kulim,09010,5.5956,100.6129
Kulim,09020,5.5494,100.5186
Baling,09100,5.7229,100.7831
Kuala Pegang,09110,5.7874,100.6923
Kupang,09200,5.6818,100.758
Kuala Ketil,09300,5.6747,100.6754
Kuala Ketil,09310,5.5849,100.7507
Padang Serai,09400,5.5331,100.5534
Padang Serai,09410,5.6077,100.6056
Lunas,09600,5.5071,100.5589
Karangan,09700,5.5748,100.6005
Serdang,09800,5.4765,100.5938
Serdang,09810,5.3649,100.6151
Bandar Bahru,14290,5.6564,100.5422
Bandar Bahru,14390,5.5104,100.5394
Bandar Baharu,34950,5.1873,100.5156
Kota Bharu,15000,6.1253,102.2461
Kota Bharu,15050,6.1212,102.2459
Kota Bharu,15100,6.0706,102.2458
Kota Bharu,15150,6.1187,102.2508
Kota Bharu,15159,6.122,102.2523
Kota Bharu,15200,6.105,102.251
Kota Bharu,15300,6.1159,102.2452
Kota Bharu,15350,6.1118,102.249
Kota Bharu,15400,6.1185,102.2489
Kota Bharu,15500,6.122,102.2523
Kota Bharu,15502,6.122,102.2523
Kota Bharu,15503,6.122,102.2523
Kota Bharu,15504,6.122,102.2523
Kota Bharu,15505,6.122,102.2523
Kota Bharu,15506,6.122,102.2523
Kota Bharu,15508,6.122,102.2523
Kota Bharu,15512,6.122,102.2523
Kota Bharu,15514,6.122,102.2523
Kota Bharu,15516,6.122,102.2523
Kota Bharu,15517,6.122,102.2523
Kota Bharu,15518,6.122,102.2523
Kota Bharu,15519,5.8081,102.1509
Kota Bharu,15520,6.122,102.2523
Kota Bharu,15524,6.122,102.2523
Kota Bharu,15529,6.122,102.2523
Kota Bharu,15532,6.122,102.2523
Kota Bharu,15534,6.122,102.2523
Kota Bharu,15536,6.122,102.2523
Kota Bharu,15538,6.122,102.2523
Kota Bharu,15540,6.122,102.2523
Kota Bharu,15546,6.122,102.2523
Kota Bharu,15548,6.122,102.2523
Kota Bharu,15550,6.122,102.2523
Kota Bharu,15551,5.8092,102.1515
Kota Bharu,15556,6.122,102.2523
Kota Bharu,15558,6.122,102.2523
Kota Bharu,15560,6.122,102.2523
Kota Bharu,15564,6.1093,102.2382
Kota Bharu,15570,6.122,102.2523
Kota Bharu,15572,6.122,102.2523
Kota Bharu,15576,6.122,102.2523
Kota Bharu,15578,6.122,102.2523
Kota Bharu,15582,6.122,102.2523
Kota Bharu,15586,6.1237,102.2468
Kota Bharu,15590,6.122,102.2523
Kota Bharu,15592,6.122,102.2523
Kota Bharu,15594,6.122,102.2523
Kota Bharu,15596,6.122,102.2523
Kota Bharu,15600,6.1303,102.2369
Kota Bharu,15604,6.122,102.2523
Kota Bharu,15608,5.9453,102.2339
Kota Bharu,15609,6.122,102.2523
Kota Bharu,15612,5.826,102.225
Kota Bharu,15614,6.122,102.2523
Kota Bharu,15616,6.1152,102.2414
Kota Bharu,15622,6.122,102.2523
Kota Bharu,15623,6.122,102.2523
Kota Bharu,15626,6.122,102.2523
Kota Bharu,15628,6.119,102.3573
Kota Bharu,15630,6.1996,102.1696
Kota Bharu,15632,6.1012,102.2653
Kota Bharu,15634,6.122,102.2523
Kota Bharu,15644,6.122,102.2523
Kota Bharu,15646,6.122,102.2523
Kota Bharu,15648,6.122,102.2523
Kota Bharu,15658,6.122,102.2523
Kota Bharu,15660,6.122,102.2523
Kota Bharu,15661,6.122,102.2523
Kota Bharu,15664,6.122,102.2523
Kota Bharu,15670,6.122,102.2523
Kota Bharu,15672,6.122,102.2523
Kota Bharu,15673,6.1292,102.2387
Kota Bharu,15674,6.122,102.2523
Kota Bharu,15676,6.122,102.2523
Kota Bharu,15680,6.122,102.2523
Kota Bharu,15690,6.122,102.2523
Kota Bharu,15710,6.122,102.2523
Kota Bharu,15720,6.122,102.2492
Kota Bharu,15730,6.122,102.2523
Kota Bharu,15740,6.122,102.2523
Kota Bharu,15988,6.122,102.2523
Kota Bharu,15990,6.122,102.2523
Kota Bharu,16010,6.0064,102.218
Bachok,16020,6.0558,102.3487
Bachok,16030,6.0547,102.3868
Wakaf Bharu,16040,6.0573,102.1743
Bachok,16050,6.032,102.3251
Bachok,16060,6.0547,102.3868
Bachok,16070,6.0334,102.3499
Tumpat,16080,6.1411,102.1763
Bachok,16090,6.0338,102.3572
Kota Bahru,16100,6.122,102.2523
Kota Bharu,16109,6.122,102.2523
Kota Bharu,16150,6.0602,102.2341
Tumpat,16200,6.1174,102.1685
Tumpat,16210,6.1183,102.1386
Wakaf Bharu,16250,6.0864,102.2099
Bachok,16300,6.0269,102.3366
Bachok,16310,5.9932,102.3636
Bachok,16320,6.0547,102.3868
Melor,16400,5.92,102.2742
Ketereh,16450,5.9179,102.2274
Kem Desa Pahlawan,16500,5.8938,102.2273
Pulai Chondong,16600,5.8908,102.2376
Cherang Ruku,16700,5.8722,102.4363
Pasir Puteh,16800,5.876,102.3841
Selising,16810,5.8899,102.2958
Pasir Mas,17000,6.0129,102.1459
Pasir Mas,17007,6.0427,102.1391
Pasir Mas,17009,6.0427,102.1391
Pasir Mas,17010,6.0377,102.1486
Pasir Mas,17020,6.0403,102.1465
Pasir Mas,17030,5.8931,102.1712
Pasir Mas,17040,6.0284,102.1551
Pasir Mas,17050,5.961,102.1484
Pasir Mas,17060,6.0061,102.1743
Pasir Mas,17070,6.0102,102.1486
Rantau Panjang,17200,5.9632,102.0073
Tanah Merah,17500,5.7687,102.1201
Tanah Merah,17507,5.8074,102.151
Tanah Merah,17509,5.8074,102.151
Tanah Merah,17510,5.7657,102.1153
Jeli,17600,5.728,101.9225
Kuala Balah,17610,5.4526,101.9212
Ayer Lanas,17700,5.8142,101.9253
Kuala Krai,18000,5.5693,102.1786
Kuala Krai,18050,5.5339,102.1996
Dabong,18200,5.4938,102.0523
Gua Musang,18300,5.0356,102.0247
Temangan,18400,5.7612,102.1769
Machang,18500,5.7573,102.2168
Kuala Lumpur,50000,3.1433,101.6955
Kuala Lumpur,50050,3.1451,101.6945
Kuala Lumpur,50088,3.1479,101.7008
Kuala Lumpur,50100,3.1513,101.6947
Kuala Lumpur,50150,3.1406,101.6955
Kuala Lumpur,50200,3.1447,101.7007
Kuala Lumpur,50250,3.1447,101.6951
Kuala Lumpur,50300,3.1841,101.6911
Kuala Lumpur,50350,3.1512,101.6956
Kuala Lumpur,50400,3.149,101.697
Kuala Lumpur,50450,3.1512,101.7091
Kuala Lumpur,50460,3.1365,101.6941
Kuala Lumpur,50470,3.134,101.6873
Kuala Lumpur,50480,3.163,101.6753
Kuala Lumpur,50490,3.1466,101.6673
Kuala Lumpur,50500,3.1325,101.6957
Kuala Lumpur,50502,3.139,101.6869
Kuala Lumpur,50504,3.139,101.6869
Kuala Lumpur,50505,3.139,101.6869
Kuala Lumpur,50506,3.139,101.6869
Kuala Lumpur,50507,3.139,101.6869
Kuala Lumpur,50508,3.139,101.6869
Kuala Lumpur,50512,3.1503,101.6924
Kuala Lumpur,50514,3.139,101.6869
Kuala Lumpur,50515,3.139,101.6869
Kuala Lumpur,50519,3.139,101.6869
Kuala Lumpur,50528,3.139,101.6869
Kuala Lumpur,50529,3.139,101.6869
Kuala Lumpur,50530,3.139,101.6869
Kuala Lumpur,50532,3.139,101.6869
Kuala Lumpur,50534,3.139,101.6869
Kuala Lumpur,50536,3.139,101.6869
Kuala Lumpur,50540,3.139,101.6869
Kuala Lumpur,50544,3.139,101.6869
Kuala Lumpur,50546,3.139,101.6869
Kuala Lumpur,50548,3.139,101.6869
Kuala Lumpur,50550,3.1467,101.6636
Kuala Lumpur,50551,3.139,101.6869
Kuala Lumpur,50552,3.139,101.6869
Kuala Lumpur,50554,3.139,101.6869
Kuala Lumpur,50556,3.139,101.6869
Kuala Lumpur,50560,3.139,101.6869
Kuala Lumpur,50562,3.139,101.6869
Kuala Lumpur,50564,3.1078,101.7282
Kuala Lumpur,50566,3.138,101.6867
Kuala Lumpur,50568,3.139,101.6869
Kuala Lumpur,50572,3.139,101.6869
Kuala Lumpur,50576,3.139,101.6869
Kuala Lumpur,50578,3.139,101.6869
Kuala Lumpur,50580,3.155,101.6889
Kuala Lumpur,50582,3.1374,101.6889
Kuala Lumpur,50586,3.1698,101.7026
Kuala Lumpur,50588,3.139,101.6869
Kuala Lumpur,50590,3.139,101.6869
Kuala Lumpur,50592,3.139,101.6869
Kuala Lumpur,50594,3.139,101.6869
Kuala Lumpur,50596,3.139,101.6869
Kuala Lumpur,50598,3.139,101.6869
Kuala Lumpur,50599,3.139,101.6869
Kuala Lumpur,50600,3.139,101.6869
Kuala Lumpur,50603,3.1249,101.6528
Kuala Lumpur,50604,3.139,101.6869
Kuala Lumpur,50605,3.139,101.6869
Kuala Lumpur,50608,3.1465,101.6636
Kuala Lumpur,50609,3.139,101.6869
Kuala Lumpur,50610,3.139,101.6869
Kuala Lumpur,50612,3.1683,101.7118
Kuala Lumpur,50614,3.139,101.6869
Kuala Lumpur,50620,3.139,101.6869
Kuala Lumpur,50621,3.139,101.6869
Kuala Lumpur,50622,3.139,101.6869
Kuala Lumpur,50623,3.139,101.6869
Kuala Lumpur,50626,3.139,101.6869
Kuala Lumpur,50632,3.139,101.6869
Kuala Lumpur,50634,3.1488,101.6952
Kuala Lumpur,50636,3.139,101.6869
Kuala Lumpur,50638,3.139,101.6869
Kuala Lumpur,50640,3.139,101.6869
Kuala Lumpur,50642,3.139,101.6869
Kuala Lumpur,50644,3.139,101.6869
Kuala Lumpur,50646,3.139,101.6869
Kuala Lumpur,50648,3.139,101.6869
Kuala Lumpur,50650,3.139,101.6869
Kuala Lumpur,50652,3.139,101.6869
Kuala Lumpur,50653,3.139,101.6869
Kuala Lumpur,50656,3.1466,101.6933
Kuala Lumpur,50658,3.139,101.6869
Kuala Lumpur,50660,3.139,101.6869
Kuala Lumpur,50661,3.139,101.6869
Kuala Lumpur,50662,3.139,101.6869
Kuala Lumpur,50664,3.139,101.6869
Kuala Lumpur,50666,3.139,101.6869
Kuala Lumpur,50668,3.139,101.6869
Kuala Lumpur,50670,3.139,101.6869
Kuala Lumpur,50672,3.139,101.6869
Kuala Lumpur,50673,3.139,101.6869
Kuala Lumpur,50676,3.139,101.6869
Kuala Lumpur,50677,3.139,101.6869
Kuala Lumpur,50678,3.139,101.6869
Kuala Lumpur,50680,3.139,101.6869
Kuala Lumpur,50682,3.1306,101.6983
Kuala Lumpur,50684,3.1479,101.6919
Kuala Lumpur,50688,3.139,101.6869
Kuala Lumpur,50694,3.156,101.6915
Kuala Lumpur,50700,3.139,101.6869
Kuala Lumpur,50702,3.139,101.6869
Kuala Lumpur,50704,3.139,101.6869
Kuala Lumpur,50706,3.139,101.6869
Kuala Lumpur,50708,3.139,101.6869
Kuala Lumpur,50710,3.139,101.6869
Kuala Lumpur,50712,3.139,101.6869
Kuala Lumpur,50714,3.139,101.6869
Kuala Lumpur,50716,3.139,101.6869
Kuala Lumpur,50718,3.139,101.6869
Kuala Lumpur,50720,3.139,101.6869
Kuala Lumpur,50722,3.139,101.6869
Kuala Lumpur,50724,3.139,101.6869
Kuala Lumpur,50726,3.139,101.6869
Kuala Lumpur,50728,3.139,101.6869
Kuala Lumpur,50730,3.139,101.6869
Kuala Lumpur,50732,3.139,101.6869
Kuala Lumpur,50734,3.139,101.6869
Kuala Lumpur,50736,3.139,101.6869
Kuala Lumpur,50738,3.139,101.6869
Kuala Lumpur,50740,3.139,101.6869
Kuala Lumpur,50742,3.139,101.6869
Kuala Lumpur,50744,3.139,101.6869
Kuala Lumpur,50746,3.139,101.6869
Kuala Lumpur,50748,3.139,101.6869
Kuala Lumpur,50750,3.139,101.6869
Kuala Lumpur,50752,3.139,101.6869
Kuala Lumpur,50754,3.139,101.6869
Kuala Lumpur,50758,3.139,101.6869
Kuala Lumpur,50760,3.139,101.6869
Kuala Lumpur,50762,3.139,101.6869
Kuala Lumpur,50764,3.139,101.6869
Kuala Lumpur,50766,3.139,101.6869
Kuala Lumpur,50768,3.139,101.6869
Kuala Lumpur,50770,3.139,101.6869
Kuala Lumpur,50772,3.139,101.6869
Kuala Lumpur,50774,3.139,101.6869
Kuala Lumpur,50776,3.139,101.6869
Kuala Lumpur,50778,3.139,101.6869
Kuala Lumpur,50780,3.139,101.6869
Kuala Lumpur,50782,3.139,101.6869
Kuala Lumpur,50784,3.139,101.6869
Kuala Lumpur,50786,3.139,101.6869
Kuala Lumpur,50788,3.139,101.6869
Kuala Lumpur,50790,3.139,101.6869
Kuala Lumpur,50792,3.139,101.6869
Kuala Lumpur,50794,3.139,101.6869
Kuala Lumpur,50796,3.139,101.6869
Kuala Lumpur,50798,3.139,101.6869
Kuala Lumpur,50800,3.139,101.6869
Kuala Lumpur,50802,3.139,101.6869
Kuala Lumpur,50804,3.139,101.6869
Kuala Lumpur,50806,3.139,101.6869
Kuala Lumpur,50808,3.139,101.6869
Kuala Lumpur,50810,3.139,101.6869
Kuala Lumpur,50812,3.139,101.6869
Kuala Lumpur,50814,3.139,101.6869
Kuala Lumpur,50816,3.139,101.6869
Kuala Lumpur,50818,3.139,101.6869
Kuala Lumpur,50901,3.139,101.6869
Kuala Lumpur,50902,3.139,101.6869
Kuala Lumpur,50903,3.139,101.6869
Kuala Lumpur,50904,3.139,101.6869
Kuala Lumpur,50906,3.139,101.6869
Kuala Lumpur,50907,3.139,101.6869
Kuala Lumpur,50908,3.139,101.6869
Kuala Lumpur,50909,3.139,101.6869
Kuala Lumpur,50910,3.139,101.6869
Kuala Lumpur,50911,3.139,101.6869
Kuala Lumpur,50912,3.139,101.6869
Kuala Lumpur,50913,3.139,101.6869
Kuala Lumpur,50914,3.139,101.6869
Kuala Lumpur,50915,3.139,101.6869
Kuala Lumpur,50916,3.139,101.6869
Kuala Lumpur,50917,3.139,101.6869
Kuala Lumpur,50918,3.139,101.6869
Kuala Lumpur,50919,3.139,101.6869
Kuala Lumpur,50920,3.139,101.6869
Kuala Lumpur,50921,3.139,101.6869
Kuala Lumpur,50922,3.139,101.6869
Kuala Lumpur,50923,3.139,101.6869
Kuala Lumpur,50924,3.139,101.6869
Kuala Lumpur,50925,3.139,101.6869
Kuala Lumpur,50926,3.139,101.6869
Kuala Lumpur,50927,3.139,101.6869
Kuala Lumpur,50928,3.139,101.6869
Kuala Lumpur,50929,3.139,101.6869
Kuala Lumpur,50930,3.139,101.6869
Kuala Lumpur,50931,3.139,101.6869
Kuala Lumpur,50932,3.139,101.6869
Kuala Lumpur,50933,3.139,101.6869
Kuala Lumpur,50934,3.139,101.6869
Kuala Lumpur,50935,3.139,101.6869
Kuala Lumpur,50936,3.139,101.6869
Kuala Lumpur,50937,3.139,101.6869
Kuala Lumpur,50938,3.139,101.6869
Kuala Lumpur,50939,3.139,101.6869
Kuala Lumpur,50940,3.139,101.6869
Kuala Lumpur,50941,3.139,101.6869
Kuala Lumpur,50942,3.139,101.6869
Kuala Lumpur,50943,3.139,101.6869
Kuala Lumpur,50944,3.139,101.6869
Kuala Lumpur,50945,3.139,101.6869
Kuala Lumpur,50946,3.139,101.6869
Kuala Lumpur,50947,3.139,101.6869
Kuala Lumpur,50948,3.139,101.6869
Kuala Lumpur,50949,3.139,101.6869
Kuala Lumpur,50950,3.139,101.6869
Kuala Lumpur,50988,3.1428,101.6902
Kuala Lumpur,50989,3.139,101.6869
Kuala Lumpur,50990,3.139,101.6869
Kuala Lumpur,51000,3.1911,101.6932
Kuala Lumpur,51100,3.175,101.6893
Kuala Lumpur,51200,3.1876,101.672
Kuala Lumpur,51700,3.139,101.6869
Kuala Lumpur,51990,3.139,101.6869
Kuala Lumpur,52000,3.2029,101.6647
Kuala Lumpur,52100,3.1833,101.6584
Kuala Lumpur,52200,3.1553,101.6668
Kuala Lumpur,53000,3.1788,101.7045
Kuala Lumpur,53100,3.1962,101.7121
Kuala Lumpur,53200,3.1702,101.7056
Kuala Lumpur,53300,3.1698,101.706
Kuala Lumpur,53700,3.139,101.6869
Kuala Lumpur,53800,3.139,101.6869
Kuala Lumpur,53990,3.139,101.6869
Kuala Lumpur,54000,3.1649,101.723
Kuala Lumpur,54100,3.1536,101.7038
Kuala Lumpur,54200,3.1729,101.7334
Kuala Lumpur,55000,3.1532,101.7252
Kuala Lumpur,55100,3.1366,101.7172
Kuala Lumpur,55200,3.139,101.706
Kuala Lumpur,55300,3.1177,101.7424
Kuala Lumpur,55700,3.139,101.6869
Kuala Lumpur,55710,3.139,101.6869
Kuala Lumpur,55720,3.139,101.6869
Kuala Lumpur,55900,3.139,101.6869
Kuala Lumpur,55902,3.139,101.6869
Kuala Lumpur,55904,3.139,101.6869
Kuala Lumpur,55906,3.139,101.6869
Kuala Lumpur,55908,3.139,101.6869
Kuala Lumpur,55910,3.139,101.6869
Kuala Lumpur,55912,3.139,101.6869
Kuala Lumpur,55914,3.139,101.6869
Kuala Lumpur,55916,3.139,101.6869
Kuala Lumpur,55918,3.139,101.6869
Kuala Lumpur,55920,3.139,101.6869
Kuala Lumpur,55922,3.139,101.6869
Kuala Lumpur,55924,3.139,101.6869
Kuala Lumpur,55926,3.139,101.6869
Kuala Lumpur,55928,3.139,101.6869
Kuala Lumpur,55930,3.139,101.6869
Kuala Lumpur,55932,3.139,101.6869
Kuala Lumpur,55934,3.139,101.6869
Kuala Lumpur,55990,3.139,101.6869
Cheras,56000,3.075,101.7382
Cheras,56100,3.1105,101.7389
Kuala Lumpur,57000,3.1013,101.6915
Kuala Lumpur,57100,3.1093,101.6995
Kuala Lumpur,57700,3.139,101.6869
Kuala Lumpur,57990,3.139,101.6869
Kuala Lumpur,58000,3.1238,101.6841
Kuala Lumpur,58100,3.1185,101.687
Kuala Lumpur,58200,3.0934,101.6794
Kuala Lumpur,58700,3.139,101.6869
Kuala Lumpur,58990,3.139,101.6869
Kuala Lumpur,59000,3.1328,101.6783
Kuala Lumpur,59100,3.1317,101.6707
Kuala Lumpur,59200,3.1185,101.6757
Kuala Lumpur,59700,3.139,101.6869
Kuala Lumpur,59800,3.139,101.6869
Kuala Lumpur,59990,3.139,101.6869
Kuala Lumpur,60000,3.1456,101.645
Batu Caves,68100,3.2251,101.6803
Labuan,87000,5.296,115.2429
Labuan,87010,5.2913,115.2459
Labuan,87011,5.2913,115.2459
Labuan,87012,5.2913,115.2459
Labuan,87013,5.2913,115.2459
Labuan,87014,5.2913,115.2459
Labuan,87015,5.2913,115.2459
Labuan,87016,5.2913,115.2459
Labuan,87017,5.2913,115.2459
Labuan,87018,5.2913,115.2459
Labuan,87019,5.2913,115.2459
Labuan,87020,5.2913,115.2459
Labuan,87021,5.2913,115.2459
Labuan,87022,5.2913,115.2459
Labuan,87023,5.2913,115.2459
Labuan,87024,5.2913,115.2459
Labuan,87025,5.2913,115.2459
Labuan,87026,5.2913,115.2459
Labuan,87027,5.2913,115.2459
Labuan,87028,5.2913,115.2459
Labuan,87029,5.2913,115.2459
Labuan,87030,5.2913,115.2459
Labuan,87031,5.2913,115.2459
Labuan,87032,5.2913,115.2459
Labuan,87033,5.2913,115.2459
Melaka,75000,2.2019,102.2518
Melaka,75050,2.1993,102.2685
Melaka,75100,2.207,102.2545
Melaka,75150,2.2257,102.2563
Melaka,75200,2.2115,102.241
Melaka,75250,2.227,102.2396
Melaka,75260,2.2428,102.2376
Melaka,75300,2.2074,102.251
Melaka,75350,2.2218,102.2585
Melaka,75400,2.211,102.2548
Air Keroh,75450,2.3053,102.3346
Melaka,75460,2.21,102.2906
Melaka,75500,2.2057,102.2562
Melaka,75502,2.2057,102.2562
Melaka,75503,2.2057,102.2562
Melaka,75504,2.2057,102.2562
Melaka,75505,2.2057,102.2562
Melaka,75506,2.2039,102.2526
Melaka,75508,2.2057,102.2562
Melaka,75510,2.2057,102.2562
Melaka,75512,2.2057,102.2562
Melaka,75514,2.2057,102.2562
Melaka,75516,2.2057,102.2562
Melaka,75517,2.2057,102.2562
Melaka,75518,2.2057,102.2562
Melaka,75519,2.2046,102.2468
Melaka,75532,2.2057,102.2562
Melaka,75536,2.2057,102.2562
Melaka,75538,2.2057,102.2562
Melaka,75540,2.2057,102.2562
Melaka,75542,2.2057,102.2562
Melaka,75546,2.2057,102.2562
Melaka,75550,2.2057,102.2562
Melaka,75551,2.2057,102.2562
Melaka,75552,2.2057,102.2562
Melaka,75560,2.2057,102.2562
Melaka,75564,2.2057,102.2562
Melaka,75566,2.2057,102.2562
Melaka,75570,2.2057,102.2562
Melaka,75572,2.2057,102.2562
Melaka,75576,2.2057,102.2562
Melaka,75578,2.2057,102.2562
Melaka,75582,2.2115,102.2559
Melaka,75584,2.2057,102.2562
Melaka,75586,2.2193,102.2612
Melaka,75590,2.2057,102.2562
Melaka,75592,2.2057,102.2562
Melaka,75594,2.2057,102.2562
Melaka,75596,2.2057,102.2562
Melaka,75600,2.2057,102.2562
Melaka,75604,2.2166,102.2669
Melaka,75606,2.2057,102.2562
Melaka,75608,2.2057,102.2562
Melaka,75609,2.2057,102.2562
Melaka,75610,2.2057,102.2562
Melaka,75612,2.2057,102.2562
Melaka,75618,2.2585,102.2505
Melaka,75620,2.2315,102.298
Melaka,75622,2.2057,102.2562
Melaka,75626,2.2057,102.2562
Melaka,75628,2.2057,102.2562
Melaka,75630,2.2057,102.2562
Melaka,75632,2.2057,102.2562
Melaka,75646,2.2057,102.2562
Melaka,75648,2.2057,102.2562
Melaka,75662,2.2057,102.2562
Melaka,75670,2.2057,102.2562
Melaka,75672,2.2057,102.2562
Melaka,75673,2.2057,102.2562
Melaka,75674,2.2057,102.2562
Melaka,75676,2.2057,102.2562
Melaka,75690,2.2057,102.2562
Melaka,75700,2.2057,102.2562
Melaka,75710,2.2057,102.2562
Melaka,75720,2.2057,102.2562
Melaka,75730,2.2057,102.2562
Melaka,75740,2.2057,102.2562
Melaka,75750,2.2057,102.2562
Melaka,75760,2.2057,102.2562
Melaka,75900,2.2057,102.2562
Melaka,75902,2.2057,102.2562
Melaka,75904,2.2057,102.2562
Melaka,75906,2.2057,102.2562
Melaka,75908,2.2057,102.2562
Melaka,75910,2.2057,102.2562
Melaka,75912,2.2057,102.2562
Melaka,75914,2.2057,102.2562
Melaka,75916,2.2057,102.2562
Melaka,75918,2.2057,102.2562
Melaka,75990,2.2057,102.2562
Durian Tunggal,76100,2.3013,102.2842
Durian Tunggal,76109,2.3149,102.2814
Kem Trendak,76200,2.2891,102.3256
Sungai Udang,76300,2.2867,102.1406
Melaka,76400,2.2057,102.2562
Tanjong Kling,76409,2.2376,102.1588
Melaka,76450,2.2682,102.2234
Jasin,77000,2.2933,102.4146
Jasin,77007,2.3048,102.4258
Jasin,77008,2.3048,102.4258
Jasin,77009,2.3048,102.4258
Asahan,77100,2.38,102.4819
Asahan,77109,2.3862,102.492
Bemban,77200,2.2582,102.3555
Merlimau,77300,2.198,102.3718
Merlimau,77309,2.1389,102.4051
Sungai Rambai,77400,2.1619,102.4309
Sungai Rambai,77409,2.1368,102.5051
Selandar,77500,2.384,102.3584
Alor Gajah,78000,2.3618,102.2215
Alor Gajah,78009,2.374,102.2114
Lubok China,78100,2.4326,102.1127
Kuala Sungai Baru,78200,2.33,102.0961
Masjid Tanah,78300,2.3301,102.1472
Masjid Tanah,78307,2.3504,102.1078
Masjid Tanah,78309,2.3504,102.1078
Seremban,70000,2.8109,101.9012
Seremban,70100,2.7107,101.9513
Seremban,70200,2.7518,101.9428
Seremban,70300,2.7313,101.9307
Seremban,70400,2.7486,101.9435
Seremban,70450,2.7724,101.9402
Seremban,70500,2.7186,101.949
Seremban,70502,2.7186,101.949
Seremban,70503,2.7186,101.949
Seremban,70504,2.7186,101.949
Seremban,70505,2.7186,101.949
Seremban,70506,2.7186,101.949
Seremban,70508,2.7186,101.949
Seremban,70512,2.7186,101.949
Seremban,70516,2.7186,101.949
Seremban,70517,2.7186,101.949
Seremban,70518,2.7186,101.949
Seremban,70532,2.7186,101.949
Seremban,70534,2.7186,101.949
Seremban,70536,2.7186,101.949
Seremban,70540,2.7186,101.949
Seremban,70546,2.7186,101.949
Seremban,70548,2.7186,101.949
Seremban,70550,2.7186,101.949
Seremban,70551,2.7186,101.949
Seremban,70558,2.7186,101.949
Seremban,70560,2.7186,101.949
Seremban,70564,2.7186,101.949
Seremban,70570,2.7186,101.949
Seremban,70572,2.7186,101.949
Seremban,70576,2.7186,101.949
Seremban,70578,2.7186,101.949
Seremban,70582,2.7186,101.949
Seremban,70586,2.7186,101.949
Seremban,70590,2.7186,101.949
Seremban,70592,2.7186,101.949
Seremban,70594,2.7186,101.949
Seremban,70596,2.7186,101.949
Seremban,70600,2.7313,101.9353
Seremban,70604,2.7186,101.949
Seremban,70606,2.7186,101.949
Seremban,70608,2.7186,101.949
Seremban,70609,2.7186,101.949
Seremban,70610,2.7186,101.949
Seremban,70620,2.6338,102.0522
Seremban,70626,2.7186,101.949
Seremban,70628,2.7186,101.949
Seremban,70632,2.6287,102.057
Seremban,70634,2.7186,101.949
Seremban,70644,2.723,101.9414
Seremban,70646,2.7186,101.949
Seremban,70648,2.7186,101.949
Seremban,70658,2.7186,101.949
Seremban,70664,2.7186,101.949
Seremban,70670,2.7186,101.949
Seremban,70672,2.7186,101.949
Seremban,70673,2.7186,101.949
Seremban,70674,2.7186,101.949
Seremban,70676,2.7186,101.949
Seremban,70690,2.7186,101.949
Seremban,70700,2.7186,101.949
Seremban,70710,2.7186,101.949
Seremban,70720,2.7186,101.949
Seremban,70730,2.7186,101.949
Seremban,70740,2.7186,101.949
Seremban,70750,2.7186,101.949
Seremban,70990,2.7186,101.949
Port Dickson,71000,2.5932,101.8413
Port Dickson,71007,2.5364,101.8068
Port Dickson,71009,2.5364,101.8068
Rantau,71010,2.589,101.9629
Si Rusa,71050,2.5099,102.0049
Si Rusa,71059,2.4267,101.8659
Rantau,71100,2.5693,101.997
Rantau,71109,2.589,101.9629
Linggi,71150,2.5272,102.026
Linggi,71159,2.4674,102.0523
Rantau,71200,2.6309,101.9554
Rantau,71209,2.589,101.9629
Si Rusa,71250,2.5045,101.9217
Si Rusa,71259,2.4267,101.8659
Rembau,71300,2.5798,102.1108
Rembau,71309,2.5797,102.1024
Kota,71350,2.5231,102.1388
Kota,71359,2.5083,102.1423
Rembau,71400,2.5968,102.0899
Rembau,71409,2.5797,102.1024
Seremban,71450,2.701,101.9617
Seremban,71459,2.7186,101.949
Tanjong Ipoh,71500,2.73,102.1526
Tanjong Ipoh,71509,2.7501,102.1811
Tanjong Ipoh,71550,2.6982,102.1791
Tanjong Ipoh,71559,2.7501,102.1811
Kuala Klawang,71600,2.9555,102.0719
Kuala Klawang,71609,2.9472,102.0855
Kuala Klawang,71650,2.9697,102.0807
Kuala Klawang,71659,2.9472,102.0855
Mantin,71700,2.8078,101.9088
Mantin,71707,2.8226,101.9
Mantin,71709,2.8226,101.9
Mantin,71750,2.8383,101.9214
Mantin,71759,2.8226,101.9
Bandar Baru Enstek,71760,2.7526,101.7667
Seremban,71770,2.738,101.9624
Nilai,71800,2.8093,101.8334
Nilai,71807,2.8393,101.7949
Nilai,71809,2.8393,101.7949
Labu,71900,2.7339,101.8927
Labu,71907,2.7633,101.7696
Labu,71909,2.7633,101.7696
Seremban,71950,2.6981,101.9075
Port Dickson,71960,2.6616,101.7687
Kuala Pilah,72000,2.7226,102.2138
Kuala Pilah,72007,2.749,102.2502
Kuala Pilah,72009,2.749,102.2502
Bahau,72100,2.8199,102.2934
Bahau,72107,2.8046,102.3876
Bahau,72109,2.8046,102.3876
Bandar Seri Jempol,72120,2.8299,102.2531
Bandar Seri Jempol,72127,2.8708,102.2548
Bandar Seri Jempol,72129,2.8708,102.2548
Batu Kikir,72200,2.8352,102.2086
Batu Kikir,72207,2.8441,102.3136
Batu Kikir,72209,2.8441,102.3136
Simpang Pertang,72300,3.018,102.3018
Simpang Pertang,72307,2.9571,102.3035
Simpang Pertang,72309,2.9571,102.3035
Simpang Durian,72400,3.0168,102.1793
Simpang Durian,72409,3.1109,102.2248
Kuala Pilah,72500,2.7566,102.2523
Kuala Pilah,72507,2.749,102.2502
Kuala Pilah,72509,2.749,102.2502
Tampin,73000,2.5687,102.1824
Tampin,73007,2.4898,102.2377
Tampin,73009,2.4898,102.2377
Johol,73100,2.6182,102.2701
Johol,73109,2.636,102.2933
Gemencheh,73200,2.6213,102.3113
Gemencheh,73207,2.5946,102.4134
Gemencheh,73209,2.5946,102.4134
Gemencheh,73300,2.5794,102.3977
Gemencheh,73309,2.5946,102.4134
Gemas,73400,2.6637,102.5259
Gemas,73409,2.6673,102.5731
Gemas,73420,2.6592,102.5529
Pusat Bandar Palong,73430,2.7184,102.5765
Pusat Bandar Palong,73440,2.6873,102.5585
Pusat Bandar Palong,73450,2.7332,102.5843
Pusat Bandar Palong,73460,3.0808,102.5489
Pusat Bandar Palong,73470,2.9001,102.5625
Gemas,73480,2.6705,102.5451
Rompin,73500,2.694,102.4612
Rompin,73507,2.6945,102.5264
Rompin,73509,2.6945,102.5264
Kuantan,25000,3.8099,103.2893
Kuantan,25050,3.8109,103.2884
Kuantan,25100,3.7784,103.1744
Kuantan,25150,3.7686,103.2328
Kuantan,25200,3.7696,103.2224
Kuantan,25250,3.751,103.1276
Kuantan,25300,3.8091,103.2363
Kuantan,25350,3.7745,103.2176
Kuantan,25500,3.825,103.3239
Kuantan,25502,3.825,103.3239
Kuantan,25503,3.825,103.3239
Kuantan,25504,3.825,103.3239
Kuantan,25505,3.825,103.3239
Kuantan,25506,3.825,103.3239
Kuantan,25508,3.825,103.3239
Kuantan,25509,3.825,103.3239
Kuantan,25512,3.825,103.3239
Kuantan,25514,3.825,103.3239
Kuantan,25516,3.825,103.3239
Kuantan,25517,3.825,103.3239
Kuantan,25518,3.825,103.3239
Kuantan,25520,3.825,103.3239
Kuantan,25524,3.825,103.3239
Kuantan,25529,3.825,103.3239
Kuantan,25532,3.825,103.3239
Kuantan,25534,3.825,103.3239
Kuantan,25536,3.825,103.3239
Kuantan,25538,3.825,103.3239
Kuantan,25540,3.825,103.3239
Kuantan,25546,3.825,103.3239
Kuantan,25548,3.4931,103.3912
Kuantan,25550,3.825,103.3239
Kuantan,25551,3.825,103.3239
Kuantan,25552,3.825,103.3239
Kuantan,25556,3.825,103.3239
Kuantan,25558,3.825,103.3239
Kuantan,25560,3.825,103.3239
Kuantan,25564,3.4924,103.3896
Kuantan,25570,3.825,103.3239
Kuantan,25576,3.825,103.3239
Kuantan,25578,3.825,103.3239
Kuantan,25582,3.4923,103.3896
Kuantan,25584,3.825,103.3239
Kuantan,25586,3.825,103.3239
Kuantan,25590,3.8188,103.3257
Kuantan,25592,3.825,103.3239
Kuantan,25594,3.825,103.3239
Kuantan,25596,3.825,103.3239
Kuantan,25598,3.825,103.3239
Kuantan,25600,3.825,103.3239
Kuantan,25604,3.825,103.3239
Kuantan,25606,3.825,103.3239
Kuantan,25608,3.8023,101.8558
Kuantan,25609,3.825,103.3239
Kuantan,25610,3.825,103.3239
Kuantan,25612,3.825,103.3239
Kuantan,25614,3.79,103.3161
Kuantan,25620,3.8223,103.3565
Kuantan,25622,3.825,103.3239
Kuantan,25626,3.825,103.3239
Kuantan,25628,3.825,103.3239
Kuantan,25630,3.825,103.3239
Kuantan,25632,3.825,103.3239
Kuantan,25644,3.7984,103.3225
Kuantan,25646,3.825,103.3239
Kuantan,25648,3.825,103.3239
Kuantan,25656,3.825,103.3239
Kuantan,25660,3.825,103.3239
Kuantan,25661,3.825,103.3239
Kuantan,25662,3.8243,103.3328
Kuantan,25670,3.825,103.3239
Kuantan,25672,3.825,103.3239
Kuantan,25673,3.825,103.3239
Kuantan,25674,3.8029,103.3237
Kuantan,25676,3.8087,103.3267
Kuantan,25690,3.825,103.3239
Kuantan,25700,3.825,103.3239
Kuantan,25710,3.825,103.3239
Kuantan,25720,3.825,103.3239
Kuantan,25730,3.825,103.3239
Kuantan,25740,3.825,103.3239
Kuantan,25750,3.825,103.3239
Kuantan,25990,3.7,103.0226
Kuantan,26010,3.8198,103.2423
Kuantan,26040,3.8459,103.1769
Bukit Goh,26050,3.7793,102.9106
Kuantan,26060,3.6228,102.3926
Kuantan,26070,3.7579,103.1751
Kuantan,26080,3.6981,103.0195
Bukit Goh,26090,3.822,103.0217
Balok,26100,3.912,103.3298
Kuantan,26140,3.957,103.226
Balok,26150,3.9317,103.3769
Kuantan,26170,3.9349,103.3703
Kuantan,26180,3.8593,103.275
Balok,26190,4.0288,103.3853
Sungai Lembing,26200,3.8104,102.9129
Jaya Gading,26250,3.8173,103.1733
Gambang,26300,3.7444,103.1378
Gambang,26310,3.7071,103.0815
Gambang,26320,3.6745,103.04
Gambang,26330,3.6768,103.0472
Gambang,26340,2.638,103.6324
Gambang,26350,3.665,103.1005
Gambang,26360,3.6518,103.0645
Gambang,26370,3.7137,103.0738
Bandar Pusat Jengka,26400,3.6739,102.5212
Bandar Pusat Jengka,26410,3.7416,102.5443
Bandar Pusat Jengka,26420,3.699,102.5528
Bandar Pusat Jengka,26430,3.7416,102.5443
Bandar Pusat Jengka,26440,3.6808,102.6015
Bandar Pusat Jengka,26450,3.7028,102.5393
Bandar Pusat Jengka,26460,3.7263,102.5438
Bandar Pusat Jengka,26485,3.7416,102.5443
Bandar Pusat Jengka,26490,3.7416,102.5443
Bandar Pusat Jengka,26500,3.7416,102.5443
Pekan,26600,3.5374,103.2801
Pekan,26607,3.5007,103.3901
Pekan,26609,3.5007,103.3901
Pekan,26610,3.5732,103.2581
Pekan,26620,3.5087,103.0262
Pekan,26630,3.5333,103.2986
Pekan,26640,3.5401,103.2532
Pekan,26650,3.4794,103.129
Pekan,26660,3.5065,103.179
Pekan,26680,3.2987,103.3341
Chini,26690,3.2106,103.0223
Muadzam Shah,26700,3.2041,102.8052
Kuala Rompin,26800,2.9496,103.4089
Kuala Rompin,26810,2.8956,103.3812
Kuala Rompin,26820,2.9468,103.3286
Bandar Tun Abdul Razak,26900,2.9499,102.6818
Jerantut,27000,3.4004,102.0898
Jerantut,27010,3.9627,102.3446
Jerantut,27020,3.9436,102.4382
Damak,27030,3.8487,102.246
Jerantut,27040,3.9721,102.3729
Jerantut,27050,3.8629,102.35
Jerantut,27060,3.9293,102.4133
Jerantut,27070,3.884,102.5606
Jerantut,27090,3.8803,102.4837
Padang Tengku,27100,4.1907,102.0495
Jerantut,27150,3.992,102.3399
Kuala Lipis,27200,4.0629,102.1071
Kuala Lipis,27207,4.1872,102.0547
Kuala Lipis,27209,4.1872,102.0547
Kuala Lipis,27210,4.5119,101.9734
Benta,27300,3.9583,102.1692
Benta,27310,3.9168,102.0663
Dong,27400,3.8834,101.983
Raub,27600,3.7577,101.9827
Raub,27607,3.7926,101.8584
Raub,27609,3.7926,101.8584
Raub,27610,3.7875,102.1388
Raub,27620,3.7984,102.1182
Sungai Ruan,27630,3.7417,101.9874
Sungai Koyan,27650,4.1582,101.84
Sega,27660,3.9817,101.9348
Raub,27670,3.7602,101.8365
Temerloh,28000,3.484,102.4266
Temerloh,28007,3.4532,102.4245
Temerloh,28009,3.4532,102.4245
Temerloh,28010,3.5162,102.4182
Temerloh,28020,3.4822,102.4812
Temerloh,28030,3.6371,102.5241
Temerloh,28040,3.4884,102.431
Kuala Krau,28050,3.6237,102.456
Chenor,28100,3.5018,102.6455
Bandar Bera,28200,3.3437,102.5281
Triang,28300,3.3177,102.4798
Triang,28310,3.2641,102.4548
Triang,28320,3.1929,102.2939
Triang,28330,3.2919,102.5316
Kemayan,28340,3.251,102.5593
Kemayan,28380,3.2452,102.4252
Mentakab,28400,3.5435,102.3122
Mentakab,28407,3.4862,102.3283
Mentakab,28409,3.4862,102.3283
Lanchang,28500,3.5547,102.265
Karak,28600,3.4339,102.1543
Karak,28610,3.4551,102.0424
Karak,28620,3.3706,102.0504
Bentong,28700,3.5281,101.9763
Bentong,28707,3.5249,101.9097
Bentong,28709,3.5249,101.9097
Bentong,28730,3.4095,102.0024
Bentong,28740,3.2308,102.1151
Bentong,28750,3.4481,101.9142
Lurah Bilut,28800,3.6623,101.9202
Tanah Rata,39000,4.4301,101.4165
Tanah Rata,39007,4.4738,101.3786
Tanah Rata,39009,4.4738,101.3786
Tanah Rata,39010,4.1864,101.6687
Brinchang,39100,4.3557,101.6275
Ringlet,39200,4.2961,101.5451
Bukit Fraser,49000,3.7188,101.7403
Genting Highlands,69000,3.422,101.7892
Putrajaya,62000,2.9264,101.6964
Putrajaya,62007,2.9376,101.7032
Putrajaya,62050,2.9264,101.6964
Putrajaya,62100,2.928,101.698
Putrajaya,62150,2.9264,101.6964
Putrajaya,62200,2.9264,101.6964
Putrajaya,62250,2.9472,101.6872
Putrajaya,62300,2.9264,101.6964
Putrajaya,62502,2.9276,101.696
Putrajaya,62504,2.9264,101.6964
Putrajaya,62505,2.9264,101.6964
Putrajaya,62506,2.9264,101.6964
Putrajaya,62510,2.9264,101.6964
Putrajaya,62512,2.9264,101.6964
Putrajaya,62514,2.9264,101.6964
Putrajaya,62516,2.9264,101.6964
Putrajaya,62517,2.9264,101.6964
Putrajaya,62518,2.9384,101.7037
Putrajaya,62519,2.9264,101.6964
Putrajaya,62520,2.9264,101.6964
Putrajaya,62522,2.935,101.6945
Putrajaya,62524,2.9264,101.6964
Putrajaya,62526,2.9264,101.6964
Putrajaya,62527,2.9264,101.6964
Putrajaya,62530,2.9322,101.7008
Putrajaya,62532,2.9264,101.6964
Putrajaya,62536,2.9264,101.6964
Putrajaya,62540,2.9264,101.6964
Putrajaya,62542,2.9264,101.6964
Putrajaya,62546,2.9327,101.6976
Putrajaya,62550,2.9264,101.6964
Putrajaya,62551,2.9264,101.6964
Putrajaya,62570,2.9244,101.6923
Putrajaya,62574,2.9264,101.6964
Putrajaya,62576,2.9264,101.6964
Putrajaya,62582,2.9264,101.6964
Putrajaya,62584,2.9422,101.707
Putrajaya,62590,2.9264,101.6964
Putrajaya,62592,2.9264,101.6964
Putrajaya,62594,2.9264,101.6964
Putrajaya,62596,2.9264,101.6964
Putrajaya,62602,2.9267,101.6935
Putrajaya,62604,2.9293,101.6986
Putrajaya,62605,2.9264,101.6964
Putrajaya,62606,2.9264,101.6964
Putrajaya,62616,2.9264,101.6964
Putrajaya,62618,2.9264,101.6964
Putrajaya,62620,2.9206,101.6875
Putrajaya,62623,2.9151,101.6837
Putrajaya,62624,2.9264,101.6964
Putrajaya,62628,2.9264,101.6964
Putrajaya,62630,2.9264,101.6964
Putrajaya,62632,2.9264,101.6964
Putrajaya,62648,2.9213,101.6858
Putrajaya,62652,2.9232,101.6915
Putrajaya,62654,2.9264,101.6964
Putrajaya,62662,2.9309,101.6977
Putrajaya,62668,2.9264,101.6964
Putrajaya,62670,2.9366,101.6961
Putrajaya,62674,2.9177,101.6839
Putrajaya,62675,2.9344,101.7089
Putrajaya,62676,2.9264,101.6964
Putrajaya,62677,2.9264,101.6964
Putrajaya,62686,2.9264,101.6964
Putrajaya,62692,2.9306,101.6955
Putrajaya,62988,2.9251,101.6574
Kangar,01000,6.4312,100.2056
Kangar,01007,6.4455,100.2002
Kangar,01009,6.4455,100.2002
Kangar,01500,6.4455,100.2002
Kangar,01502,6.4455,100.2002
Kangar,01503,6.4455,100.2002
Kangar,01504,6.4455,100.2002
Kangar,01505,6.4455,100.2002
Kangar,01506,6.4455,100.2002
Kangar,01508,6.4455,100.2002
Kangar,01512,6.4455,100.2002
Kangar,01514,6.4455,100.2002
Kangar,01516,6.4455,100.2002
Kangar,01517,6.4455,100.2002
Kangar,01518,6.4455,100.2002
Kangar,01524,6.4455,100.2002
Kangar,01529,6.4455,100.2002
Kangar,01532,6.4455,100.2002
Kangar,01538,6.4455,100.2002
Kangar,01540,6.4455,100.2002
Kangar,01546,6.4199,100.1698
Kangar,01550,6.3979,100.1325
Kangar,01551,6.4455,100.2002
Kangar,01556,6.4455,100.2002
Kangar,01560,6.4455,100.2002
Kangar,01564,6.4455,100.2002
Kangar,01570,6.4455,100.2002
Kangar,01572,6.4455,100.2002
Kangar,01576,6.4455,100.2002
Kangar,01578,6.4455,100.2002
Kangar,01582,6.4118,100.2001
Kangar,01586,6.4455,100.2002
Kangar,01590,6.4455,100.2002
Kangar,01592,6.4455,100.2002
Kangar,01594,6.4455,100.2002
Kangar,01596,6.4455,100.2002
Kangar,01598,6.4455,100.2002
Kangar,01600,6.4455,100.2002
Kangar,01604,6.4455,100.2002
Kangar,01606,6.4455,100.2002
Kangar,01608,6.4455,100.2002
Kangar,01609,6.4394,100.1963
Kangar,01610,6.4455,100.2002
Kangar,01612,6.4455,100.2002
Kangar,01614,6.4455,100.2002
Kangar,01620,6.4421,100.2337
Kangar,01622,6.4455,100.2002
Kangar,01626,6.4455,100.2002
Kangar,01628,6.4455,100.2002
Kangar,01630,6.4124,100.1998
Kangar,01632,6.5233,100.23
Kangar,01634,6.4455,100.2002
Kangar,01644,6.4374,100.1934
Kangar,01646,6.4455,100.2002
Kangar,01648,6.4455,100.2002
Kangar,01660,6.4455,100.2002
Kangar,01664,6.4455,100.2002
Kangar,01670,6.4455,100.2002
Kangar,01672,6.4455,100.2002
Kangar,01673,6.4455,100.2002
Kangar,01674,6.4248,100.1975
Kangar,01676,6.4455,100.2002
Kangar,01680,6.4455,100.2002
Kangar,01694,6.4455,100.2002
Kuala Perlis,02000,6.2683,100.2088
Padang Besar,02100,6.5341,100.31
Kaki Bukit,02200,6.6472,100.2022
Kangar,02400,6.4547,100.2144
Kangar,02450,6.4756,100.225
Kangar,02500,6.4113,100.2371
Arau,02600,6.4246,100.2736
Arau,02607,6.415,100.2823
Arau,02609,6.415,100.2823
Simpang Ampat,02700,6.3155,100.2026
Simpang Ampat,02707,6.3279,100.1958
Simpang Ampat,02709,6.3279,100.1958
Simpang Ampat,02800,6.3194,100.2031
Pulau Pinang,10000,5.4166,100.3305
Pulau Pinang,10050,5.4195,100.3278
Pulau Pinang,10100,5.4166,100.3326
Pulau Pinang,10150,5.4067,100.3259
Pulau Pinang,10200,5.4208,100.3361
Pulau Pinang,10250,5.4265,100.3205
Pulau Pinang,10300,5.4111,100.3334
Pulau Pinang,10350,5.4309,100.3138
Pulau Pinang,10400,5.4172,100.3233
Pulau Pinang,10450,5.4182,100.3068
Pulau Pinang,10460,5.4119,100.3142
Pulau Pinang,10470,5.4289,100.3104
Pulau Pinang,10500,5.4179,100.3296
Pulau Pinang,10502,5.4179,100.3296
Pulau Pinang,10503,5.4179,100.3296
Pulau Pinang,10504,5.4179,100.3296
Pulau Pinang,10505,5.4179,100.3296
Pulau Pinang,10506,5.4179,100.3296
Pulau Pinang,10508,5.4179,100.3296
Pulau Pinang,10512,5.4179,100.3296
Pulau Pinang,10514,5.4179,100.3296
Pulau Pinang,10516,5.4179,100.3296
Pulau Pinang,10518,5.4179,100.3296
Pulau Pinang,10524,5.4179,100.3296
Pulau Pinang,10534,5.4179,100.3296
Pulau Pinang,10538,5.4179,100.3296
Pulau Pinang,10540,5.4179,100.3296
Pulau Pinang,10542,5.4179,100.3296
Pulau Pinang,10546,5.4179,100.3296
Pulau Pinang,10550,5.3986,100.4077
Pulau Pinang,10551,5.4179,100.3296
Pulau Pinang,10552,5.4179,100.3296
Pulau Pinang,10558,5.4179,100.3296
Pulau Pinang,10560,5.4179,100.3296
Pulau Pinang,10564,5.4179,100.3296
Pulau Pinang,10566,5.4179,100.3296
Pulau Pinang,10570,5.4179,100.3296
Pulau Pinang,10576,5.4179,100.3296
Pulau Pinang,10578,5.4179,100.3296
Pulau Pinang,10582,5.4614,100.2192
Pulau Pinang,10590,5.4179,100.3296
Pulau Pinang,10592,5.4179,100.3296
Pulau Pinang,10593,5.4179,100.3296
Pulau Pinang,10594,5.4179,100.3296
Pulau Pinang,10596,5.4179,100.3296
Pulau Pinang,10600,5.3677,100.4346
Pulau Pinang,10604,5.4179,100.3296
Pulau Pinang,10609,5.4179,100.3296
Pulau Pinang,10610,5.4179,100.3296
Pulau Pinang,10612,5.4179,100.3296
Pulau Pinang,10620,5.3518,100.3042
Pulau Pinang,10622,5.4179,100.3296
Pulau Pinang,10626,5.4179,100.3296
Pulau Pinang,10628,5.4179,100.3296
Pulau Pinang,10634,5.4179,100.3296
Pulau Pinang,10646,5.4179,100.3296
Pulau Pinang,10648,5.4179,100.3296
Pulau Pinang,10660,5.4179,100.3296
Pulau Pinang,10661,5.4179,100.3296
Pulau Pinang,10662,5.4179,100.3296
Pulau Pinang,10670,5.4179,100.3296
Pulau Pinang,10672,5.3959,100.3155
Pulau Pinang,10673,5.3924,100.3977
Pulau Pinang,10674,5.4179,100.3296
Pulau Pinang,10676,5.4186,100.3438
Pulau Pinang,10690,5.4179,100.3296
Pulau Pinang,10710,5.4179,100.3296
Pulau Pinang,10720,5.4179,100.3296
Pulau Pinang,10730,5.4179,100.3296
Pulau Pinang,10740,5.4179,100.3296
Pulau Pinang,10750,5.4179,100.3296
Pulau Pinang,10760,5.4179,100.3296
Pulau Pinang,10770,5.4179,100.3296
Pulau Pinang,10780,5.4179,100.3296
Pulau Pinang,10790,5.4179,100.3296
Pulau Pinang,10800,5.4179,100.3296
Pulau Pinang,10810,5.4179,100.3296
Pulau Pinang,10820,5.4179,100.3296
Pulau Pinang,10830,5.4179,100.3296
Pulau Pinang,10840,5.4179,100.3296
Pulau Pinang,10850,5.4179,100.3296
Pulau Pinang,10910,5.4179,100.3296
Pulau Pinang,10920,5.4179,100.3296
Pulau Pinang,10990,5.4179,100.3296
Balik Pulau,11000,5.352,100.2824
Balik Pulau,11010,5.3581,100.2725
Balik Pulau,11020,5.3662,100.238
Pulau Pinang,11050,5.4164,100.2884
Pulau Pinang,11060,5.4019,100.3036
Batu Ferringhi,11100,5.4452,100.2911
Tanjong Bungah,11200,5.4515,100.2943
Penang Hill,11300,5.418,100.2775
Pulau Pinang,11400,5.4083,100.3086
Pulau Pinang,11409,5.4179,100.3296
Ayer Itam,11500,5.3681,100.305
Jelutong,11600,5.3956,100.3111
Jelutong,11609,5.4075,100.3206
Gelugor,11700,5.3653,100.3067
USM Pulau Pinang,11800,5.3572,100.3055
Bayan Lepas,11900,5.3294,100.2907
Bayan Lepas,11910,5.3163,100.281
Bayan Lepas,11920,5.3185,100.2691
Bayan Lepas,11950,5.3271,100.2851
Batu Maung,11960,5.258,100.2923
Butterworth,12000,5.4093,100.3649
Butterworth,12100,5.4126,100.3748
Butterworth,12200,5.4211,100.3762
Butterworth,12300,5.4068,100.3848
Butterworth,12700,5.4283,100.387
Butterworth,12710,5.4283,100.387
Butterworth,12720,5.4283,100.387
Butterworth,12990,5.4283,100.387
Butterworth,13000,5.4219,100.3888
Butterworth,13009,5.4283,100.387
Butterworth,13020,5.3398,100.4388
Butterworth,13050,5.4161,100.4047
Penaga,13100,5.4632,100.4027
Penaga,13110,5.4852,100.3937
Kepala Batas,13200,5.4457,100.4566
Kepala Batas,13210,5.5048,100.4282
Kepala Batas,13220,5.4636,100.4213
Tasek Gelugur,13300,5.2632,100.4846
Tasek Gelugor,13310,5.4558,100.4549
Butterworth,13400,5.402,100.394
Butterworth,13409,5.4283,100.387
Permatang Pauh,13500,5.3934,100.4107
Perai,13600,5.3769,100.3848
Perai,13700,5.3834,100.393
Butterworth,13800,5.3723,100.4418
Bukit Mertajam,14000,5.3344,100.4673
Bukit Mertajam,14007,5.3538,100.4744
Bukit Mertajam,14009,5.3538,100.4744
Bukit Mertajam,14020,5.3465,100.4708
Simpang Ampat,14100,5.2875,100.4709
Simpang Ampat,14101,5.3599,100.3102
Simpang Ampat,14110,5.3299,100.3927
Simpang Ampat,14120,5.3037,100.4439
Simpang Ampat,14200,5.3226,100.439
Nibong Tebal,14300,5.2141,100.4518
Nibong Tebal,14310,5.2136,100.448
Nibong Tebal,14320,5.1894,100.4501
Kubang Semang,14400,5.4088,100.4837
Ipoh,30000,4.6502,101.0682
Ipoh,30010,4.5754,101.1151
Ipoh,30020,4.6307,101.0458
Ipoh,30100,4.6124,101.076
Ipoh,30200,4.5979,101.0884
Ipoh,30250,4.5916,101.0967
Ipoh,30300,4.6381,101.075
Ipoh,30350,4.6105,101.1045
Ipoh,30450,4.6162,101.086
Ipoh,30500,4.6117,101.1135
Ipoh,30502,4.6117,101.1135
Ipoh,30503,4.6117,101.1135
Ipoh,30504,4.6117,101.1135
Ipoh,30505,4.6117,101.1135
Ipoh,30506,4.5982,101.0753
Ipoh,30508,4.6117,101.1135
Ipoh,30510,4.6117,101.1135
Ipoh,30512,4.6117,101.1135
Ipoh,30516,4.6117,101.1135
Ipoh,30517,4.6117,101.1135
Ipoh,30518,4.6117,101.1135
Ipoh,30519,4.6117,101.1135
Ipoh,30520,4.6117,101.1135
Ipoh,30524,4.6117,101.1135
Ipoh,30532,4.6117,101.1135
Ipoh,30534,4.6117,101.1135
Ipoh,30536,4.6117,101.1135
Ipoh,30540,4.6117,101.1135
Ipoh,30542,4.6117,101.1135
Ipoh,30546,4.6117,101.1135
Ipoh,30548,4.6117,101.1135
Ipoh,30550,4.6117,101.1135
Ipoh,30551,4.6117,101.1135
Ipoh,30552,4.6117,101.1135
Ipoh,30554,4.6117,101.1135
Ipoh,30556,4.6117,101.1135
Ipoh,30560,4.6117,101.1135
Ipoh,30564,4.6117,101.1135
Ipoh,30570,4.6117,101.1135
Ipoh,30576,4.6117,101.1135
Ipoh,30580,4.5874,101.07
Ipoh,30582,4.6043,101.0764
Ipoh,30586,4.6117,101.1135
Ipoh,30590,4.6117,101.1135
Ipoh,30592,4.6117,101.1135
Ipoh,30594,4.6117,101.1135
Ipoh,30596,4.6117,101.1135
Ipoh,30600,4.6038,101.1205
Ipoh,30604,4.6117,101.1135
Ipoh,30606,4.6117,101.1135
Ipoh,30609,4.6117,101.1135
Ipoh,30610,4.6117,101.1135
Ipoh,30612,4.6117,101.1135
Ipoh,30614,4.36,100.9725
Ipoh,30620,4.618,101.115
Ipoh,30621,4.6117,101.1135
Ipoh,30622,4.6117,101.1135
Ipoh,30626,4.6117,101.1135
Ipoh,30628,4.6117,101.1135
Ipoh,30630,4.6059,101.1172
Ipoh,30632,4.7703,100.9308
Ipoh,30634,4.6117,101.1135
Ipoh,30644,4.5987,101.0899
Ipoh,30646,4.6117,101.1135
Ipoh,30648,4.6117,101.1135
Ipoh,30656,4.6117,101.1135
Ipoh,30658,4.6117,101.1135
Ipoh,30660,4.6055,101.0767
Ipoh,30661,4.6117,101.1135
Ipoh,30662,4.5957,101.1194
Ipoh,30664,4.6117,101.1135
Ipoh,30668,4.6117,101.1135
Ipoh,30670,4.6117,101.1135
Ipoh,30673,4.6117,101.1135
Ipoh,30674,4.6117,101.1135
Ipoh,30676,4.6117,101.1135
Ipoh,30682,4.6117,101.1135
Ipoh,30690,4.6117,101.1135
Ipoh,30700,4.6117,101.1135
Ipoh,30710,4.6117,101.1135
Ipoh,30720,4.6117,101.1135
Ipoh,30730,4.6117,101.1135
Ipoh,30740,4.6117,101.1135
Ipoh,30750,4.6117,101.1135
Ipoh,30760,4.6117,101.1135
Ipoh,30770,4.6117,101.1135
Ipoh,30780,4.6117,101.1135
Ipoh,30790,4.6117,101.1135
Ipoh,30800,4.6117,101.1135
Ipoh,30810,4.6117,101.1135
Ipoh,30820,4.6117,101.1135
Ipoh,30830,4.6117,101.1135
Ipoh,30840,4.6117,101.1135
Ipoh,30900,4.6117,101.1135
Ipoh,30902,4.6117,101.1135
Ipoh,30904,4.6117,101.1135
Ipoh,30906,4.6117,101.1135
Ipoh,30908,4.6117,101.1135
Ipoh,30910,4.6117,101.1135
Ipoh,30912,4.6117,101.1135
Ipoh,30988,4.608,101.079
Ipoh,30990,4.6117,101.1135
Batu Gajah,31000,4.4422,101.0546
Batu Gajah,31007,4.4693,101.0397
Batu Gajah,31009,4.4693,101.0397
Sungai Siput,31050,4.9134,101.0665
Sungai Siput,31100,4.7421,101.0601
Ulu Kinta,31150,4.6008,101.1007
Chemor,31200,4.7281,101.12
Tanjong Rambutan,31250,4.5601,101.1448
Kampung Kepayang,31300,4.5595,101.0673
Ipoh,31350,4.5723,101.1157
Ipoh,31400,4.6114,101.1043
Ipoh,31407,4.6117,101.1135
Ipoh,31409,4.6117,101.1135
Ipoh,31450,4.5904,101.0807
Ipoh,31500,4.5773,101.0857
Pusing,31550,4.5117,100.9917
Pusing,31560,4.4892,100.9387
Gopeng,31600,4.5193,101.1153
Gopeng,31610,4.6123,101.0937
Ipoh,31650,4.5756,101.0788
Malim Nawar,31700,4.3844,101.1174
Tronoh,31750,4.4306,101.014
Tanjong Tualang,31800,4.3912,101.0461
Jeram,31850,4.3641,101.1539
Kampar,31900,4.3551,101.1252
Kampar,31907,4.311,101.1519
Kampar,31909,4.311,101.1519
Kampar,31910,4.3633,101.0817
Mambang Di Awan,31920,4.4423,101.1131
Mambang Di Awan,31950,4.3333,101.0979
Sitiawan,32000,4.3227,100.8021
Seri Manjong,32040,4.22,100.7541
TLDM Lumut,32100,4.8073,100.8
Lumut,32200,4.317,100.7977
Pangkor,32300,4.2597,100.6095
Ayer Tawar,32400,4.3674,100.8604
Changkat Keruing,32500,4.2702,100.8909
Bota,32600,4.4724,100.8964
Bandar Seri Iskandar,32610,4.4301,101.012
Bruas,32700,4.7499,100.837
Parit,32800,4.5504,100.9064
Lambor Kanan,32900,4.385,100.9163
Kuala Kangsar,33000,4.7073,100.9381
Kuala Kangsar,33007,4.7727,100.9403
Kuala Kangsar,33009,4.7727,100.9403
Kuala Kangsar,33010,4.7991,100.9087
Kuala Kangsar,33020,4.8069,100.9321
Kuala Kangsar,33030,4.8675,100.958
Kuala Kangsar,33040,4.7272,100.9564
Pengkalan Hulu,33100,5.4731,101.0105
Intan,33200,5.4297,101.0342
Gerik,33300,5.2806,101.1007
Gerik,33310,5.3477,101.0651
Gerik,33320,5.4506,101.1319
Lenggong,33400,4.9846,100.973
Lenggong,33410,5.1139,101.0489
Lenggong,33420,5.1596,101.0009
Sauk,33500,4.8496,100.9456
Enggor,33600,4.8218,100.946
Padang Rengas,33700,4.8174,100.8677
Manong,33800,4.6523,100.8827
Taiping,34000,4.7969,100.7934
Taiping,34007,4.8541,100.7376
Taiping,34008,4.8541,100.7376
Taiping,34009,4.8541,100.7376
Taiping,34010,4.7024,100.7738
Taiping,34020,4.8719,100.7297
Taiping,34030,4.7348,100.8402
Selama,34100,4.829,100.8841
Selama,34120,5.1677,100.6876
Selama,34130,4.9877,100.756
Rantau Panjang,34140,5.0506,100.813
Parit Buntar,34200,4.907,100.6029
Tanjong Piandang,34250,4.9011,100.5731
Bagan Serai,34300,4.8687,100.6968
Bagan Serai,34310,4.9058,100.7568
Kuala Kurau,34350,4.9211,100.5186
Simpang Ampat Semanggol,34400,4.9211,100.7084
Batu Kurau,34500,4.9553,100.8398
Batu Kurau,34510,5.1211,100.7783
Batu Kurau,34520,4.9876,100.8302
Kamunting,34600,4.8263,100.7717
Kuala Sepetang,34650,4.9204,100.6607
Simpang,34700,4.7183,100.7986
Matang,34750,4.7804,100.7247
Trong,34800,4.6539,100.7739
Changkat Jering,34850,4.7067,100.832
Pantai Remis,34900,4.5708,100.6901
Tapah,35000,4.3279,101.1595
Tapah,35007,4.204,101.261
Tapah,35009,4.204,101.261
Chenderiang,35300,4.3111,101.2339
Temoh,35350,4.3504,101.1622
Tapah Road,35400,4.2684,101.1236
Bidor,35500,4.1787,101.2265
Sungkai,35600,4.112,101.2529
Trolak,35700,3.9577,101.3342
Slim River,35800,4.0303,101.294
Slim River,35820,3.814,101.4223
Tanjong Malim,35900,3.9159,101.3812
Tanjong Malim,35907,3.6913,101.5236
Tanjong Malim,35909,3.6913,101.5236
Tanjong Malim,35910,3.8618,101.4197
Behrang Stesen,35950,3.889,101.4121
Teluk Intan,36000,4.1739,101.0194
Teluk Intan,36007,4.0124,101.018
Teluk Intan,36008,4.0124,101.018
Teluk Intan,36009,4.0124,101.018
Teluk Intan,36010,4.4706,100.8573
Teluk Intan,36020,4.1912,101.0374
Teluk Intan,36030,4.1617,101.0354
Bagan Datoh,36100,3.9793,100.7593
Teluk Intan,36110,4.1077,100.9751
Selekoh,36200,3.9955,100.768
Selekoh,36207,3.9167,100.759
Selekoh,36209,3.9167,100.759
Sungai Sumun,36300,4.0448,100.8621
Sungai Sumun,36307,3.9014,100.8616
Sungai Sumun,36309,3.9014,100.8616
Hutan Melintang,36400,4.0333,100.9471
Ulu Bernam,36500,3.9111,101.2078
Chenderong Balai,36600,4.2992,101.0101
Langkap,36700,4.2015,101.0814
Chikus,36750,4.3082,101.0173
Kampung Gajah,36800,4.3923,100.9307
Kampung Gajah,36810,4.4818,100.8377
Kota Kinabalu,88000,5.8626,115.9946
Kota Kinabalu,88100,5.9412,116.0096
Kota Kinabalu,88200,5.9213,116.0792
Kota Kinabalu,88300,5.9342,116.0802
Kota Kinabalu,88400,5.9615,115.9863
Kota Kinabalu,88450,5.9558,116.0368
Kota Kinabalu,88460,6.0349,116.147
Kota Kinabalu,88500,5.9765,116.1158
Kota Kinabalu,88502,5.9765,116.1158
Kota Kinabalu,88504,5.9765,116.1158
Kota Kinabalu,88505,5.9765,116.1158
Kota Kinabalu,88506,5.9806,116.0753
Kota Kinabalu,88508,5.9765,116.1158
Kota Kinabalu,88510,5.9765,116.1158
Kota Kinabalu,88512,5.9765,116.1158
Kota Kinabalu,88514,5.9765,116.1158
Kota Kinabalu,88516,5.9765,116.1158
Kota Kinabalu,88518,5.9765,116.1158
Kota Kinabalu,88520,5.9765,116.1158
Kota Kinabalu,88526,5.9765,116.1158
Kota Kinabalu,88527,5.9765,116.1158
Kota Kinabalu,88532,5.9765,116.1158
Kota Kinabalu,88534,5.9765,116.1158
Kota Kinabalu,88538,5.9765,116.1158
Kota Kinabalu,88540,5.9765,116.1158
Kota Kinabalu,88546,5.9765,116.1158
Kota Kinabalu,88550,4.4784,118.6129
Kota Kinabalu,88551,4.4801,118.6164
Kota Kinabalu,88552,5.9765,116.1158
Kota Kinabalu,88554,5.9765,116.1158
Kota Kinabalu,88556,5.9765,116.1158
Kota Kinabalu,88558,5.8515,118.0476
Kota Kinabalu,88560,5.9765,116.1158
Kota Kinabalu,88562,5.9765,116.1158
Kota Kinabalu,88564,5.9765,116.1158
Kota Kinabalu,88566,5.9765,116.1158
Kota Kinabalu,88568,5.9765,116.1158
Kota Kinabalu,88570,5.9765,116.1158
Kota Kinabalu,88572,5.9765,116.1158
Kota Kinabalu,88576,5.9591,116.0701
Kota Kinabalu,88580,5.9765,116.1158
Kota Kinabalu,88582,5.9587,116.0657
Kota Kinabalu,88586,5.9566,116.0732
Kota Kinabalu,88590,5.9765,116.1158
Kota Kinabalu,88592,5.9765,116.1158
Kota Kinabalu,88594,5.9765,116.1158
Kota Kinabalu,88596,5.9765,116.1158
Kota Kinabalu,88598,5.9765,116.1158
Kota Kinabalu,88600,5.9786,116.0762
Kota Kinabalu,88602,5.9765,116.1158
Kota Kinabalu,88604,5.9765,116.1158
Kota Kinabalu,88606,5.9765,116.1158
Kota Kinabalu,88608,5.9765,116.1158
Kota Kinabalu,88609,5.9765,116.1158
Kota Kinabalu,88610,5.9765,116.1158
Kota Kinabalu,88612,5.9765,116.1158
Kota Kinabalu,88614,5.9765,116.1158
Kota Kinabalu,88617,5.995,116.0835
Kota Kinabalu,88618,5.94,116.0547
Kota Kinabalu,88620,5.934,116.1014
Kota Kinabalu,88621,5.9765,116.1158
Kota Kinabalu,88622,5.9765,116.1158
Kota Kinabalu,88624,5.9765,116.1158
Kota Kinabalu,88626,5.9765,116.1158
Kota Kinabalu,88628,5.0279,118.318
Kota Kinabalu,88630,5.8594,118.1013
Kota Kinabalu,88632,5.9524,116.6683
Kota Kinabalu,88634,5.9765,116.1158
Kota Kinabalu,88644,5.9765,116.1158
Kota Kinabalu,88646,5.9765,116.1158
Kota Kinabalu,88648,5.9765,116.1158
Kota Kinabalu,88656,5.9765,116.1158
Kota Kinabalu,88658,5.9765,116.1158
Kota Kinabalu,88660,5.8687,118.0575
Kota Kinabalu,88661,5.9765,116.1158
Kota Kinabalu,88662,5.9765,116.1158
Kota Kinabalu,88670,5.9765,116.1158
Kota Kinabalu,88672,5.9765,116.1158
Kota Kinabalu,88673,5.9765,116.1158
Kota Kinabalu,88675,5.9818,116.0756
Kota Kinabalu,88676,5.9765,116.1158
Kota Kinabalu,88680,6.0252,116.1114
Kota Kinabalu,88690,5.9765,116.1158
Beverly,88700,5.4204,116.7968
Putatan,88721,5.4204,116.7968
Putatan,88722,5.4204,116.7968
Putatan,88723,5.4204,116.7968
Putatan,88724,5.4204,116.7968
Putatan,88725,5.4204,116.7968
Kota Kinabalu,88757,5.9765,116.1158
Kota Kinabalu,88758,5.9765,116.1158
Kota Kinabalu,88759,5.9765,116.1158
Kota Kinabalu,88760,5.9765,116.1158
Kota Kinabalu,88761,5.9765,116.1158
Kota Kinabalu,88762,5.9765,116.1158
Kota Kinabalu,88763,5.9765,116.1158
Kota Kinabalu,88764,5.9765,116.1158
Kota Kinabalu,88765,5.9765,116.1158
Kota Kinabalu,88766,5.9765,116.1158
Kota Kinabalu,88767,5.9765,116.1158
Kota Kinabalu,88768,5.9765,116.1158
Kota Kinabalu,88769,5.9765,116.1158
Kota Kinabalu,88770,5.9765,116.1158
Kota Kinabalu,88771,5.9765,116.1158
Kota Kinabalu,88772,5.9765,116.1158
Kota Kinabalu,88773,5.9765,116.1158
Kota Kinabalu,88774,5.9765,116.1158
Kota Kinabalu,88775,5.9765,116.1158
Kota Kinabalu,88776,5.9765,116.1158
Kota Kinabalu,88777,5.9765,116.1158
Kota Kinabalu,88778,5.9765,116.1158
Kota Kinabalu,88779,5.9765,116.1158
Kota Kinabalu,88780,5.9765,116.1158
Kota Kinabalu,88781,5.9765,116.1158
Kota Kinabalu,88782,5.9765,116.1158
Kota Kinabalu,88783,5.9765,116.1158
Kota Kinabalu,88784,5.9765,116.1158
Kota Kinabalu,88785,5.9765,116.1158
Kota Kinabalu,88786,5.9765,116.1158
Kota Kinabalu,88787,5.9765,116.1158
Kota Kinabalu,88788,5.9765,116.1158
Kota Kinabalu,88789,5.9765,116.1158
Kota Kinabalu,88790,5.9765,116.1158
Kota Kinabalu,88800,5.9765,116.1158
Kota Kinabalu,88801,5.9765,116.1158
Kota Kinabalu,88802,5.9765,116.1158
Kota Kinabalu,88803,5.9765,116.1158
Kota Kinabalu,88804,5.9765,116.1158
Kota Kinabalu,88805,5.9765,116.1158
Kota Kinabalu,88806,5.9765,116.1158
Kota Kinabalu,88807,5.9765,116.1158
Kota Kinabalu,88808,5.9765,116.1158
Kota Kinabalu,88809,5.9765,116.1158
Kota Kinabalu,88810,5.9765,116.1158
Kota Kinabalu,88811,5.9765,116.1158
Kota Kinabalu,88812,5.9765,116.1158
Kota Kinabalu,88813,5.9765,116.1158
Kota Kinabalu,88814,5.9765,116.1158
Kota Kinabalu,88815,5.9765,116.1158
Kota Kinabalu,88816,5.9765,116.1158
Kota Kinabalu,88817,5.9765,116.1158
Kota Kinabalu,88818,5.9765,116.1158
Kota Kinabalu,88819,5.9765,116.1158
Kota Kinabalu,88820,5.9765,116.1158
Kota Kinabalu,88821,5.9765,116.1158
Kota Kinabalu,88822,5.9765,116.1158
Kota Kinabalu,88823,5.9765,116.1158
Kota Kinabalu,88824,5.9765,116.1158
Kota Kinabalu,88825,5.9765,116.1158
Kota Kinabalu,88826,5.9765,116.1158
Kota Kinabalu,88827,5.9765,116.1158
Kota Kinabalu,88828,5.9765,116.1158
Kota Kinabalu,88829,5.9765,116.1158
Kota Kinabalu,88830,5.9765,116.1158
Kota Kinabalu,88831,5.9765,116.1158
Kota Kinabalu,88832,5.9765,116.1158
Kota Kinabalu,88833,5.9765,116.1158
Kota Kinabalu,88834,5.9765,116.1158
Kota Kinabalu,88835,5.9765,116.1158
Kota Kinabalu,88836,5.9765,116.1158
Kota Kinabalu,88837,5.9765,116.1158
Kota Kinabalu,88838,5.9765,116.1158
Kota Kinabalu,88839,5.9765,116.1158
Kota Kinabalu,88840,5.9765,116.1158
Kota Kinabalu,88841,5.9765,116.1158
Kota Kinabalu,88842,5.9765,116.1158
Kota Kinabalu,88843,5.9765,116.1158
Kota Kinabalu,88844,5.9765,116.1158
Kota Kinabalu,88845,5.9765,116.1158
Kota Kinabalu,88846,5.9765,116.1158
Kota Kinabalu,88847,5.9765,116.1158
Kota Kinabalu,88848,5.9765,116.1158
Kota Kinabalu,88849,5.9765,116.1158
Kota Kinabalu,88850,5.9765,116.1158
Kota Kinabalu,88851,5.9765,116.1158
Kota Kinabalu,88852,5.9765,116.1158
Kota Kinabalu,88853,5.9765,116.1158
Kota Kinabalu,88854,5.9765,116.1158
Kota Kinabalu,88855,5.9765,116.1158
Likas,88856,6.008,116.1256
Inanam,88857,5.9933,116.1322
Tanjung Aru,88858,5.9771,116.0678
Kota Kinabalu,88860,5.9765,116.1158
Kota Kinabalu,88861,5.9765,116.1158
Kota Kinabalu,88862,5.9765,116.1158
Kota Kinabalu,88863,5.9765,116.1158
Kota Kinabalu,88865,5.9765,116.1158
Kota Kinabalu,88866,5.9765,116.1158
Kota Kinabalu,88867,5.9765,116.1158
Kota Kinabalu,88868,5.9765,116.1158
Kota Kinabalu,88869,5.9765,116.1158
Kota Kinabalu,88870,5.9765,116.1158
Kota Kinabalu,88871,5.9765,116.1158
Kota Kinabalu,88872,5.9765,116.1158
Kota Kinabalu,88873,5.9765,116.1158
Kota Kinabalu,88874,5.9765,116.1158
Kota Kinabalu,88875,5.9765,116.1158
Kota Kinabalu,88900,5.9765,116.1158
Kota Kinabalu,88901,5.9765,116.1158
Kota Kinabalu,88902,5.9765,116.1158
Kota Kinabalu,88903,5.9765,116.1158
Kota Kinabalu,88904,5.9765,116.1158
Kota Kinabalu,88905,5.9765,116.1158
Kota Kinabalu,88906,5.9765,116.1158
Kota Kinabalu,88988,5.9765,116.1158
Kota Kinabalu,88990,5.9765,116.1158
Kota Kinabalu,88991,5.9765,116.1158
Kota Kinabalu,88992,5.9765,116.1158
Kota Kinabalu,88993,5.9765,116.1158
Kota Kinabalu,88994,5.9765,116.1158
Kota Kinabalu,88995,5.9765,116.1158
Kota Kinabalu,88996,5.9765,116.1158
Kota Kinabalu,88997,5.9765,116.1158
Kota Kinabalu,88998,5.9765,116.1158
Kota Kinabalu,88999,5.9765,116.1158
Keningau,89000,5.3561,116.3049
Keningau,89007,5.265,116.3283
Keningau,89008,5.265,116.3283
Keningau,89009,5.265,116.3283
Kudat,89050,6.8298,116.8867
Kudat,89057,6.8285,116.7241
Kudat,89058,6.8285,116.7241
Kudat,89059,6.8285,116.7241
Kota Marudu,89100,6.5407,116.8224
Kota Marudu,89107,6.4852,116.7328
Kota Marudu,89108,6.4852,116.7328
Kota Marudu,89109,6.4852,116.7328
Kota Belud,89150,6.3463,116.4665
Kota Belud,89157,6.3648,116.4476
Kota Belud,89158,6.3648,116.4476
Kota Belud,89159,6.3648,116.4476
Tuaran,89200,6.132,116.2069
Tuaran,89207,6.1686,116.2348
Tuaran,89208,6.1686,116.2348
Tuaran,89209,6.1686,116.2348
Tamparuli,89250,6.117,116.2675
Tamparuli,89257,6.117,116.2675
Tamparuli,89258,6.117,116.2675
Tamparuli,89259,6.117,116.2675
Beverly,89260,5.4204,116.7968
Ranau,89300,5.9589,116.6402
Ranau,89307,5.9371,116.6695
Ranau,89308,5.9371,116.6695
Ranau,89309,5.9371,116.6695
Penampang,89500,5.8883,116.1026
Penampang,89507,5.8794,116.104
Penampang,89508,5.8794,116.104
Penampang,89509,5.8794,116.104
Papar,89600,5.5174,115.9036
Papar,89607,5.6064,115.9625
Papar,89608,5.6064,115.9625
Papar,89609,5.6064,115.9625
Tambunan,89650,5.6933,116.3797
Tambunan,89657,5.6915,116.3775
Tambunan,89658,5.6915,116.3775
Tambunan,89659,5.6915,116.3775
Bongawan,89700,5.4835,115.7834
Bongawan,89707,5.4835,115.7834
Bongawan,89708,5.4835,115.7834
Bongawan,89709,5.4835,115.7834
Membakut,89720,5.5243,115.6889
Membakut,89727,5.5243,115.6889
Membakut,89728,5.5243,115.6889
Membakut,89729,5.5243,115.6889
Kuala Penyu,89740,5.4894,115.5347
Kuala Penyu,89747,5.4914,115.5491
Kuala Penyu,89748,5.4914,115.5491
Kuala Penyu,89749,5.4914,115.5491
Menumbok,89760,5.3398,115.3766
Menumbok,89767,5.3195,115.3756
Menumbok,89768,5.3195,115.3756
Menumbok,89769,5.3195,115.3756
Beaufort,89800,5.3452,115.7078
Beaufort,89807,5.3475,115.7273
Beaufort,89808,5.3475,115.7273
Beaufort,89809,5.3475,115.7273
Sipitang,89850,5.0331,115.5728
Sipitang,89857,5.0202,115.5811
Sipitang,89858,5.0202,115.5811
Sipitang,89859,5.0202,115.5811
Tenom,89900,4.9839,115.93
Tenom,89907,4.9872,115.9241
Tenom,89908,4.9872,115.9241
Tenom,89909,4.9872,115.9241
Nabawan,89950,4.7676,116.4017
Nabawan,89957,5.0414,116.4267
Nabawan,89958,5.0414,116.4267
Nabawan,89959,5.0414,116.4267
Sandakan,90000,5.848,117.9591
Sandakan,90009,5.8456,118.0571
Beluran,90100,5.9945,117.3361
Beluran,90107,5.7168,117.4375
Beluran,90109,5.7168,117.4375
Kota Kinabatangan,90200,5.2438,117.4841
Sandakan,90300,5.8456,118.0571
Sandakan,90307,5.8456,118.0571
Pamol,90400,6.0793,117.5024
Sandakan,90700,5.8456,118.0571
Sandakan,90701,5.8456,118.0571
Sandakan,90702,5.8456,118.0571
Sandakan,90703,5.8456,118.0571
Sandakan,90704,5.8456,118.0571
Sandakan,90705,5.8456,118.0571
Sandakan,90706,5.8456,118.0571
Sandakan,90707,5.8456,118.0571
Sandakan,90708,5.8456,118.0571
Sandakan,90709,5.8456,118.0571
Sandakan,90711,5.8456,118.0571
Sandakan,90712,5.8456,118.0571
Sandakan,90713,5.8456,118.0571
Sandakan,90714,5.8456,118.0571
Sandakan,90715,5.8456,118.0571
Sandakan,90716,5.8456,118.0571
Sandakan,90717,5.8456,118.0571
Sandakan,90718,5.8456,118.0571
Sandakan,90719,5.8456,118.0571
Sandakan,90720,5.8456,118.0571
Sandakan,90721,5.8456,118.0571
Sandakan,90722,5.8456,118.0571
Sandakan,90723,5.8456,118.0571
Sandakan,90724,5.8456,118.0571
Sandakan,90725,5.8456,118.0571
Sandakan,90726,5.8456,118.0571
Sandakan,90727,5.8456,118.0571
Sandakan,90728,5.8456,118.0571
Sandakan,90729,5.8456,118.0571
Sandakan,90730,5.8456,118.0571
Sandakan,90731,5.8456,118.0571
Sandakan,90732,5.8456,118.0571
Sandakan,90733,5.8456,118.0571
Sandakan,90734,5.8456,118.0571
Sandakan,90735,5.8456,118.0571
Sandakan,90736,5.8456,118.0571
Sandakan,90737,5.8456,118.0571
Sandakan,90738,5.8456,118.0571
Sandakan,90739,5.8456,118.0571
Sandakan,90740,5.8456,118.0571
Sandakan,90741,5.8456,118.0571
Tawau,91000,4.2901,117.8994
Tawau,91007,4.2825,117.9148
Tawau,91008,4.2825,117.9148
Tawau,91009,4.2825,117.9148
Tawau,91010,4.2825,117.9148
Tawau,91011,4.2825,117.9148
Tawau,91012,4.2825,117.9148
Tawau,91013,4.2825,117.9148
Tawau,91014,4.2825,117.9148
Tawau,91015,4.2825,117.9148
Tawau,91016,4.2825,117.9148
Tawau,91017,4.2825,117.9148
Tawau,91018,4.2825,117.9148
Tawau,91019,4.2825,117.9148
Tawau,91020,4.2825,117.9148
Tawau,91021,4.2825,117.9148
Tawau,91022,4.2825,117.9148
Tawau,91023,4.2825,117.9148
Tawau,91024,4.2825,117.9148
Tawau,91025,4.2825,117.9148
Tawau,91026,4.2825,117.9148
Tawau,91027,4.2825,117.9148
Tawau,91028,4.2825,117.9148
Tawau,91029,4.2825,117.9148
Tawau,91030,4.2825,117.9148
Tawau,91031,4.2825,117.9148
Tawau,91032,4.2825,117.9148
Tawau,91033,4.2825,117.9148
Tawau,91034,4.2825,117.9148
Tawau,91035,4.2825,117.9148
Lahad Datu,91100,5.0434,118.346
Lahad Datu,91109,5.0488,118.3593
Lahad Datu,91110,5.0488,118.3593
Lahad Datu,91111,5.0488,118.3593
Lahad Datu,91112,5.0488,118.3593
Lahad Datu,91113,5.0488,118.3593
Lahad Datu,91114,5.0488,118.3593
Lahad Datu,91115,5.0488,118.3593
Lahad Datu,91116,5.0488,118.3593
Lahad Datu,91117,5.0488,118.3593
Lahad Datu,91118,5.0488,118.3593
Lahad Datu,91119,5.0488,118.3593
Lahad Datu,91120,5.0488,118.3593
Lahad Datu,91121,5.0488,118.3593
Lahad Datu,91122,5.0488,118.3593
Lahad Datu,91123,5.0488,118.3593
Lahad Datu,91124,5.0488,118.3593
Lahad Datu,91125,5.0488,118.3593
Lahad Datu,91126,5.0488,118.3593
Lahad Datu,91127,5.0488,118.3593
Lahad Datu,91128,5.0488,118.3593
Lahad Datu,91150,5.0488,118.3593
Kunak,91200,4.677,118.1392
Kunak,91207,4.7563,118.0895
Kunak,91209,4.7563,118.0895
Semporna,91300,4.4363,118.5318
Semporna,91307,4.4363,118.5318
Semporna,91308,4.4363,118.5318
Semporna,91309,4.4363,118.5318
Shah Alam,40000,3.0797,101.5186
Shah Alam,40100,3.0799,101.5334
Shah Alam,40150,3.11,101.5538
Shah Alam,40160,3.1643,101.5584
Shah Alam,40170,3.0733,101.5054
Shah Alam,40200,3.0544,101.5169
Shah Alam,40300,3.0549,101.5314
Shah Alam,40400,3.0457,101.5573
Shah Alam,40450,3.0612,101.5189
Shah Alam,40460,3.0538,101.5304
Shah Alam,40470,3.0608,101.5661
Shah Alam,40500,3.0906,101.5296
Shah Alam,40502,3.0878,101.5022
Shah Alam,40503,3.0906,101.5296
Shah Alam,40505,3.0906,101.5296
Shah Alam,40512,3.0906,101.5296
Shah Alam,40517,3.1583,101.6943
Shah Alam,40520,3.0906,101.5296
Shah Alam,40529,3.0906,101.5296
Shah Alam,40542,3.0906,101.5296
Shah Alam,40548,3.0906,101.5296
Shah Alam,40550,3.0906,101.5296
Shah Alam,40551,3.0851,101.5234
Shah Alam,40560,3.0906,101.5296
Shah Alam,40564,3.0906,101.5296
Shah Alam,40570,3.0906,101.5296
Shah Alam,40572,3.0906,101.5296
Shah Alam,40576,3.0906,101.5296
Shah Alam,40578,3.0906,101.5296
Shah Alam,40582,3.0906,101.5296
Shah Alam,40590,3.0906,101.5296
Shah Alam,40592,3.0906,101.5296
Shah Alam,40594,3.0906,101.5296
Shah Alam,40596,3.0906,101.5296
Shah Alam,40598,3.0906,101.5296
Shah Alam,40604,3.0906,101.5296
Shah Alam,40607,3.0906,101.5296
Shah Alam,40608,3.6795,100.9886
Shah Alam,40610,3.0906,101.5296
Shah Alam,40612,3.1683,101.7118
Shah Alam,40620,3.0934,101.5833
Shah Alam,40622,3.0906,101.5296
Shah Alam,40626,3.0906,101.5296
Shah Alam,40632,3.0906,101.5296
Shah Alam,40646,3.0906,101.5296
Shah Alam,40648,3.0906,101.5296
Shah Alam,40660,3.0906,101.5296
Shah Alam,40664,3.672,100.9829
Shah Alam,40670,3.0906,101.5296
Shah Alam,40672,3.0906,101.5296
Shah Alam,40673,3.0906,101.5296
Shah Alam,40674,3.0906,101.5296
Shah Alam,40675,3.0906,101.5296
Shah Alam,40676,3.0906,101.5296
Shah Alam,40680,3.0906,101.5296
Shah Alam,40690,3.0906,101.5296
Shah Alam,40700,3.0906,101.5296
Shah Alam,40702,3.0906,101.5296
Shah Alam,40704,3.0906,101.5296
Shah Alam,40706,3.0906,101.5296
Shah Alam,40708,3.0906,101.5296
Shah Alam,40710,3.0906,101.5296
Shah Alam,40712,3.0906,101.5296
Shah Alam,40714,3.0906,101.5296
Shah Alam,40716,3.0906,101.5296
Shah Alam,40718,3.0906,101.5296
Shah Alam,40720,3.0906,101.5296
Shah Alam,40722,3.0906,101.5296
Shah Alam,40724,3.0906,101.5296
Shah Alam,40726,3.0906,101.5296
Shah Alam,40728,3.0906,101.5296
Shah Alam,40730,3.0906,101.5296
Shah Alam,40732,3.0906,101.5296
Shah Alam,40800,3.0906,101.5296
Shah Alam,40802,3.0906,101.5296
Shah Alam,40804,3.0906,101.5296
Shah Alam,40806,3.0906,101.5296
Shah Alam,40808,3.0906,101.5296
Shah Alam,40810,3.0906,101.5296
Shah Alam,40990,3.0906,101.5296
Klang,41000,3.0349,101.5119
Klang,41050,3.0645,101.4786
Klang,41100,3.0492,101.4514
Klang,41150,3.0489,101.4877
Klang,41200,3.0232,101.4621
Klang,41250,3.04,101.4496
Klang,41300,3.0641,101.466
Klang,41400,3.0557,101.4611
Klang,41506,3.0431,101.4407
Klang,41560,3.0431,101.4407
Klang,41586,3.0431,101.4407
Klang,41672,3.0431,101.4407
Klang,41700,3.0433,101.4413
Klang,41710,3.0431,101.4407
Klang,41720,3.0431,101.4407
Klang,41900,3.0431,101.4407
Klang,41902,3.0431,101.4407
Klang,41904,3.0431,101.4407
Klang,41906,3.0431,101.4407
Klang,41908,3.0431,101.4407
Klang,41910,3.0431,101.4407
Klang,41912,3.0431,101.4407
Klang,41914,3.0431,101.4407
Klang,41916,3.0431,101.4407
Klang,41918,3.0431,101.4407
Klang,41990,3.0431,101.4407
Pelabuhan Klang,42000,3.0186,101.4286
Pelabuhan Klang,42009,3.0042,101.4134
Klang,42100,3.0592,101.4615
Kapar,42200,3.1331,101.4207
Bandar Puncak Alam,42300,3.1682,101.5271
Telok Panglima Garang,42425,3.0195,101.5246
Telok Panglima Garang,42500,3.0639,101.5355
Telok Panglima Garang,42507,2.9129,101.4686
Telok Panglima Garang,42509,2.9129,101.4686
Jenjarom,42600,2.9723,101.5282
Jenjarom,42610,2.8382,101.6827
Banting,42700,2.9092,101.5279
Tanjong Sepat,42800,2.7691,101.5625
Pelabuhan Klang,42920,3.1373,101.7471
Pulau Ketam,42940,2.9555,101.3268
Pulau Carey,42960,2.8879,101.3913
Kajang,43000,3.0094,101.7755
Kajang,43007,2.9977,101.7864
Kajang,43009,2.9977,101.7864
Hulu Langat,43100,3.0719,101.8347
Cheras,43200,3.0643,101.7543
Cheras,43207,3.0427,101.7714
Seri Kembangan,43300,3.0383,101.7094
Serdang,43400,2.9892,101.7125
Semenyih,43500,2.9982,101.8017
Kajang,43558,2.9977,101.7864
Bangi,43600,2.9271,101.7802
Bandar Baru Bangi,43650,2.9918,101.7455
Beranang,43700,2.952,101.8261
Dengkil,43800,2.9686,101.652
Dengkil,43807,2.8643,101.6775
Sepang,43900,2.9765,101.7067
Sungai Pelek,43950,2.8526,101.632
Kuala Kubu Baru,44000,3.386,101.5488
Kuala Kubu Baru,44010,3.3057,101.5167
Kuala Kubu Baru,44020,3.4593,101.4807
Kerling,44100,3.5566,101.5612
Kuala Kubu Baru,44110,3.0224,101.7237
Rasa,44200,3.3861,101.6093
Batang Kali,44300,3.3751,101.6306
Kuala Selangor,45000,3.2457,101.3678
Sungai Ayer Tawar,45100,3.776,100.875
Sabak Bernam,45200,3.6254,101.0593
Sabak Bernam,45207,3.7317,100.9384
Sabak Bernam,45209,3.7453,101.0584
Sungai Besar,45300,3.5615,101.146
Sekinchan,45400,3.3788,101.2798
Tanjong Karang,45500,3.316,101.3201
Batang Berjuntai,45600,3.3036,101.46
Batang Berjuntai,45607,3.3833,101.4167
Batang Berjuntai,45609,3.3212,101.4126
Batang Berjuntai,45620,3.3019,101.3005
Bukit Rotan,45700,3.1956,101.3926
Jeram,45800,3.1944,101.4281
Petaling Jaya,46000,3.107,101.6305
Petaling Jaya,46050,3.095,101.6232
Petaling Jaya,46100,3.1026,101.6288
Petaling Jaya,46150,3.109,101.5704
Petaling Jaya,46200,3.0832,101.6407
Petaling Jaya,46300,3.1317,101.6047
Petaling Jaya,46350,3.116,101.6425
Petaling Jaya,46400,3.0762,101.6529
Petaling Jaya,46506,3.1083,101.6423
Petaling Jaya,46547,3.1071,101.6083
Petaling Jaya,46549,3.1071,101.6083
Petaling Jaya,46551,3.1071,101.6083
Petaling Jaya,46564,3.1071,101.6083
Petaling Jaya,46582,3.1071,101.6083
Petaling Jaya,46598,3.1071,101.6083
Petaling Jaya,46662,3.1021,101.6452
Petaling Jaya,46667,3.1071,101.6083
Petaling Jaya,46668,3.1071,101.6083
Petaling Jaya,46672,3.1071,101.6083
Petaling Jaya,46675,3.1071,101.6083
Petaling Jaya,46700,3.1071,101.6083
Petaling Jaya,46710,3.1071,101.6083
Petaling Jaya,46720,3.1071,101.6083
Petaling Jaya,46730,3.1071,101.6083
Petaling Jaya,46740,3.1071,101.6083
Petaling Jaya,46750,3.1071,101.6083
Petaling Jaya,46760,3.1071,101.6083
Petaling Jaya,46770,3.1071,101.6083
Petaling Jaya,46780,3.1071,101.6083
Petaling Jaya,46781,3.1071,101.6083
Petaling Jaya,46782,3.1071,101.6083
Petaling Jaya,46783,3.1071,101.6083
Petaling Jaya,46784,3.1071,101.6083
Petaling Jaya,46785,3.1071,101.6083
Petaling Jaya,46786,3.1071,101.6083
Petaling Jaya,46787,3.1071,101.6083
Petaling Jaya,46788,3.1071,101.6083
Petaling Jaya,46789,3.1071,101.6083
Petaling Jaya,46790,3.1071,101.6083
Petaling Jaya,46791,3.1071,101.6083
Petaling Jaya,46792,3.1071,101.6083
Petaling Jaya,46793,3.1071,101.6083
Petaling Jaya,46794,3.1071,101.6083
Petaling Jaya,46795,3.1071,101.6083
Petaling Jaya,46796,3.1071,101.6083
Petaling Jaya,46797,3.1071,101.6083
Petaling Jaya,46798,3.1071,101.6083
Petaling Jaya,46799,3.1071,101.6083
Petaling Jaya,46800,3.1071,101.6083
Petaling Jaya,46801,3.1071,101.6083
Petaling Jaya,46802,3.1071,101.6083
Petaling Jaya,46803,3.1071,101.6083
Petaling Jaya,46804,3.1071,101.6083
Petaling Jaya,46805,3.1071,101.6083
Petaling Jaya,46806,3.1071,101.6083
Petaling Jaya,46860,3.1071,101.6083
Petaling Jaya,46870,3.1071,101.6083
Petaling Jaya,46960,3.1071,101.6083
Petaling Jaya,46962,3.1071,101.6083
Petaling Jaya,46964,3.1071,101.6083
Petaling Jaya,46966,3.1071,101.6083
Petaling Jaya,46968,3.1071,101.6083
Petaling Jaya,46970,3.1071,101.6083
Petaling Jaya,46972,3.1071,101.6083
Petaling Jaya,46974,3.1071,101.6083
Petaling Jaya,46976,3.1071,101.6083
Petaling Jaya,46978,3.0689,101.5742
Sungai Buloh,47000,3.1618,101.598
Puchong,47100,3.0757,101.6198
Puchong,47110,3.0099,101.6318
Puchong,47120,3.0122,101.6283
Puchong,47130,2.9881,101.6053
Puchong,47140,3.0034,101.6115
Puchong,47150,3.1013,101.5693
Puchong,47160,3.0471,101.6294
Puchong,47170,3.0271,101.6034
Puchong,47180,3.0666,101.6122
Puchong,47190,3.0533,101.6348
Subang Airport,47200,3.1851,101.6275
Petaling Jaya,47300,3.1097,101.6171
Petaling Jaya,47301,3.1042,101.6128
Petaling Jaya,47307,3.1071,101.6083
Petaling Jaya,47308,3.1298,101.6275
Petaling Jaya,47400,3.1296,101.6274
Petaling Jaya,47410,3.12,101.5952
Subang Jaya,47500,3.0542,101.5949
Subang Jaya,47507,3.0439,101.5807
Subang Jaya,47600,3.0473,101.5712
Subang Jaya,47610,3.0439,101.5792
Subang Jaya,47620,3.0337,101.5873
Subang Jaya,47630,3.0334,101.5848
Subang Jaya,47640,2.9766,101.6219
Subang Jaya,47650,3.1402,101.6072
Petaling Jaya,47800,3.1149,101.5869
Petaling Jaya,47810,3.144,101.5875
Petaling Jaya,47820,3.1571,101.6019
Petaling Jaya,47830,3.1871,101.5917
Rawang,48000,3.2549,101.5705
Rawang,48010,3.3351,101.5498
Rawang,48020,3.2277,101.6017
Rawang,48050,3.2559,101.5642
Rawang,48100,3.3216,101.4744
Serendah,48200,3.23,101.6374
Rawang,48300,3.3083,101.5123
Cyberjaya,63000,2.9679,101.653
Cyberjaya,63100,2.9251,101.6574
Cyberjaya,63200,2.8064,101.7239
Cyberjaya,63300,2.996,101.6202
KLIA,64000,2.8239,101.687
Ampang,68000,3.1549,101.7412
Kuching,93000,1.5455,110.3439
Kuching,93010,1.5361,110.3442
Kuching,93050,1.5831,110.2251
Kuching,93100,1.6138,110.4597
Kuching,93150,1.5585,110.3877
Kuching,93200,1.5298,110.3462
Kuching,93250,1.562,110.3152
Kuching,93300,1.5992,110.4436
Kuching,93350,1.5435,110.3816
Kuching,93400,1.6167,110.4407
Kuching,93450,1.5484,110.3676
Kuching,93500,1.531,110.3442
Kuching,93502,1.531,110.3442
Kuching,93503,1.531,110.3442
Kuching,93504,1.531,110.3442
Kuching,93505,1.531,110.3442
Kuching,93506,1.531,110.3442
Kuching,93507,1.531,110.3442
Kuching,93508,1.531,110.3442
Kuching,93514,1.531,110.3442
Kuching,93516,1.531,110.3442
Kuching,93517,1.531,110.3442
Kuching,93518,1.531,110.3442
Kuching,93519,1.5545,110.3395
Kuching,93520,1.531,110.3442
Kuching,93527,1.531,110.3442
Kuching,93529,1.531,110.3442
Kuching,93532,1.531,110.3442
Kuching,93540,1.531,110.3442
Kuching,93550,3.1785,113.0391
Kuching,93551,2.8774,112.8511
Kuching,93552,1.531,110.3442
Kuching,93554,1.531,110.3442
Kuching,93556,1.531,110.3442
Kuching,93558,1.531,110.3442
Kuching,93560,1.531,110.3442
Kuching,93564,1.5977,110.34
Kuching,93566,1.531,110.3442
Kuching,93570,1.531,110.3442
Kuching,93572,1.531,110.3442
Kuching,93576,1.531,110.3442
Kuching,93578,1.5306,110.3376
Kuching,93582,1.4267,110.1452
Kuching,93586,1.531,110.3442
Kuching,93590,1.531,110.3442
Kuching,93592,1.531,110.3442
Kuching,93594,1.531,110.3442
Kuching,93596,1.531,110.3442
Kuching,93600,1.5568,110.3522
Kuching,93604,1.5649,110.3121
Kuching,93606,1.531,110.3442
Kuching,93608,1.1658,110.5655
Kuching,93609,1.531,110.3442
Kuching,93610,1.531,110.3442
Kuching,93612,1.5852,110.3723
Kuching,93614,1.531,110.3442
Kuching,93618,1.4877,110.3436
Kuching,93619,1.5585,110.3833
Kuching,93620,1.4094,110.3372
Kuching,93626,1.531,110.3442
Kuching,93628,1.531,110.3442
Kuching,93632,1.5485,110.3386
Kuching,93634,1.531,110.3442
Kuching,93648,1.531,110.3442
Kuching,93658,1.531,110.3442
Kuching,93660,1.531,110.3442
Kuching,93661,1.531,110.3442
Kuching,93662,1.531,110.3442
Kuching,93670,1.531,110.3442
Kuching,93672,1.531,110.3442
Kuching,93677,1.4264,110.3212
Kuching,93690,1.531,110.3442
Kuching,93694,1.531,110.3442
Kuching,93700,1.531,110.3442
Kuching,93702,1.531,110.3442
Kuching,93704,1.531,110.3442
Kuching,93706,1.531,110.3442
Kuching,93708,1.531,110.3442
Kuching,93710,1.531,110.3442
Kuching,93712,1.531,110.3442
Kuching,93714,1.531,110.3442
Kuching,93716,1.531,110.3442
Kuching,93718,1.531,110.3442
Kuching,93720,1.531,110.3442
Kuching,93722,1.531,110.3442
Kuching,93724,1.531,110.3442
Kuching,93726,1.531,110.3442
Kuching,93728,1.531,110.3442
Kuching,93730,1.531,110.3442
Kuching,93732,1.531,110.3442
Kuching,93734,1.531,110.3442
Kuching,93736,1.531,110.3442
Kuching,93738,1.531,110.3442
Kuching,93740,1.531,110.3442
Kuching,93742,1.531,110.3442
Kuching,93744,1.531,110.3442
Kuching,93746,1.531,110.3442
Kuching,93748,1.531,110.3442
Kuching,93750,1.531,110.3442
Kuching,93752,1.531,110.3442
Kuching,93754,1.531,110.3442
Kuching,93756,1.531,110.3442
Kuching,93758,1.531,110.3442
Kuching,93760,1.531,110.3442
Kuching,93762,1.531,110.3442
Kuching,93764,1.531,110.3442
Kuching,93900,1.531,110.3442
Kuching,93902,1.531,110.3442
Kuching,93904,1.531,110.3442
Kuching,93906,1.531,110.3442
Kuching,93908,1.531,110.3442
Kuching,93910,1.531,110.3442
Kuching,93912,1.531,110.3442
Kuching,93914,1.531,110.3442
Kuching,93916,1.531,110.3442
Kuching,93990,1.531,110.3442
Bau,94000,1.4813,110.1013
Bau,94007,1.418,110.1614
Bau,94009,1.418,110.1614
Siburan,94200,1.3148,110.3751
Kota Samarahan,94300,1.4727,110.402
Lundu,94500,1.6733,109.8363
Lundu,94507,1.6752,109.8007
Lundu,94509,1.6752,109.8007
Asajaya,94600,1.5424,110.516
Kabong,94650,1.8453,111.4252
Serian,94700,1.2438,110.2563
Serian,94707,1.1727,110.5639
Serian,94709,1.1727,110.5639
Serian,94750,1.1335,110.5286
Serian,94760,1.0172,110.3577
Simunjan,94800,1.2657,110.8125
Simunjan,94807,1.1862,110.9032
Simunjan,94809,1.1862,110.9032
Sebuyau,94850,1.3337,110.9275
Lingga,94900,1.3306,111.1952
Pusa,94950,1.6097,111.4337
Sri Aman,95000,1.3177,111.3894
Sri Aman,95007,1.2336,111.4637
Sri Aman,95008,1.2336,111.4637
Sri Aman,95009,1.2336,111.4637
Roban,95300,1.8838,111.3155
Saratok,95400,1.6629,111.2076
Saratok,95407,1.7362,111.3528
Saratok,95409,1.7362,111.3528
Debak,95500,1.5775,111.2168
Spaoh,95600,1.6533,111.5983
Betong,95700,1.5038,111.4675
Betong,95707,1.4196,111.5959
Betong,95709,1.4196,111.5959
Engkilili,95800,1.2817,110.9074
Lubok Antu,95900,1.2548,111.6771
Sibu,96000,2.2086,111.6
Sibu,96007,2.31,111.84
Sibu,96008,2.31,111.84
Sibu,96009,2.31,111.84
Sarikei,96100,2.0455,111.5346
Sarikei,96107,2.1178,111.5212
Sarikei,96108,2.1178,111.5212
Sarikei,96109,2.1178,111.5212
Belawai,96150,1.9636,111.0947
Daro,96200,2.5321,111.5253
Matu,96250,2.6413,111.4437
Dalat,96300,2.2853,111.9027
Dalat,96307,2.4277,112.1548
Dalat,96309,2.4277,112.1548
Balingian,96350,2.2248,111.6044
Mukah,96400,2.4118,112.0435
Mukah,96410,2.8576,111.8762
Bintangor,96500,2.2244,111.5791
Bintangor,96507,2.2138,111.5514
Bintangor,96508,2.2138,111.5514
Bintangor,96509,2.2138,111.5514
Julau,96600,1.783,111.9699
Kanowit,96700,1.9416,112.0866
Kanowit,96707,1.9064,112.2371
Kanowit,96709,1.9064,112.2371
Kapit,96800,1.9499,113.1692
Kapit,96807,1.9098,113.6356
Kapit,96809,1.9098,113.6356
Song,96850,1.735,112.533
Belaga,96900,2.4811,113.6292
Bintulu,97000,2.6262,112.1367
Bintulu,97007,3.1906,113.0901
Bintulu,97008,3.1906,113.0901
Bintulu,97009,3.1906,113.0901
Bintulu,97010,3.1906,113.0901
Bintulu,97011,3.1906,113.0901
Bintulu,97012,3.1906,113.0901
Bintulu,97013,3.1906,113.0901
Bintulu,97014,3.1906,113.0901
Bintulu,97015,3.1906,113.0901
Sebauh,97100,2.7811,112.6702
Tatau,97200,2.5733,112.6906
Bintulu,97300,3.264,113.0846
Miri,98000,4.2678,113.9692
Miri,98007,4.3331,113.9949
Miri,98008,4.3331,113.9949
Miri,98009,4.3331,113.9949
Baram,98050,2.0768,112.3837
Baram,98057,1.3526,111.5176
Baram,98058,1.3526,111.5176
Baram,98059,1.3526,111.5176
Lutong,98100,4.4803,114.0108
Lutong,98107,4.4803,114.0108
Lutong,98109,4.4803,114.0108
Bekenu,98150,4.0678,113.8315
Bekenu,98157,4.0677,113.831
Bekenu,98159,4.0677,113.831
Niah,98200,3.195,112.6848
Long Lama,98300,3.9671,114.2984
Limbang,98700,4.1371,114.6005
Limbang,98707,4.3466,115.1836
Limbang,98708,4.3466,115.1836
Limbang,98709,4.3466,115.1836
Nanga Medamit,98750,2.5574,113.0012
Sundar,98800,3.9777,114.0651
Lawas,98850,3.9117,114.0909
Lawas,98857,4.8211,115.4274
Lawas,98859,4.8211,115.4274
Kuala Terengganu,20000,5.2847,103.1475
Kuala Terengganu,20050,5.2886,103.104
Kuala Terengganu,20100,5.3134,103.1178
Kuala Terengganu,20200,5.3165,103.1246
Kuala Terengganu,20300,5.2937,103.1409
Kuala Terengganu,20400,5.2184,103.1682
Kuala Terengganu,20500,5.3046,103.1607
Kuala Terengganu,20502,5.3117,103.1199
Kuala Terengganu,20503,5.3117,103.1199
Kuala Terengganu,20504,5.3117,103.1199
Kuala Terengganu,20505,5.3117,103.1199
Kuala Terengganu,20506,5.3117,103.1199
Kuala Terengganu,20508,5.3117,103.1199
Kuala Terengganu,20512,5.3117,103.1199
Kuala Terengganu,20514,5.3117,103.1199
Kuala Terengganu,20516,5.3117,103.1199
Kuala Terengganu,20517,5.3117,103.1199
Kuala Terengganu,20518,5.3117,103.1199
Kuala Terengganu,20519,5.3117,103.1199
Kuala Terengganu,20520,5.3117,103.1199
Kuala Terengganu,20532,5.3117,103.1199
Kuala Terengganu,20534,5.3117,103.1199
Kuala Terengganu,20536,5.3117,103.1199
Kuala Terengganu,20538,5.3117,103.1199
Kuala Terengganu,20540,5.3117,103.1199
Kuala Terengganu,20542,5.3117,103.1199
Kuala Terengganu,20546,5.3117,103.1199
Kuala Terengganu,20548,5.3117,103.1199
Kuala Terengganu,20550,4.505,103.4432
Kuala Terengganu,20551,5.3117,103.1199
Kuala Terengganu,20552,5.3117,103.1199
Kuala Terengganu,20554,5.3117,103.1199
Kuala Terengganu,20556,5.3117,103.1199
Kuala Terengganu,20560,5.3117,103.1199
Kuala Terengganu,20564,5.3117,103.1199
Kuala Terengganu,20566,5.3117,103.1199
Kuala Terengganu,20568,5.3117,103.1199
Kuala Terengganu,20570,5.3117,103.1199
Kuala Terengganu,20572,5.3117,103.1199
Kuala Terengganu,20576,5.3117,103.1199
Kuala Terengganu,20578,5.3117,103.1199
Kuala Terengganu,20582,5.0737,103.0221
Kuala Terengganu,20586,5.3249,103.151
Kuala Terengganu,20590,5.3117,103.1199
Kuala Terengganu,20592,5.3117,103.1199
Kuala Terengganu,20596,5.3117,103.1199
Kuala Terengganu,20600,5.3117,103.1199
Kuala Terengganu,20604,5.3117,103.1199
Kuala Terengganu,20606,5.3117,103.1199
Kuala Terengganu,20608,4.2356,103.419
Kuala Terengganu,20609,5.3117,103.1199
Kuala Terengganu,20610,5.3117,103.1199
Kuala Terengganu,20612,5.3117,103.1199
Kuala Terengganu,20614,5.3117,103.1199
Kuala Terengganu,20618,5.3117,103.1199
Kuala Terengganu,20620,5.3147,103.133
Kuala Terengganu,20622,5.3117,103.1199
Kuala Terengganu,20626,5.3117,103.1199
Kuala Terengganu,20628,5.3117,103.1199
Kuala Terengganu,20630,5.3175,103.1312
Kuala Terengganu,20632,4.5782,103.2743
Kuala Terengganu,20646,5.3117,103.1199
Kuala Terengganu,20648,5.3117,103.1199
Kuala Terengganu,20656,5.3117,103.1199
Kuala Terengganu,20658,5.3117,103.1199
Kuala Terengganu,20660,5.3117,103.1199
Kuala Terengganu,20661,5.3117,103.1199
Kuala Terengganu,20662,5.3145,103.1267
Kuala Terengganu,20664,5.3117,103.1199
Kuala Terengganu,20668,5.3117,103.1199
Kuala Terengganu,20670,5.3117,103.1199
Kuala Terengganu,20672,5.3117,103.1199
Kuala Terengganu,20673,5.3117,103.1199
Kuala Terengganu,20674,5.3117,103.1199
Kuala Terengganu,20676,5.3117,103.1199
Kuala Terengganu,20680,5.3304,103.1412
Kuala Terengganu,20690,5.3117,103.1199
Kuala Terengganu,20698,5.3117,103.1199
Kuala Terengganu,20700,5.3117,103.1199
Kuala Terengganu,20710,5.3117,103.1199
Kuala Terengganu,20720,5.3117,103.1199
Kuala Terengganu,20900,5.3117,103.1199
Kuala Terengganu,20902,5.3117,103.1199
Kuala Terengganu,20904,5.3117,103.1199
Kuala Terengganu,20906,5.3117,103.1199
Kuala Terengganu,20908,5.3117,103.1199
Kuala Terengganu,20910,5.3117,103.1199
Kuala Terengganu,20912,5.3117,103.1199
Kuala Terengganu,20914,5.3117,103.1199
Kuala Terengganu,20916,5.3117,103.1199
Kuala Terengganu,20918,5.3117,103.1199
Kuala Terengganu,20920,5.3117,103.1199
Kuala Terengganu,20922,5.3117,103.1199
Kuala Terengganu,20924,5.3117,103.1199
Kuala Terengganu,20926,5.3117,103.1199
Kuala Terengganu,20928,5.3117,103.1199
Kuala Terengganu,20930,5.3117,103.1199
Kuala Terengganu,20990,5.3117,103.1199
Kuala Terengganu,21000,5.3018,103.1259
Kuala Terengganu,21009,5.3117,103.1199
Kuala Terengganu,21010,5.2638,103.0938
Kuala Terengganu,21020,5.3205,103.0596
Kuala Terengganu,21030,5.3451,103.1047
Kuala Terengganu,21040,5.2624,103.0792
Kuala Terengganu,21060,5.3185,103.0739
Kuala Terengganu,21070,5.271,103.1235
Kuala Terengganu,21080,5.3405,103.0754
Kuala Terengganu,21090,5.775,103.015
Kuala Terengganu,21100,5.3199,103.1074
Kuala Terengganu,21109,5.3117,103.1199
Kuala Terengganu,21200,5.2967,103.0847
Kuala Terengganu,21209,5.3117,103.1199
Kuala Terengganu,21210,5.269,103.0614
Kuala Terengganu,21220,5.2188,103.0314
Kuala Terengganu,21300,5.3436,103.0796
Kuala Terengganu,21309,5.3117,103.1199
Bukit Payong,21400,5.2321,103.1041
Chalok,21450,5.3867,102.8676
Sungai Tong,21500,5.2448,102.8795
Marang,21600,5.2424,103.126
Marang,21610,5.0599,103.2796
Kuala Berang,21700,5.1048,102.9733
Ajil,21800,5.0619,103.0496
Ajil,21810,5.0178,103.1339
Ajil,21820,5.0464,103.0901
Jerteh,22000,5.6111,102.5729
Jerteh,22010,5.6209,102.5933
Jerteh,22020,5.6795,102.5851
Permaisuri,22100,5.4698,102.8602
Permaisuri,22107,5.5837,102.7858
Permaisuri,22109,5.5837,102.7858
Permaisuri,22110,5.5436,102.818
Permaisuri,22120,5.4395,102.8866
Kampung Raja,22200,5.7332,102.613
Kuala Besut,22300,5.7998,102.5579
Kuala Besut,22307,5.8201,102.5377
Kuala Besut,22309,5.8201,102.5377
Dungun,23000,4.8168,103.3036
Dungun,23007,4.7565,103.3997
Dungun,23009,4.7565,103.3997
Dungun,23050,4.7789,103.3726
Paka,23100,4.7314,103.358
Bukit Besi,23200,5.0395,102.7909
Ketengah Jaya,23300,4.4348,103.3763
Al Muktatfi Billah Shah,23400,4.6199,103.2089
Cukai,24000,4.3305,103.352
Cukai,24007,4.2327,103.4152
Cukai,24009,4.2327,103.4152
Ayer Puteh,24050,4.4703,103.1734
Ceneh,24060,4.1149,103.2909
Kijal,24100,4.436,103.4175
Kijal,24107,4.3364,103.4683
Kijal,24109,4.3364,103.4683
Kemasek,24200,4.62,103.353
Kemasek,24207,4.4216,103.438
Kemasek,24209,4.4216,103.438
Kerteh,24300,4.6985,103.3568
