International Correspondence School,0400,14.575,121.0609
Asian Development Bank,0401,14.5876,121.0596
Radio Bible Class,0410,14.6014,121.0365
Bible School on the Air,0420,14.6033,121.0448
Febias College of Bible,0550,14.6879,120.9951
Far East Broadcasting Corporation,0560,14.6894,120.98
Social Security System,0800,14.6402,121.0474
Camp Crame,0801,14.6094,121.0533
Camp Aguinaldo,0802,14.6058,121.0621
Araneta Center,0810,14.6193,121.0537
Bureau of Internal Revenue,0820,14.6427,121.043
National Irrigation Administration,0830,14.6385,121.0428
V. Luna Hospital,0840,14.6351,121.0519
Philippine Heart Center,0850,14.6441,121.0484
Quezon City Hall,0860,14.6466,121.0509
Veterans Hospital,0870,14.6567,121.04
Commission on Audit,0880,14.6897,121.0884
Manila Bulletin,0900,13.2947,123.7933
Adventist University of the Philippines,0901,13.2947,123.7933
Far East Broadcasting Corporation,0902,13.2947,123.7933
Manila Hilton,0903,13.2947,123.7933
Midland Hotel,0904,13.2947,123.7933
The Philippine Star,0905,13.2947,123.7933
Manila Medical Center,0906,13.2947,123.7933
San Miguel Corporation,0907,13.2947,123.7933
Pan-Filipino Shipping,0908,13.2947,123.7933
Summer Institute of Linguistics,0909,13.2947,123.7933
Department of Labor and Employment,0910,13.2947,123.7933
National Statistics Office,0911,13.2947,123.7933
Bureau of Plant Industry,0912,13.2947,123.7933
Manila Hotel,0913,13.2947,123.7933
Philippine Refining Company,0914,13.2947,123.7933
International Correspondence Institute,0915,13.2947,123.7933
Radio Veritas,0916,13.2947,123.7933
Ateneo de Manila University,0917,13.2947,123.7933
Fil-Japan Shipping Company,0918,13.2947,123.7933
Manila Police District,0919,13.2947,123.7933
Sunbursts Publications,0920,13.2947,123.7933
Philippine Plaza Hotel,0921,13.2947,123.7933
De La Salle University,0922,13.2947,123.7933
Don Stewart Evangelistic Association,0923,13.2947,123.7933
World Map,0924,13.2947,123.7933
Chinabank,0925,13.2947,123.7933
Caltex,0926,13.2947,123.7933
Philippine Veterans Affairs Office,0927,13.2947,123.7933
Philippine Campus Crusade,0928,13.2947,123.7933
Not used,0929,13.2947,123.7933
United States Embassy,0930,13.2947,123.7933
Philippine National Bank,0940,13.2947,123.7933
Manila Midtown Hotel,0950,13.2947,123.7933
International Rice Research Institute,0960,13.2947,123.7933
Department of Justice,0970,13.2947,123.7933
Asian Development Bank,0980,13.2947,123.7933
Philamlife,0990,13.2947,123.7933
Manila Central Post Office,1000,14.2335,121.3623
Quiapo,1001,12.5667,121.4167
Intramuros,1002,14.2335,121.3623
Santa Cruz,1003,14.2786,121.4156
Malate,1004,14.5667,120.9833
San Miguel,1005,14.2335,121.3623
Binondo,1006,14.6,120.9667
Paco,1007,13.9703,122.64
Sampaloc,1008,14.5578,121.3461
Santa Ana,1009,15.0944,120.7678
San Nicolas,1010,18.1725,120.5958
Pandacan,1011,10.9531,123.1317
Tondo,1012,15.1167,120.0667
Tondo,1013,15.1167,120.0667
Santa Cruz,1014,14.2786,121.4156
Sampaloc,1015,14.5578,121.3461
Santa Mesa,1016,14.5048,121.4211
San Andres,1017,13.26,123.78
Port Area,1018,14.5833,120.9667
Santa Mesa P.O. Box,1035,14.0494,121.5101
Santa Cruz P.O. Box,1040,10.9,122.7167
Ermita,1045,10.9,122.7167
Manila CPO-PO Box# 1000 to 1099,1050,14.0494,121.5101
Manila CPO-PO Box# 1100 to 1199,1051,14.0494,121.5101
Manila CPO-PO Box# 1200 to 1299,1052,14.0494,121.5101
Manila CPO-PO Box# 1300 to 1399,1053,14.0494,121.5101
Manila CPO-PO Box# 1400 to 1499,1054,14.0494,121.5101
Manila CPO-PO Box# 1500 to 1599,1055,14.0494,121.5101
Manila CPO-PO Box# 1600 to 1699,1056,14.0494,121.5101
Manila CPO-PO Box# 1700 to 1799,1057,14.0494,121.5101
Manila CPO-PO Box# 1800 to 1899,1058,14.0494,121.5101
Manila CPO-PO Box# 1900 to 1999,1059,14.0494,121.5101
Manila CPO-PO Box# 2000 to 2099,1060,14.0494,121.5101
Manila CPO-PO Box# 2100 to 2199,1061,14.0494,121.5101
Manila CPO-PO Box# 2200 to 2299,1062,14.0494,121.5101
Manila CPO-PO Box# 2300 to 2399,1063,14.0494,121.5101
Manila CPO-PO Box# 2400 to 2499,1064,14.0494,121.5101
Manila CPO-PO Box# 2500 to 2599,1065,14.0494,121.5101
Manila CPO-PO Box# 2600 to 2699,1066,14.0494,121.5101
Manila CPO-PO Box# 2700 to 2799,1067,14.0494,121.5101
Manila CPO-PO Box# 2800 to 2899,1068,14.0494,121.5101
Manila CPO-PO Box# 2900 to 2999,1069,14.0494,121.5101
Manila CPO-PO Box# 3000 to 3099,1070,14.0494,121.5101
Manila CPO-PO Box# 3100 to 3199,1071,14.0494,121.5101
Manila CPO-PO Box# 3200 to 3299,1072,14.0494,121.5101
Manila CPO-PO Box# 3300 to 3399,1073,14.0494,121.5101
Manila CPO-PO Box# 3400 to 3499,1074,14.0494,121.5101
Manila CPO-PO Box# 3500 to 3599,1075,14.0494,121.5101
Manila CPO-PO Box# 3600 to 3699,1076,14.0494,121.5101
Manila CPO-PO Box# 3700 to 3799,1077,14.0494,121.5101
Manila CPO-PO Box# 3800 to 3899,1078,14.0494,121.5101
Manila CPO-PO Box# 3900 to 3999,1079,14.0494,121.5101
Manila CPO-PO Box# 4000 to 4099,1080,14.0494,121.5101
Manila CPO-PO Box# 4100 to 4199,1081,14.0494,121.5101
Manila CPO-PO Box# 4200 to 4299,1082,14.0494,121.5101
Manila CPO-PO Box# 4300 to 4399,1083,14.0494,121.5101
Manila CPO-PO Box# 4400 to 4499,1084,14.0494,121.5101
Manila CPO-PO Box# 4500 to 4599,1085,14.0494,121.5101
Manila CPO-PO Box# 4600 to 4699,1086,14.0494,121.5101
Manila CPO-PO Box# 4700 to 4799,1087,14.0494,121.5101
Manila CPO-PO Box# 4800 to 4899,1088,14.0494,121.5101
Manila CPO-PO Box# 4900 to 4999,1089,14.0494,121.5101
Manila CPO-PO Box# 5000 to 5099,1090,12.2667,122.05
Manila CPO-PO Box# 5100 to 5199,1091,12.2667,122.05
Manila CPO-PO Box# 5200 to 5299,1092,12.2667,122.05
Manila CPO-PO Box# 5300 to 5399,1093,12.2667,122.05
Manila CPO-PO Box# 5400 to 5499,1094,12.2667,122.05
Manila CPO-PO Box# 5500 to 5599,1095,12.2667,122.05
Manila CPO-PO Box# 5600 to 5699,1096,12.2667,122.05
Alcantara,1099,12.2667,122.05
Project 6,1100,14.6591,121.0395
Botocan,1101,14.15,121.5
Silangan,1102,13.5636,121.8578
Obrero,1103,14.6276,121.0315
Talayan,1104,14.6327,121.0124
Katipunan,1105,14.5779,121.4317
Unang Sigaw,1106,14.6626,121.0112
Pasong Tamo,1107,14.6809,121.0673
Pansol,1108,13.8867,121.2433
San Roque,1109,14.9028,120.5286
Bagong Bayan,1110,15.8,120.9833
Crame,1111,14.621,121.0459
Damayan Lagi,1112,14.6184,121.0351
Santol,1113,15.1622,120.5675
Gintong Silahis,1114,15.5503,120.9554
Masambong,1115,14.6409,121.0107
Sauyo,1116,14.6853,121.0362
Santa Lucia,1117,15.5,120.7833
Pasong Putik,1118,14.738,121.0691
Matandang Balara,1119,14.6655,121.0863
Violago Homes,1120,14.6881,121.0786
Commonwealth,1121,14.7004,121.081
Fairview [South],1122,14.697,121.057
Novaliches Proper,1123,14.7178,121.0367
Kaligayahan,1124,14.7335,121.0444
Nagkaisang Nayon,1125,14.7258,121.0275
Capitol Hills/Park,1126,14.6819,121.0944
Holy Spirit,1127,14.697,121.057
Vasra,1128,14.659,121.0443
Araneta Center P.O. Boxes,1135,14.6811,121.1216
Murphy District P.O. Boxes,1138,14.6811,121.1216
Broadway Center P.O. Boxes,1141,14.6811,121.1216
University of the Philippines P.O. Boxes,1144,14.6811,121.1216
Novaliches P.O. Boxes,1147,14.6811,121.1216
Quezon City CPO - P.O. Box Nos. 1000 to 1099,1150,14.6811,121.1216
Quezon City CPO - P.O. Box Nos. 1100 to 1199,1151,14.6811,121.1216
Quezon City CPO - P.O. Box Nos. 1200 to 1299,1152,14.6811,121.1216
Quezon City CPO - P.O. Box Nos. 1300 to 1399,1153,14.6811,121.1216
Quezon City CPO - P.O. Box Nos. 1400 to 1499,1154,14.6811,121.1216
Quezon City CPO - P.O. Box Nos. 1500 to 1599,1155,14.6811,121.1216
Quezon City CPO - P.O. Box Nos. 1600 to 1699,1156,14.6811,121.1216
Quezon City CPO - P.O. Box Nos. 1700 to 1799,1157,14.6811,121.1216
Quezon City CPO - P.O. Box Nos. 1800 to 1899,1158,14.6811,121.1216
Quezon City CPO - P.O. Box Nos. 1900 to 1999,1159,14.6811,121.1216
Quezon City CPO - P.O. Box Nos. 2000 to 2099,1160,14.6811,121.1216
Quezon City CPO - P.O. Box Nos. 2100 to 2199,1161,14.6811,121.1216
Quezon City CPO - P.O. Box Nos. 2200 to 2299,1162,14.6811,121.1216
Quezon City CPO - P.O. Box Nos. 2300 to 2399,1163,14.6811,121.1216
Quezon City CPO - P.O. Box Nos. 2400 to 2499,1164,14.6811,121.1216
Quezon City CPO - P.O. Box Nos. 2500 to 2599,1165,14.6811,121.1216
Quezon City CPO - P.O. Box Nos. 2600 to 2699,1166,14.6811,121.1216
Quezon City CPO - P.O. Box Nos. 2700 to 2799,1167,14.6811,121.1216
Quezon City CPO - P.O. Box Nos. 2800 to 2899,1168,14.6811,121.1216
Quezon City CPO - P.O. Box Nos. 2900 to 2999,1169,14.6811,121.1216
Quezon City CPO - P.O. Box Nos. 3000 to 3099,1170,14.6811,121.1216
Quezon City CPO - P.O. Box Nos. 3100 to 3199,1171,14.6811,121.1216
Quezon City CPO - P.O. Box Nos. 3200 to 3299,1172,14.6811,121.1216
Quezon City CPO - P.O. Box Nos. 3300 to 3399,1173,14.6811,121.1216
Quezon City CPO - P.O. Box Nos. 3400 to 3499,1174,14.6811,121.1216
Quezon City CPO - P.O. Box Nos. 3500 to 3599,1175,14.6811,121.1216
Quezon City CPO - P.O. Box Nos. 3600 to 3699,1176,14.6811,121.1216
Quezon City CPO - P.O. Box Nos. 3700 to 3799,1177,14.6811,121.1216
Makati Central Post Office,1200,14.4595,121.1575
Fort Bonifacio,1201,14.5272,121.0422
Fort Bonifacio Naval Station,1202,14.4595,121.1575
San Antonio Village,1203,14.4595,121.1575
"La Paz, Singkamas, and Tejeros",1204,14.4595,121.1575
Santa Cruz,1205,14.2786,121.4156
Kasilawan,1206,14.5728,121.0147
Carmona and Olympia,1207,14.4595,121.1575
"Valenzuela (includes Rizal, San Miguel, and Santiago Villages)",1208,14.4595,121.1575
Bel-Air,1209,14.4595,121.1575
Poblacion,1210,14.5432,121.0691
Guadalupe Viejo (includes Palm Village),1211,14.5504,121.0602
Guadalupe Nuevo (includes Visayan Village),1212,14.5504,121.0602
Pinagkaisahan - Pitogo,1213,14.5504,121.0602
Cembo,1214,14.5646,121.0488
West Rembo,1215,14.558,121.0613
East Rembo and Malapad na Bato,1216,14.5504,121.0602
Comembo,1217,14.5477,121.0613
Pembo,1218,14.5384,121.0606
Forbes Park North,1219,14.5504,121.0602
Forbes Park South,1220,14.253,121.6374
Dasmariñas Village North,1221,14.253,121.6374
Dasmariñas Village South,1222,14.253,121.6374
San Lorenzo Village,1223,14.253,121.6374
Makati Commercial Center,1224,14.253,121.6374
Urdaneta Village,1225,14.253,121.6374
Ayala Avenue-Paseo de Roxas,1226,14.253,121.6374
Salcedo Village,1227,14.253,121.6374
Greenbelt,1228,14.253,121.6374
Legaspi Village,1229,14.253,121.6374
Pio del Pilar,1230,12.5333,125.1167
Pasong Tamo and Ecology Village,1231,13.8317,122.5026
Magallanes Village,1232,14.5329,121.0166
Bangkal,1233,9.9833,123.2
San Isidro,1234,15.05,120.75
Palanan,1235,17.0589,122.4297
Makati CPO-PO Box# 1000 to 1099,1250,14.253,121.6374
Makati CPO-PO Box# 1100 to 1199,1251,14.253,121.6374
Makati CPO-PO Box# 1200 to 1299,1252,14.253,121.6374
Makati CPO-PO Box# 1300 to 1399,1253,14.253,121.6374
Makati CPO-PO Box# 1400 to 1499,1254,14.253,121.6374
Makati CPO-PO Box# 1500 to 1599,1255,14.253,121.6374
Makati CPO-PO Box# 1600 to 1699,1256,14.253,121.6374
Makati CPO-PO Box# 1700 to 1799,1257,14.253,121.6374
Makati CPO-PO Box# 1800 to 1899,1258,14.253,121.6374
Makati CPO-PO Box# 1900 to 1999,1259,14.253,121.6374
Makati CPO-PO Box# 2000 to 2099,1260,14.253,121.6374
Makati CPO-PO Box# 2100 to 2199,1261,14.253,121.6374
Makati CPO-PO Box# 2200 to 2299,1262,14.253,121.6374
Makati CPO-PO Box# 2300 to 2399,1263,14.253,121.6374
Makati CPO-PO Box# 2400 to 2499,1264,14.253,121.6374
Makati CPO-PO Box# 2500 to 2599,1265,14.253,121.6374
Makati CPO-PO Box# 2600 to 2699,1266,14.253,121.6374
Makati CPO-PO Box# 2700 to 2799,1267,14.253,121.6374
Makati CPO-PO Box# 2800 to 2899,1268,14.253,121.6374
Makati CPO-PO Box# 2900 to 2999,1269,14.253,121.6374
Makati CPO-PO Box# 3000 to 3099,1270,14.253,121.6374
Makati CPO-PO Box# 3100 to 3199,1271,14.253,121.6374
Makati CPO-PO Box# 3200 to 3299,1272,14.253,121.6374
Makati CPO-PO Box# 3300 to 3399,1273,14.253,121.6374
Makati CPO-PO Box# 3400 to 3499,1274,14.253,121.6374
Makati CPO-PO Box# 3500 to 3599,1275,14.253,121.6374
Makati CPO-PO Box# 3600 to 3699,1276,14.253,121.6374
Makati CPO-PO Box# 3700 to 3799,1277,14.253,121.6374
Makati CPO-PO Box# 3800 to 3899,1278,14.253,121.6374
Makati CPO-PO Box# 3900 to 3999,1279,14.253,121.6374
Makati CPO-PO Box# 4000 to 4099,1280,14.253,121.6374
Makati CPO-PO Box# 4100 to 4199,1281,14.253,121.6374
Makati CPO-PO Box# 4200 to 4299,1282,14.253,121.6374
Makati CPO-PO Box# 4300 to 4399,1283,14.253,121.6374
Makati CPO-PO Box# 4400 to 4499,1284,14.253,121.6374
Makati CPO-PO Box# 4500 to 4599,1285,14.253,121.6374
Makati CPO-PO Box# 4600 to 4699,1286,14.253,121.6374
Makati CPO-PO Box# 4700 to 4799,1287,14.253,121.6374
Makati CPO-PO Box# 4800 to 4899,1288,14.253,121.6374
Makati CPO-PO Box# 4900 to 4999,1289,14.253,121.6374
Makati CPO-PO Box# 5000 to 5099,1290,14.253,121.6374
Makati CPO-PO Box# 5100 to 5199,1291,14.253,121.6374
Makati CPO-PO Box# 5200 to 5299,1292,14.253,121.6374
Makati CPO-PO Box# 5300 to 5399,1293,14.253,121.6374
Makati CPO-PO Box# 5400 to 5499,1294,14.253,121.6374
Makati CPO-PO Box# 5500 to 5599,1295,14.253,121.6374
Makati CPO-PO Box# 5600 to 5699,1296,14.253,121.6374
Makati CPO-PO Box# 5700 to 5799,1297,14.253,121.6374
Makati CPO-PO Box# 5800 to 5899,1298,14.253,121.6374
Makati CPO-PO Box# 5900 to 5999,1299,14.253,121.6374
Pasay City Central Post Office,1300,13.9508,121.1579
Domestic Airport P.O.,1301,13.9508,121.1579
San Rafael,1302,14.8669,120.5381
San Roque,1303,14.9028,120.5286
Santa Clara,1304,13.7536,121.0606
San Jose,1305,11.1808,122.9125
San Isidro,1306,15.05,120.75
Philippine International Convention Center,1307,13.9508,121.1579
Bay City,1308,13.9508,121.1579
Villamor Airbase,1309,13.9508,121.1579
Pasay City CPO - P.O. Box Nos. 1000 to 1099,1350,13.9508,121.1579
Pasay City CPO - P.O. Box Nos. 1100 to 1199,1351,13.9508,121.1579
Pasay City CPO - P.O. Box Nos. 1200 to 1299,1352,13.9508,121.1579
Pasay City CPO - P.O. Box Nos. 1300 to 1399,1353,13.9508,121.1579
Pasay City CPO - P.O. Box Nos. 1400 to 1499,1354,13.9508,121.1579
Domestic Airport P.O. - P.O. Box Nos. 1000 to 1099,1375,13.9508,121.1579
Domestic Airport P.O. - P.O. Box Nos. 1100 to 1199,1376,13.9508,121.1579
Domestic Airport P.O. - P.O. Box Nos. 1200 to 1299,1377,13.9508,121.1579
Domestic Airport P.O. - P.O. Box Nos. 1300 to 1399,1378,13.9508,121.1579
Domestic Airport P.O. - P.O. Box Nos. 1400 to 1499,1379,13.9508,121.1579
Domestic Airport P.O. - P.O. Box Nos. 1500 to 1599,1380,13.9508,121.1579
Domestic Airport P.O. - P.O. Box Nos. 1600 to 1699,1381,13.9508,121.1579
Cefels Park Subdivision,14??,14.5945,121.0667
Caloocan City Central Post Office,1400,13.8025,121.4867
Baesa,1401,14.6724,121.0113
Santa Quiteria,1402,14.6833,121.0
Grace Park East,1403,13.8025,121.4867
San Jose,1404,11.1808,122.9125
First Avenue to Seventh Avenue West,1405,13.8025,121.4867
Grace Park West,1406,13.8025,121.4867
University Hills,1407,13.8025,121.4867
Sangandaan,1408,14.6736,121.0229
Kaunlaran Village (shared with Caloocan City and Navotas),1409,13.8025,121.4867
Maypajo,1410,14.6333,120.9667
Fish Market (shared with Navotas),1411,14.6333,120.9667
Isla de Cocomo,1412,14.6333,120.9667
Kapitbayahan,1413,14.6333,120.9667
Kaybiga/Deparo,1420,14.5945,121.0667
Bagumbong/Pag-asa,1421,14.5945,121.0667
Novaliches North,1422,14.5945,121.0667
Lilles Ville Subdivision,1423,14.5945,121.0667
Captol Parkland Subdivision,1424,14.5945,121.0667
Amparo Subdivision,1425,14.5945,121.0667
Bankers Village,1426,14.5945,121.0667
Tala Leprosarium and Victory Heights,1427,14.5945,121.0667
Bagong Silang,1428,14.5945,121.0667
Valenzuela Central Post Office - Malinta,1440,14.3637,121.2414
Karuhatan,1441,14.6914,120.9686
Paso de Blas,1442,14.7078,120.9861
Dalandanan - West Canumay,1443,14.3637,121.2414
Rincon,1444,14.7,120.95
Balangkas - Caloong,1445,14.7,120.95
Lingunan,1446,14.7192,120.975
East Canumay - Lawang Bato Punturin,1447,14.3637,121.2414
Mapulang Lupa,1448,14.8833,120.9667
Valenzuela P.O. Boxes,1469,14.5945,121.0667
Tinajeros,1470,15.1,120.5667
Flores,1471,16.0686,120.6883
Longos,1472,16.1167,120.3833
Tonsuya,1473,14.6617,120.9564
Acacia,1474,14.6753,120.9681
Potrero,1475,14.6669,120.9814
Araneta Subdivision,1476,15.1018,120.7597
Maysilo,1477,14.6778,120.9536
Santolan,1478,14.6158,121.0882
Muzon,1479,14.8011,121.0344
Dampalit,1480,14.6833,120.9447
Navotas,1485,14.4172,121.2258
Tangos,1489,14.9667,120.9
Tanza,1490,14.6753,120.9389
San Juan Central Post Office,1500,14.5865,121.0371
Greenhills Post Office,1502,14.5865,121.0371
Greenhills [North],1503,14.5865,121.0371
Eisenhower - Crame,1504,14.5865,121.0371
Greenhills P.O. Box Nos. 1000 to 1099,1530,14.5865,121.0371
Greenhills P.O. Box Nos. 1100 to 1199,1531,14.5865,121.0371
Greenhills P.O. Box Nos. 1200 to 1299,1532,14.5865,121.0371
Greenhills P.O. Box Nos. 1300 to 1399,1533,14.5865,121.0371
Greenhills P.O. Box Nos. 1400 to 1499,1534,14.5865,121.0371
Greenhills P.O. Box Nos. 1500 to 1599,1535,14.5865,121.0371
Greenhills P.O. Box Nos. 1600 to 1699,1536,14.5865,121.0371
Mandaluyong Central Post Office,1550,14.5865,121.0371
Vergara,1551,14.576,121.0281
Shaw Boulevard,1552,14.5865,121.0371
National Center for Mental Health,1553,14.5865,121.0371
East EDSA,1554,14.5865,121.0371
Wack Wack,1555,14.5971,121.0461
Greenhills South,1556,14.5865,121.0371
Pasig Central Post Office,1600,14.5732,121.0697
San Joaquin,1601,15.0944,120.7678
Pinagbuhatan,1602,14.5592,121.0916
Kapitolyo,1603,14.5693,121.0602
Ugong,1604,14.5818,121.076
Ortigas Post Office,1605,14.5732,121.0697
Caniogan,1606,17.5,120.4333
Maybunga,1607,11.1508,122.1253
Santa Lucia,1608,15.5,120.7833
Rosario,1609,13.63,121.2197
Santolan,1610,14.6158,121.0882
Manggahan,1611,14.2911,120.9131
Green Park,1612,14.4535,121.0006
Aguho,1620,14.541,121.065
Santa Ana,1621,15.0944,120.7678
"Western Bicutan (including Food Terminal, Inc.",1630,14.5916,121.0147
Bicutan,1631,14.4996,121.0507
ususan,1632,14.5339,121.0739
Upper Bicutan,1633,14.4996,121.0507
Nichols - McKinley,1634,14.5916,121.0147
Bay Breeze Executive Village,1636,14.5916,121.0147
Tuktukan,1637,14.8333,120.8833
Ligid,1638,14.5916,121.0147
Pasig Ortigas CTR-PO Box# 1000 to 1099,1650,14.5934,121.0281
Pasig Ortigas CTR-PO Box# 1100 to 1199,1651,14.5934,121.0281
Pasig Ortigas CTR-PO Box# 1200 to 1299,1652,14.5934,121.0281
Pasig Ortigas CTR-PO Box# 1300 to 1399,1653,14.5934,121.0281
Pasig Ortigas CTR-PO Box# 1400 to 1499,1654,14.5934,121.0281
Pasig Ortigas CTR-PO Box# 1500 to 1599,1655,14.5934,121.0281
Pasig Ortigas CTR-PO Box# 1600 to 1699,1656,14.5934,121.0281
Pasig Ortigas CTR-PO Box# 1700 to 1799,1657,14.5934,121.0281
Pasig Ortigas CTR-PO Box# 1800 to 1899,1658,14.5934,121.0281
Pasig Ortigas CTR-PO Box# 1900 to 1999,1659,14.5934,121.0281
Pasig Ortigas CTR-PO Box# 2000 to 2099,1660,14.5934,121.0281
Pasig Ortigas CTR-PO Box# 2100 to 2199,1661,14.5934,121.0281
Pasig Ortigas CTR-PO Box# 2200 to 2299,1662,14.5934,121.0281
Pasig Ortigas CTR-PO Box# 2300 to 2399,1663,14.5934,121.0281
Pasig Ortigas CTR-PO Box# 2400 to 2499,1664,14.5934,121.0281
Pasig Ortigas CTR-PO Box# 2500 to 2599,1665,14.5934,121.0281
Pasig Ortigas CTR-PO Box# 2600 to 2699,1666,14.5934,121.0281
Pasig Ortigas CTR-PO Box# 2700 to 2799,1667,14.5934,121.0281
Pasig Ortigas CTR-PO Box# 2800 to 2899,1668,14.5934,121.0281
Pasig Ortigas CTR-PO Box# 2900 to 2999,1669,14.5934,121.0281
Pasig Ortigas CTR-PO Box# 3000 to 3099,1670,14.5934,121.0281
Pasig Ortigas CTR-PO Box# 3100 to 3199,1671,14.5934,121.0281
Pasig Ortigas CTR-PO Box# 3200 to 3299,1672,14.5934,121.0281
Pasig Ortigas CTR-PO Box# 3300 to 3399,1673,14.5934,121.0281
Pasig Ortigas CTR-PO Box# 3400 to 3499,1674,14.5934,121.0281
Pasig Ortigas CTR-PO Box# 3500 to 3599,1675,14.5934,121.0281
Pasig Ortigas CTR-PO Box# 3600 to 3699,1676,14.5934,121.0281
Pasig Ortigas CTR-PO Box# 3700 to 3799,1677,14.5934,121.0281
Pasig Ortigas CTR-PO Box# 3800 to 3899,1678,14.5934,121.0281
Pasig Ortigas CTR-PO Box# 3900 to 3999,1679,14.5934,121.0281
Pasig Ortigas CTR-PO Box# 4000 to 4099,1680,14.5934,121.0281
Pasig Ortigas CTR-PO Box# 4100 to 4199,1681,14.5934,121.0281
Pasig Ortigas CTR-PO Box# 4200 to 4299,1682,14.5934,121.0281
Pasig Ortigas CTR-PO Box# 4300 to 4399,1683,14.5934,121.0281
Pasig Ortigas CTR-PO Box# 4400 to 4499,1684,14.5934,121.0281
Pasig Ortigas CTR-PO Box# 4500 to 4599,1685,14.5934,121.0281
Pasig Ortigas CTR-PO Box# 4600 to 4699,1686,14.5934,121.0281
Pasig Ortigas CTR-PO Box# 4700 to 4799,1687,14.5934,121.0281
Pasig Ortigas CTR-PO Box# 4800 to 4899,1688,14.5934,121.0281
Pasig Ortigas CTR-PO Box# 4900 to 4999,1689,14.5934,121.0281
Pasig Ortigas CTR-PO Box# 5000 to 5099,1690,14.5934,121.0281
Pasig Ortigas CTR-PO Box# 5100 to 5199,1691,14.5934,121.0281
Pasig Ortigas CTR-PO Box# 5200 to 5299,1692,14.5934,121.0281
Pasig Ortigas CTR-PO Box# 5300 to 5399,1693,14.5934,121.0281
Pasig Ortigas CTR-PO Box# 5400 to 5499,1694,14.5934,121.0281
Pasig Ortigas CTR-PO Box# 5500 to 5599,1695,14.5934,121.0281
Pasig Ortigas CTR-PO Box# 5600 to 5699,1696,14.5934,121.0281
Pasig Ortigas CTR-PO Box# 5700 to 5799,1697,14.5934,121.0281
Pasig Ortigas CTR-PO Box# 5800 to 5899,1698,14.5934,121.0281
Pasig Ortigas CTR-PO Box# 5900 to 5999,1699,14.5934,121.0281
Parañaque CPO,1700,15.439,122.0266
Tambo,1701,13.4658,123.495
Baclaran,1702,15.439,122.0266
Marina Subdivision (Reclamation),1703,15.439,122.0266
Santo Niño,1704,17.8883,121.5714
Ninoy Aquino International Airport,1705,15.439,122.0266
Pulo,1706,14.9628,121.0133
San Antonio Valley 11 &amp; 12,1707,15.439,122.0266
Multinational Village,1708,15.439,122.0266
"South Admiral Village, Merville Park &amp; Moonwalk Subdivision",1709,15.439,122.0266
Executive Heights Subdivision,1710,14.4998,121.0422
Better Living Subdivision,1711,14.4998,121.0422
Miramar Subdivision,1712,14.4998,121.0422
United Parañaque Subdivision,1713,14.4998,121.0422
Ireneville Subdivision II,1714,14.4998,121.0422
San Antonio Valley 1,1715,14.4998,121.0422
Maywood Village II,1716,14.4998,121.0422
Manila Memorial Park,1717,14.4998,121.0422
BF Homes 2,1718,14.4998,121.0422
Maywood Village I,1719,14.4998,121.0422
BF Homes 1,1720,14.8961,121.4761
Las Piñas Central Post Office,1740,14.8961,121.4761
Greymarville Subdivision,1741,14.8961,121.4761
Pulang Lupa and Zapote,1742,14.8961,121.4761
Cut-cut,1743,14.8961,121.4761
Manuyo,1744,14.8961,121.4761
Gatchalian Subdivision,1745,14.8961,121.4761
Verdant Acres Subdivision,1746,14.8961,121.4761
Moonwalk Subdivision and Talon,1747,14.8961,121.4761
Manila Doctors Village,1748,14.8961,121.4761
Angela Village,1749,14.8961,121.4761
Almanza,1750,14.4833,120.9833
T.S. Cruz Subdivision,1751,14.4833,120.9833
Soldiers Hills Subdivision,1752,14.4833,120.9833
Muntinlupa Central Post Office,1770,14.4418,121.051
Buli/Cupang,1771,14.4418,121.051
Soldiers' Hills,1772,14.4031,121.0314
Tunasan,1773,14.3792,121.0525
Susana Heights,1774,14.4418,121.051
Pearl Heights,1775,14.4418,121.051
Poblacion,1776,14.5432,121.0691
Pleasant Village,1777,14.4418,121.051
Ayala Alabang Subdivision,1780,14.8961,121.4761
Ayala Alabang P.O. Boxes,1799,14.8961,121.4761
Marikina Central Post Office,1800,12.565,122.0275
San Roque-Calumpang,1801,12.565,122.0275
Industrial Valley,1802,14.6269,121.0767
Barangka and Tañong,1803,12.565,122.0275
J. De La Peña,1804,12.565,122.0275
Malanday,1805,14.6464,121.0947
Northern and Western Marikina River,1806,12.565,122.0275
Concepcion tarlac,1807,15.3253,120.6569
Nangka,1808,10.8556,123.0419
Parang,1809,7.3711,124.2672
Marikina Heights,1810,14.6533,121.1222
Concepcion 2,1811,14.6442,121.1212
819: Not used,1812,14.6487,121.1217
"Bagong Nayon, Cupang, Mambagat, and Mayamot",1820,13.6111,121.5856
San Mateo,1850,14.6969,121.1219
Rodriguez,1860,14.7325,121.145
Antipolo City,1870,13.6111,121.5856
Teresa,1880,14.5586,121.2083
Cainta,1900,14.58,121.1169
Pililla,1910,14.4822,121.3056
Taytay,1920,14.5692,121.1325
Angono,1930,14.5256,121.1497
Binangonan,1940,14.4656,121.1919
Cardona,1950,14.4864,121.2294
Morong,1960,14.6789,120.2661
Baras,1970,14.5217,121.2667
Tanay,1980,14.4972,121.2864
City of San Fernando,2000,15.0055,120.5964
Bacolor,2001,15.0014,120.6539
Santa Rita,2002,15.0008,120.6117
Guagua,2003,14.9686,120.6356
Sasmuan (Sexmoan),2004,14.9386,120.6161
Lubao,2005,14.9353,120.6011
Floridablanca,2006,14.9767,120.5275
Basa Airbase,2007,15.0055,120.5964
Porac,2008,15.0722,120.5422
Angeles City,2009,15.15,120.5833
Mabalacat,2010,15.2233,120.5792
Magalang,2011,15.215,120.6619
Arayat,2012,15.1508,120.7731
Candaba,2013,15.0933,120.8283
San Luis,2014,15.043,120.7227
San Simon,2015,14.9931,120.7767
Apalit,2016,14.9533,120.77
Masantol,2017,14.8936,120.7139
Macabebe,2018,14.8983,120.7167
Minalin,2019,14.9664,120.685
Santo Tomas,2020,14.1092,121.1419
Mexico,2021,15.0656,120.7217
Santa Ana,2022,15.0944,120.7678
Balanga City,2100,14.357,120.6621
Pilar,2101,14.66,120.5653
Orion,2102,14.6206,120.5817
Limay,2103,14.5619,120.5983
Lamao,2104,12.5472,122.3175
Mariveles,2105,14.4336,120.4853
Mariveles,2106,14.4336,120.4853
Bagac,2107,14.5981,120.3931
Morong,2108,14.6789,120.2661
Morong,2109,14.6789,120.2661
Dinalupihan,2110,14.8761,120.4625
Hermosa,2111,14.8317,120.5064
Orani,2112,14.8008,120.5364
Samal,2113,14.8077,120.5109
Abucay,2114,14.7222,120.5383
3 Santa Cruz,2133,14.4957,120.6156
Olongapo City,2200,14.8292,120.2828
Iba,2201,15.3236,119.9803
Botolan,2202,15.2886,120.0244
Cabangan,2203,15.1594,120.0564
San Felipe,2204,15.7203,121.0617
San Narciso,2205,15.0158,120.0789
San Antonio,2206,12.6958,124.1308
San Marcelino,2207,14.9739,120.1583
Castillejos,2208,14.9303,120.2022
Subic,2209,14.8797,120.2333
Palauig &amp; Scarborough Shoal,2210,14.5823,120.93
Masinloc,2211,15.5372,119.9511
Candelaria,2212,13.9311,121.4233
Santa Cruz,2213,14.2786,121.4156
Subic Bay Freeport Zone,2222,14.8126,120.6922
Tarlac City,2300,15.2069,120.9619
San Jose,2301,11.1808,122.9125
Gerona,2302,15.6064,120.6
Santa Ignacia,2303,15.6178,120.4356
Mayantoc,2304,15.6194,120.3781
San Clemente,2305,15.7139,120.3592
Camiling,2306,15.6878,120.4131
[Paniqui],2307,15.2069,120.9619
San Manuel,2309,17.0225,121.6353
Anao,2310,15.1408,120.6944
Ramos,2311,15.6647,120.6406
Pura,2312,15.6247,120.6503
Victoria,2313,14.2269,121.3275
La Paz,2314,15.4425,120.7286
Concepcion,2316,15.3253,120.6569
Bamban,2317,15.6667,120.3333
Capas,2333,15.3275,120.5908
Moncada,2334,15.7367,120.5744
Dagupan City,2400,16.0475,120.3408
Lingayen,2401,16.0167,120.2333
Labrador,2402,16.0339,120.1392
Sual,2403,16.0694,120.0944
Alaminos,2404,16.1561,119.9811
Anda,2405,16.2889,119.9514
Bolinao,2406,17.8667,120.5667
Bani,2407,15.6647,120.6406
Agno,2408,16.1194,119.7992
Mabini,2409,16.0706,119.935
Burgos,2410,15.7333,120.5833
Dasol,2411,15.9811,119.8794
Infanta,2412,15.8253,119.9069
Mangatarem,2413,15.7903,120.2925
Urbiztondo,2414,15.8233,120.3314
Aguilar,2415,15.8889,120.2386
Bugallon,2416,15.9736,120.2158
Binmaley,2417,16.0325,120.2711
Calasiao,2418,16.0094,120.3633
Santa Barbara,2419,16.0064,120.4103
San Carlos City,2420,15.9239,120.6841
Malasiqui,2421,15.9206,120.415
Basista,2422,15.855,120.4019
Bayambang,2423,15.8106,120.4547
Bautista,2424,15.8119,120.4758
Alcala,2425,17.9053,121.6544
Santo Tomas,2426,14.1092,121.1419
Villasis,2427,15.9017,120.5883
Urdaneta,2428,15.9761,120.5711
Mapandan,2429,16.0247,120.4539
Manaoag,2430,16.0431,120.4908
San Jacinto,2431,16.0725,120.4411
Mangaldan,2432,16.0692,120.4064
San Fabian,2433,15.6,120.9
Sison,2434,16.1138,120.6903
Pozorrubio,2435,16.1133,120.5428
Binalonan,2436,16.0489,120.5953
Laoac,2437,16.05,120.5333
San Manuel,2438,17.0225,121.6353
Asingan,2439,16.005,120.6681
Santa Maria,2440,16.5933,120.7329
Rosales,2441,15.8944,120.6328
Balungao,2442,16.3897,121.0775
Umingan,2443,15.9278,120.8425
San Quintin,2444,17.7,120.4333
Tayug,2445,16.0267,120.7478
Natividad,2446,16.0417,120.8003
San Nicolas,2447,18.1725,120.5958
San Fernando City,2500,15.7185,120.5476
Bauang,2501,16.5308,120.3331
Caba,2502,16.4333,120.3472
Aringay,2503,16.3964,120.3592
Agoo,2504,16.0833,120.1
Santo Tomas,2505,14.1092,121.1419
Rosario,2506,13.63,121.2197
Damortis,2507,16.2422,120.4089
Pugo,2508,16.3225,120.4708
Tubao,2509,15.7185,120.5476
Burgos,2510,15.7333,120.5833
Naguillan,2511,16.5929,120.5953
Bagulin,2512,16.6083,120.4394
San Gabriel,2513,16.6756,120.4031
San Juan,2514,17.7422,120.4583
Bacnotan,2515,16.7222,120.3525
Santol,2516,15.1622,120.5675
Balaoan,2517,16.8219,120.4003
Luna,2518,16.9725,121.7303
Bangar,2519,16.8981,120.4231
Sudepen,2520,16.2043,120.5741
Alcoy,2566,16.2043,120.5741
Baguio City,2600,16.4164,120.5931
La Trinidad,2601,16.455,120.5875
Philippine Military Academy,2602,16.5631,120.7342
"Tuba, including Marcos Highway and Kennon Road",2603,16.5631,120.7342
Itogon,2604,16.3639,120.6769
Bokod,2605,16.4956,120.8319
Kabayan,2606,16.6239,120.8403
Buguias,2607,16.7225,120.8278
Mankayan,2608,16.8642,120.7822
"Lepanto, Mankayan",2609,16.5631,120.7342
Bakun,2610,16.7922,120.6653
Kibungan,2611,16.6969,120.6594
Atok,2612,16.5822,120.6986
Kapangan,2613,16.5864,120.6033
Sablan,2614,16.4939,120.4953
Tublay,2615,16.5167,120.6167
Bontoc,2616,17.0872,120.9756
Sadanga,2617,17.1742,121.0267
Besao,2618,17.0975,120.8572
Sagada,2619,17.0864,120.9067
Tadian,2620,16.9939,120.8214
Bauko,2621,16.9892,120.8675
Sabangan,2622,17.7333,120.4333
Barlig,2623,17.0411,121.0994
Natonin,2624,17.1,121.2833
Paracelis,2625,17.2667,121.4667
Vigan City,2700,17.2723,120.6089
Santa Catalina,2701,17.2723,120.6089
Caoayan,2702,17.5619,120.3975
Santa,2703,17.4906,120.4372
Narvacan,2704,17.4217,120.4761
Santa Maria,2705,17.2723,120.6089
San Esteban,2706,17.3264,120.4472
Santiago,2707,16.6881,121.5487
Banayoyo,2708,17.2333,120.4833
Galimuyod,2709,17.1844,120.4719
Candon City,2710,16.3313,120.632
Salcedo,2711,16.3313,120.632
Santa Lucia,2712,15.5,120.7833
Santa Cruz,2713,14.2786,121.4156
Tagudin,2714,16.0833,119.95
Suyo,2715,16.9797,120.5267
Alilem,2716,16.8881,120.5292
Sugpon,2717,16.8453,120.5169
Cervantes,2718,16.9917,120.7344
Sigay,2719,17.0833,120.6
Gregorio del Pilar,2720,17.1303,120.6119
Quirino,2721,17.1556,120.67
San Emilio,2722,17.2261,120.6117
Lidlidda,2723,17.2719,120.5219
Burgos,2724,15.7333,120.5833
Nagbukel,2725,17.445,120.5283
San Vicente,2726,18.5083,122.1528
Bantay,2727,17.5847,120.3892
San Ildefonso,2728,15.0789,120.9419
Santo Domingo,2729,14.135,122.8692
Magsingal,2730,17.685,120.4244
San Juan,2731,17.7422,120.4583
Cabugao,2732,17.7645,120.447
Sinait,2733,17.8664,120.4583
Bangued,2800,17.5978,120.6164
Dolores,2801,15.0953,120.5289
Lagangilang,2802,17.6139,120.7403
Tayum,2803,17.6192,120.6544
Peñarrubia,2804,17.565,120.6522
Bucay,2805,17.5381,120.7194
Pidigan,2806,17.5678,120.5903
Langiden,2807,17.5833,120.5667
San Quintin,2808,17.7,120.4333
San Isidro,2809,15.05,120.75
Manabo,2810,12.32,122.5794
Villaviciosa,2811,17.4369,120.6278
Pilar,2812,14.66,120.5653
Luba,2813,17.1333,120.4333
Tubo,2814,17.0339,121.7944
Boliney,2815,17.4,120.8
Daguioman,2816,17.4514,120.9156
Bucloc,2817,17.4431,120.8583
Sallapadan,2818,16.3598,121.0718
Licuan (Baay),2819,16.3598,121.0718
Malibcong,2820,17.5667,120.9833
Lacub,2821,17.6639,120.945
Tineg,2822,17.765,120.9289
San Juan,2823,17.7422,120.4583
Lagayan,2824,17.7203,120.7078
Danglas,2825,17.7,120.65
La Paz,2826,15.4425,120.7286
Laoag City,2900,18.1989,120.5936
San Nicolas,2901,18.1725,120.5958
Paoay,2902,18.0553,120.5161
Currimao,2903,18.0206,120.4825
Badoc,2904,17.9278,120.4747
Pinili,2905,17.9542,120.5272
Batac City,2906,18.0554,120.5649
Marcos,2907,18.0533,120.6875
Banna,2908,17.9819,120.6544
Nueva Era,2909,17.9181,120.6636
Solsona,2910,18.0933,120.7697
Carasi,2911,18.1989,120.8683
Piddig,2912,18.1589,120.7267
Dingras,2913,18.1092,120.6928
Sarrat,2914,18.1622,120.6478
Vintar,2915,18.2303,120.6425
Bacarra,2916,18.2533,120.6136
Pasuquin,2917,18.3331,120.6169
Burgos,2918,15.7333,120.5833
Pagudpud,2919,18.5583,120.7847
Bangui,2920,18.5392,120.7647
Dumalneg,2921,18.5,120.8167
Adams,2922,18.4667,120.9
Malolos City,3000,14.9054,120.8256
Paombong,3001,14.8311,120.7892
Hagonoy,3002,14.8325,120.7333
Calumpit,3003,14.9164,120.7658
Plaridel,3004,14.8872,120.8572
Pulilan,3005,14.9017,120.8492
Baliuag,3006,14.9547,120.8969
Bustos,3007,14.9581,120.9178
San Rafael,3008,14.8669,120.5381
Dona Remedios Trinidad,3009,15.0,121.0833
San Ildefonso,3010,15.0789,120.9419
San Miguel,3011,14.8646,120.9424
Angat,3012,14.9281,121.0306
Norzagaray,3013,14.9106,121.0489
Pandi,3014,14.865,120.9572
Guiguinto,3015,14.8333,120.8833
Balagtas,3016,14.8167,120.8667
Bulacan,3017,14.7928,120.8789
Bocaue,3018,14.7983,120.9261
Marilao,3019,14.7578,120.9483
Meycauayan City,3020,14.7069,120.93
Obando,3021,14.7069,120.93
Santa Maria,3022,14.7069,120.93
San Jose del Monte City,3023,14.7069,120.93
"Sapang Palay, San Jose del Monte City",3024,14.7069,120.93
Cabanatuan City,3100,15.4869,120.9675
Santa Rosa,3101,14.3122,121.1114
San Leonardo,3102,15.3597,120.9614
Peñaranda,3103,15.3519,121.0033
General Tinio,3104,15.3492,121.0478
Gapan City,3105,14.9094,121.3039
San Isidro,3106,15.05,120.75
Cabiao,3107,15.2514,120.8572
San Antonio,3108,12.6958,124.1308
Jaen,3109,15.3272,120.9058
Zaragoza,3110,15.1333,120.05
Aliaga,3111,15.5,120.8444
Licab,3112,15.5478,120.7642
Quezon,3113,15.5511,120.8156
Talavera,3114,15.5844,120.9194
Guimba,3115,15.6575,120.7686
Nampicuan,3116,15.7356,120.6417
Cuyapo,3117,15.7819,120.6647
Talugtog,3118,14.9417,120.1925
Science City of Muñoz,3119,15.4926,120.629
Central Luzon State University,3120,15.7483,121.0795
San Jose City,3121,15.7483,121.0795
Lupao,3122,15.8769,120.8992
Carranglan,3123,15.9606,121.0639
Pantabangan,3124,15.8114,121.1436
General M. Natividad,3125,15.7483,121.0795
Llanera,3126,15.6653,121.0189
Rizal,3127,15.7086,121.1033
Bongabon,3128,15.6311,121.1442
Laur,3129,15.5842,121.1836
Fort Magsaysay,3130,15.0435,121.7642
Gabaldon,3131,15.4542,121.3372
Palayan City,3132,15.5414,121.0861
Santo Domingo,3133,14.135,122.8692
Baler,3200,15.7594,121.5608
San Luis,3201,15.3435,122.0315
Maria Aurora,3202,15.7956,121.4767
Dipaculao,3203,15.8467,121.5358
Casiguran,3204,12.8736,124.0097
Dilasag,3205,16.3975,122.2131
Dinalungan,3206,15.3435,122.0315
Dingalan,3207,15.3881,121.3928
Ilagan,3300,17.1481,121.8908
Gamu,3301,17.0508,121.8328
Naguillan,3302,16.9117,121.7826
Reina Mercedes,3303,16.9856,121.8256
Luna,3304,16.9725,121.7303
Cauayan City,3305,16.9117,121.7826
Alicia,3306,16.9117,121.7826
Angadanan,3307,16.7558,121.7506
San Guillermo,3308,16.7667,121.8
Echague,3309,16.7025,121.6483
San Isidro,3310,15.05,120.75
Santiago City,3311,15.9071,121.2395
Cordon,3312,16.6661,121.4511
Jones,3313,16.5578,121.7067
San Agustin,3314,13.2786,121.3031
Cabatuan,3315,16.1167,120.0167
Aurora,3316,16.9919,121.6372
San Manuel (Callang),3317,17.0225,121.6353
San Mateo,3318,14.6969,121.1219
Ramon,3319,16.7833,121.5333
Roxas,3320,16.1965,121.2853
Quirino,3321,17.1556,120.67
Burgos,3322,15.7333,120.5833
Mallig,3323,17.1411,121.6831
Quezon,3324,15.5511,120.8156
Tumauini,3325,17.2744,121.8078
Delfin Albano,3326,17.3103,121.7775
Santo Tomas,3327,14.1092,121.1419
Cabagan,3328,17.4261,121.7625
San Pablo,3329,14.0669,121.3258
Santa Maria,3330,17.0251,122.1958
Benito Soliven,3331,16.9833,121.95
San Mariano,3332,16.9833,122.0161
Maconacon,3333,17.4333,122.2333
Palanan,3334,17.0589,122.4297
Divilacan,3335,17.0251,122.1958
Dinapigui,3336,16.6667,122.35
Cabarroguis,3400,16.5833,121.5
Diffun,3401,16.6,121.5
Saguday,3402,16.5189,121.6081
Aglipay,3403,16.4664,121.6528
Maddela,3404,16.3472,121.6931
Nagtipunan,3405,16.2167,121.6
Tuguegarao City,3500,17.6131,121.7269
Enrile,3501,17.5583,121.6975
Peñablanca,3502,17.6278,121.7878
Solana,3503,17.6553,121.6894
Iguig,3504,17.7528,121.7383
Amulung,3505,17.8381,121.7256
Baggao,3506,18.2667,121.7333
Alcala,3507,17.9053,121.6544
Gattaran,3508,18.0631,121.6439
Lal-Lo,3509,18.1983,121.665
Camalaniugan,3510,18.2744,121.6736
Buguey,3511,18.2914,121.8286
Santa Teresita,3512,18.25,121.8833
Gonzaga,3513,18.2667,122.0
Santa Ana,3514,15.0944,120.7678
Aparri,3515,18.3561,121.6408
Ballesteros,3516,18.4064,121.515
Abulug,3517,18.4453,121.4533
Sanchez-Mira,3518,18.5658,121.2306
Claveria,3519,18.6075,121.085
Calayan,3520,19.2642,121.4797
Santa Praxedes,3521,18.5667,121.0
Pamplona,3522,17.7656,121.384
Allacapan,3523,18.25,121.5833
Lasam,3524,18.0669,121.5997
Santo Niño,3525,17.8883,121.5714
Rizal,3526,15.7086,121.1033
Piat,3527,17.7914,121.4764
Tuao,3528,16.5883,121.2578
Lagawe,3600,16.8167,121.1
Banaue,3601,16.9186,121.0592
Mayoyao,3602,16.9708,121.2225
Hungduan,3603,16.8342,121.0036
Kiangan,3604,16.7775,121.0833
Lamut,3605,16.6497,121.225
Aguinaldo,3606,16.8126,121.0888
Hingyon,3607,16.8333,121.1167
Alfonso Lista,3608,16.8126,121.0888
Tinoc,3609,16.7,120.9
Asipulo,3610,16.8126,121.0888
Bayombong,3700,16.4828,121.1525
Ambaguio,3701,17.1214,120.8453
Bambang,3702,14.1333,121.4167
Kasibu,3703,16.3167,121.2833
Aritao,3704,16.2983,121.0408
Santa Fe (Imugan),3705,16.1941,121.1102
Dupax del Norte,3706,16.2864,121.0942
Dupax del Sur,3707,16.2833,121.1
Kayapa,3708,16.3,120.8667
Solano,3709,16.5244,121.1922
Villa Verde (Ibung),3710,16.1296,121.1683
Bagabag,3711,16.5,121.1833
Diadi,3712,16.6636,121.3681
Quezon,3714,15.5511,120.8156
Tabuk City,3800,17.5351,121.2858
Balbalan,3801,17.4414,121.2019
Lubuagan,3802,17.3567,121.1767
Pasil,3803,17.5351,121.2858
Tinglayan,3804,17.2761,121.1625
Tanudan,3805,17.2956,121.2378
Pinukpuk,3806,17.5722,121.3633
Conner,3807,17.7964,121.3275
Liwan (Rizal),3808,17.5206,121.6325
Kabugao,3809,18.0217,121.1842
Flora,3810,18.2333,121.4167
Santa Marcela,3811,18.2833,121.4333
Pudtol,3812,18.2447,121.3706
Luna,3813,16.9725,121.7303
Calanasan (Bayag),3814,18.255,121.0344
Basco,3900,20.45,121.9697
Mahatao,3901,20.4172,121.9475
Ivana,3902,20.3706,121.9144
Uyugan,3903,20.3517,121.9386
Sabtang,3904,20.3325,121.8725
Itbayat,3905,20.7869,121.8419
San Pablo City,4000,14.0669,121.3258
Alaminos,4001,16.1561,119.9811
Nagcarlan,4002,14.1367,121.4161
Rizal,4003,15.7086,121.1033
Liliw,4004,14.1319,121.4356
Majayjay,4005,14.1456,121.4703
"Botocan, Magdalena",4006,14.5662,121.2257
Magdalena,4007,14.1989,121.4294
Pagsanjan,4008,14.2728,121.4542
Santa Cruz,4009,14.2786,121.4156
Pila,4010,14.2331,121.3639
Victoria,4011,14.2269,121.3275
Calauan,4012,14.1456,121.315
Cavinti,4013,14.2439,121.5097
Lumban,4014,14.2981,121.4597
Kalayaan,4015,14.35,121.5667
Paete,4016,14.3628,121.4836
Pakil,4017,14.3822,121.4794
Pangil,4018,14.4031,121.4661
Siniloan,4019,14.4225,121.4447
Mabitac,4020,14.4275,121.4267
Famy,4021,14.4369,121.4478
Santa Maria,4022,14.3769,121.2637
San Pedro,4023,14.3647,121.0556
Biñan City,4024,14.3769,121.2637
Cabuyao,4025,14.2783,121.1247
Santa Rosa City,4026,14.3769,121.2637
Calamba City,4027,14.3769,121.2637
"Canlubang, Calamba City",4028,14.3769,121.2637
Camp Vicente Lim,4029,14.3769,121.2637
Los Baños,4030,14.1789,121.2256
"University of the Philippines, Los Baños",4031,14.1818,121.3406
Luisiana,4032,14.1836,121.5117
Bay,4033,14.1828,121.2847
Cavite City,4100,14.4825,120.9169
Sangley Point Naval Base,4101,14.3675,120.9527
Bacoor,4102,14.4578,120.9425
Imus,4103,14.4297,120.9367
Kawit,4104,14.4456,120.905
Noveleta,4105,14.4319,120.8803
Rosario,4106,13.63,121.2197
General Trias,4107,14.3869,120.8817
Tanza,4108,14.6753,120.9389
Trece Martires City,4109,14.3675,120.9527
Naic,4110,14.3203,120.7675
Ternate,4111,14.2856,120.7189
Maragondon,4112,14.2733,120.7383
Magallanes,4113,12.8292,123.8364
Dasmariñas,4114,14.3294,120.9367
Dasmarinas Resettlement Area,4115,14.0939,121.2439
Carmona,4116,14.3119,121.0544
General Mariano Alvarez,4117,14.0939,121.2439
Silang,4118,14.2306,120.975
Amadeo,4119,14.1706,120.9236
Tagaytay City,4120,14.1031,120.9328
Mendez,4121,14.1286,120.9058
Indang,4122,14.1953,120.8769
Alfonso,4123,14.1408,120.8539
General Emilio Aguinaldo,4124,14.1842,120.7958
Corregidor Island,4125,14.1504,120.8731
Bailen,4133,14.1842,120.7958
Batangas City,4200,13.7594,121.06
Bauan,4201,13.8019,121.0131
Mabini,4202,16.0706,119.935
Tingloy,4203,13.6569,120.8717
San Pascual,4204,16.3403,120.4211
Alitagtag,4205,13.865,121.0053
Santa Teresita,4206,18.25,121.8833
San Nicolas,4207,18.1725,120.5958
Taal,4208,13.8794,120.9253
Lemery,4209,11.2267,122.925
San Luis,4210,8.4894,125.725
Agoncillo,4211,13.935,120.9367
Calaca,4212,13.9311,120.8144
Balayan,4213,13.9403,120.7336
Tuy,4214,14.0103,120.7272
Calatagan,4215,13.8306,120.635
Lian,4216,14.0364,120.6511
Lipa City,4217,13.9394,121.1739
Fernando Airbase,4218,13.3479,121.3884
Balete,4219,14.0186,121.0983
Talisay,4220,10.2447,123.8494
Laurel,4221,14.0544,120.9425
Cuenca,4222,13.8989,121.0461
Mataas na Kahoy,4223,15.6094,121.0189
Padre Garcia,4224,13.8783,121.2153
Rosario,4225,13.63,121.2197
San Juan,4226,17.7422,120.4583
San Jose,4227,11.1808,122.9125
Taysan,4228,13.8658,121.0739
Lobo,4229,13.6458,121.21
Ibaan,4230,13.82,121.135
Nasugbu,4231,14.0739,120.6336
Tanauan City,4232,14.0119,121.0173
Malvar,4233,14.0447,121.1586
Santo Tomas,4234,14.1092,121.1419
"Provincial Capitol, Lucena City",4300,13.5374,122.2309
Lucena City,4301,13.9314,121.6172
Pagbilao,4302,13.975,121.6919
Padre Burgos,4303,13.9203,121.8144
Agdangan,4304,13.4958,123.3253
Unisan,4305,13.8392,121.9783
Plaridel,4306,14.8872,120.8572
Gumaca,4307,13.9197,122.1003
Pitogo,4308,10.1208,124.5544
Macalelon,4309,13.7469,122.1386
General Antonio Luna,4310,13.4599,121.9595
Catanauan,4311,13.5919,122.3231
Mulanay,4312,13.5222,122.4042
San Narciso,4313,15.0158,120.0789
San Andres,4314,13.26,123.78
San Francisco (Aurora),4315,13.3481,122.5206
Lopez,4316,13.8844,122.2642
Hondagua,4317,13.9469,122.2431
Calauag,4318,10.6692,119.5697
Guinayangan,4319,13.9006,122.4519
Buenavista,4320,14.5032,121.7588
Tagkawayan,4321,13.9689,122.5294
Sariaya,4322,13.9644,121.53
Candelaria,4323,13.9311,121.4233
San Antonio,4324,12.6958,124.1308
Tiaong,4325,13.9536,121.3161
Dolores,4326,15.0953,120.5289
Tayabas,4327,14.0289,121.5911
Lucban,4328,18.3333,121.4333
Sampaloc,4329,14.5578,121.3461
Mauban,4330,14.1911,121.7311
Atimonan,4331,13.9958,121.905
Quezon,4332,15.5511,120.8156
Alabat,4333,14.1028,122.0153
Perez,4334,14.195,121.9231
Real,4335,15.81,120.3478
Infanta,4336,15.8253,119.9069
Panukulan,4337,14.9333,121.8144
General Nakar,4338,14.7631,121.635
Polilio,4339,14.8186,121.3438
Burdeos,4340,14.8436,121.9697
Patnanungan,4341,14.7833,122.1833
Jomalig,4342,14.7125,122.3697
Naga City,4400,13.6192,123.1814
Camaligan,4401,13.6264,123.1572
Canaman,4402,13.65,123.1667
Magarao,4403,13.66,123.1833
Bombon,4404,13.6822,123.2014
Calabanga,4405,13.7083,123.2206
Cabusao,4406,13.7217,123.1069
Libmanan,4407,13.6961,123.0592
Sipocot,4408,13.7703,122.9811
Lupi,4409,13.7911,122.9169
Ragay,4410,13.82,122.7908
Del Gallego,4411,13.9217,122.5961
Gainza,4412,13.6144,123.1425
Milaor,4413,13.5967,123.1808
Minalabac,4414,13.5694,123.1869
San Fernando,4415,15.0303,120.6856
Pamplona,4416,9.4711,123.115
Pasacao,4417,13.5144,123.0433
Pili,4418,11.1139,123.0161
Ocampo,4419,13.5614,123.3761
Tigaon,4420,13.6353,123.4947
Sagnay,4421,13.6042,123.52
Goa,4422,13.6969,123.4933
San Jose,4423,11.1808,122.9125
Presentacion,4424,13.7097,123.7442
Lagonoy,4425,13.7386,123.5206
Tinambac,4426,13.8175,123.3253
Siruma,4427,14.0,123.25
Garchitorena,4428,13.8797,123.6967
Caramoan,4429,13.7731,123.8647
Bula,4430,13.4717,123.2817
Iriga City,4431,13.425,123.4178
Baao,4432,13.4564,123.3642
Buhi,4433,13.4283,123.52
Nabua,4434,13.4014,123.3764
Bato,4435,13.3556,123.3636
Balatan,4436,13.3211,123.2333
Legazpi City,4500,13.1372,123.7344
Daraga (Locsin),4501,13.1625,123.6936
Camalig,4502,14.7758,120.9958
Guinobatan,4503,12.4694,123.4031
Ligao City,4504,13.4417,123.1396
Oas,4505,13.2589,123.4953
Polangui,4506,13.2944,123.4872
Libon,4507,13.3006,123.4383
Santo Domingo,4508,14.135,122.8692
Malilipot,4510,13.3211,123.7403
Tabaco City,4511,13.3604,123.4747
Malinao,4512,14.0,121.8333
Tiwi,4513,13.4589,123.6828
Manito,4514,13.1239,123.8672
Jovellar,4515,13.0708,123.5978
Pio Duran (Malacbalac),4516,13.3604,123.4747
Rapu-Rapu,4517,13.1875,124.1267
Alegria,4532,9.4669,125.5772
Daet,4600,14.1128,122.9558
Mercedes,4601,14.1106,123.0125
Talisay,4602,10.2447,123.8494
Vinzons,4603,14.1781,122.9072
Labo,4604,14.1608,122.8286
Paracale,4605,14.2772,122.7847
Jose Panganiban,4606,14.2967,122.6939
Capalonga,4607,14.3297,122.4933
Basud,4608,14.0664,122.9642
San Vicente,4609,18.5083,122.1528
Imelda / San Lorenzo Ruiz,4610,14.0919,122.7911
Santa Elena,4611,14.0919,122.7911
Tulay-na-Lupa,4612,14.0919,122.7911
Sorsogon,4700,12.9739,123.9933
Bacon,4701,13.0378,124.0411
Casiguran,4702,12.8736,124.0097
Juban,4703,12.8478,123.9878
Bulusan,4704,12.7581,124.1353
Magallanes,4705,12.8292,123.8364
Bulan,4706,12.6714,123.875
Irosin,4707,12.7014,124.0386
Matnog,4708,12.5844,124.0839
Santa Magdalena,4709,12.6478,124.1058
Gubat,4710,12.9206,124.1231
Prieto Diaz,4711,13.0417,124.1939
Barcelona,4712,13.7731,123.0469
Castilla,4713,12.9486,123.8822
Pilar,4714,14.66,120.5653
Donsol,4715,12.9083,123.5981
Virac,4800,13.5786,124.2306
Bato,4801,13.3556,123.3636
San Miguel,4802,9.9881,124.3389
Baras,4803,14.5217,121.2667
Gigmoto,4804,13.7794,124.3897
Viga,4805,13.8728,124.3072
Panganiban,4806,13.9086,124.2994
Bagamanoc,4807,13.9408,124.2858
Caramoran,4808,13.9853,124.1336
Pandan,4809,14.0461,124.17
San Andres,4810,13.26,123.78
Boac,4900,13.4492,121.8372
Mogpog,4901,13.4744,121.8614
Santa Cruz,4902,14.2786,121.4156
Torrijos,4903,13.3203,122.0872
Buenavista,4904,13.5689,121.8097
Gasan,4905,13.3222,121.8469
Iloilo City,5000,10.6969,122.5644
Pavia,5001,10.7761,122.5456
Santa Barbara,5002,10.7356,122.9248
Leganes,5003,10.7872,122.5892
Zarraga,5004,10.8197,122.6081
New Lucena,5005,10.8794,122.5983
Dumangas,5006,10.8253,122.7156
Barotoc Nuevo,5007,10.7356,122.9248
Pototan,5008,10.9431,122.6353
Anilao,5009,10.1572,125.1419
Banate,5010,12.95,123.6833
Barotoc Viejo,5011,11.9388,122.9757
Ajuy,5012,11.1683,123.0181
Concepcion,5013,15.3253,120.6569
Sara,5014,11.2572,123.0189
San Dionisio,5015,11.27,123.0936
Batad,5016,10.9856,123.9336
Estancia,5017,11.4503,123.1525
Balasan,5018,11.4694,123.0886
Carles,5019,11.5728,123.1358
Oton,5020,10.6931,122.4736
Tigbauan,5021,10.6736,122.3764
Guimbal,5022,10.6631,122.3208
Miagao,5023,10.645,122.2403
San Joaquin,5024,15.0944,120.7678
San Miguel,5025,9.9881,124.3389
Leon,5026,10.7819,122.3883
Tubungan,5027,10.7644,122.3181
Alimodian,5028,10.8214,122.4311
Igbaras,5029,10.7167,122.265
Maasin,5030,10.1336,124.8447
Cabatuan,5031,11.2985,122.6378
Mina,5032,10.9325,122.5783
Badiangan,5033,11.0167,122.5
Janiuay,5034,10.95,122.5064
Dingle,5035,11.0056,122.6683
San Enrique,5036,10.4167,122.85
Passi City,5037,11.2985,122.6378
Duenas,5038,11.0658,122.6169
San Rafael,5039,14.8669,120.5381
Calinog,5040,11.1167,122.5667
Bingawan,5041,11.2331,122.5703
Lambunao,5042,11.055,122.4756
Lemery,5043,11.2267,122.925
Buenavista,5044,8.9769,125.4089
Jordan,5045,10.6558,122.5922
Nueva Valencia,5046,10.5217,122.5267
San Lorenzo,5047,10.6837,123.0093
Sibunag,5048,10.6837,123.0093
San Jose,5100,11.1808,122.9125
Magsaysay,5101,17.3103,121.7775
Calintaan,5102,12.5667,120.9333
Rizal,5103,15.7086,121.1033
Sablayan,5104,12.8378,120.7714
Santa Cruz,5105,14.2786,121.4156
Mamburao,5106,13.2281,120.5936
Paluan,5107,13.4181,120.4672
Abra de Ilog,5108,13.45,120.7333
Lubang,5109,13.8578,120.1233
Tilik,5110,13.8194,120.2022
Looc,5111,14.1597,120.6564
Calapan,5200,13.4192,121.1925
Baco,5201,13.3597,121.0978
San Teodoro,5202,13.4364,121.0172
Puerto Galera,5203,13.5,120.9542
Naujan,5204,13.3222,121.3022
Victoria,5205,14.2269,121.3275
Pola,5206,13.1439,121.44
Socorro,5207,13.0583,121.4117
Pinamalayan,5208,13.0356,121.4886
Gloria,5209,12.9833,121.4667
Bansud,5210,12.865,121.4564
Bongabon,5211,15.6311,121.1442
Roxas,5212,11.5853,122.7511
Mansalay,5213,12.5203,121.4394
Bulalacao,5214,12.3256,121.3436
Puerto Princesa,5300,9.7392,118.7353
Iwahig Penal Colony,5301,9.7503,118.6617
Aborlan,5302,9.4331,118.5564
Narra (Panacan),5303,9.1132,118.1271
Quezon,5304,9.1132,118.1271
Brooke's Point,5305,9.1132,118.1271
Bataraza,5306,8.6617,117.6222
Balabac,5307,7.9819,117.06
Roxas,5308,9.1132,118.1271
San Vicente,5309,9.1132,118.1271
Dumaran,5310,10.5264,119.7686
Araceli,5311,10.5561,119.9928
Taytay,5312,14.5692,121.1325
El Nido,5313,11.1858,119.3956
Linapacan,5314,11.4944,119.8672
Culion,5315,11.8889,120.0203
Coron,5316,11.9986,120.2058
Busuanga,5317,12.2108,119.8933
Cuyo,5318,10.8525,121.0086
Magsaysay,5319,11.6981,120.1427
Agutaya,5320,11.1486,120.9422
Cagayancillo,5321,9.5769,121.2072
Kalayaan,5322,14.35,121.5667
Masbate City,5400,11.8092,123.8355
Mobo,5401,12.3381,123.6589
Uson,5402,12.2278,123.7833
Dimasalang,5403,12.1911,123.8592
Palanas,5404,12.145,123.9211
Cataingan,5405,12.0028,123.9797
Pio V. Corpuz,5406,11.9006,124.0328
Esperanza,5407,11.8092,123.8355
Placer,5408,11.8667,123.9181
Cawayan,5409,9.8017,123.5308
Milagros,5410,12.2203,123.4867
Mandaon,5411,12.2267,123.2836
Balud,5412,12.0386,123.1944
Baleno,5413,12.4706,123.4764
Aroroy,5414,12.5111,123.3978
Batuan,5415,12.4225,123.7797
San Fernando,5416,15.0303,120.6856
San Jacinto,5417,16.0725,120.4411
Monreal,5418,12.6431,123.6747
Claveria,5419,18.6075,121.085
San Pascual,5420,16.3403,120.4211
Buenavista,5421,8.9769,125.4089
Bugasong,5456,11.0433,122.0661
Romblon,5500,12.5761,122.2711
San Agustin,5501,13.2786,121.3031
Imelda,5502,14.0333,122.8833
Calatrava,5503,12.6206,122.0714
San Andres,5504,13.26,123.78
Odiongan,5505,12.4017,121.9919
Ferrol,5506,12.3383,121.9414
Looc,5507,14.1597,120.6564
Santa Fe,5508,12.1561,121.9956
Alcantara,5509,12.2667,122.05
San Jose,5510,11.1808,122.9125
Magdiwang,5511,12.4903,122.5125
Cajidiocan,5512,12.3706,122.6867
San Fernando,5513,15.0303,120.6856
Corcuera,5514,12.7858,122.0467
Banton (Jones),5515,12.9492,122.0975
Concepcion,5516,15.3253,120.6569
Kalibo,5600,6.3506,124.8189
Banga,5601,6.4239,124.7783
Libacao,5602,11.4819,122.3039
Madalag,5603,10.8992,122.9836
Numancia,5604,11.7019,122.3294
Lezo,5605,11.6664,122.3261
Malinao,5606,14.0,121.8333
Nabas,5607,11.8333,122.0825
Malay,5608,10.6888,122.8161
Buruanga,5609,11.8419,121.8889
New Washington,5610,11.6489,122.4331
Makato,5611,11.7167,122.2833
Tangalan,5612,11.7761,122.26
Ibajay,5613,11.82,122.1611
Balete,5614,14.0186,121.0983
Batan,5615,11.5853,122.4964
Altavas,5616,11.5369,122.4864
San Jose,5700,11.1808,122.9125
Belison,5701,10.8403,121.9561
Patnongon,5702,10.9178,121.9825
Valderrama,5703,11.405,122.0822
Laua-an,5705,11.1431,122.0417
Barbaza,5706,11.1986,122.0372
Tibiao,5707,11.2883,122.0353
Culasi,5708,11.4244,122.0564
Sebaste,5709,11.5872,122.0936
Libertad,5710,8.9442,125.5019
Caluya,5711,11.9358,121.5578
Pandan,5712,14.0461,124.17
Sibalom,5713,10.7883,122.0197
San Remigio,5714,10.8333,122.1
Hamtic,5715,10.7022,121.9717
Tobias Fornier (Dao),5716,10.5092,121.9472
Anini-y,5717,10.4386,121.9197
Roxas City,5800,11.5853,122.7511
Panay,5801,11.5578,122.7942
Pontevedra,5802,10.3717,122.8675
President Roxas,5803,7.1544,125.0558
Pilar,5804,14.66,120.5653
Ivisan,5805,11.5217,122.6908
Sapian,5806,11.4931,122.6033
Mambusao,5807,11.4289,122.5953
Jamindan,5808,11.4056,122.5081
Ma-ayon,5809,11.4833,122.8167
Dao,5810,11.3944,122.6858
Cuartero,5811,11.3444,122.6675
Dumarao,5812,11.2642,122.6889
Dumalag,5813,11.3039,122.6222
Tapaz,5814,11.2653,122.5333
Panitan,5815,11.4686,122.7686
Sigma,5816,11.4167,122.6669
Cebu City,6000,10.3111,123.8917
Consolacion,6001,10.3794,123.9564
Liloan,6002,10.4,123.9833
Compostela,6003,7.6731,126.0889
Danao City,6004,10.5208,124.0272
Carmen,6005,10.8111,123.8928
Catmon,6006,10.7167,124.0
Sogod,6007,12.38,122.6836
Borbon,6008,10.8372,124.0267
Tabogon,6009,14.0814,122.3775
Bogo City,6010,10.5672,123.7161
San Remigio,6011,10.8333,122.1
Medellin,6012,11.1289,123.9608
Daanbantayan,6013,11.2517,123.9997
Mandaue City,6014,10.3236,123.9222
Lapu-Lapu City,6015,10.3103,123.9494
Mactan Airport,6016,10.5665,123.6243
Cordova,6017,10.2519,123.9494
San Fernando,6018,10.5665,123.6243
Carcar City,6019,10.5665,123.6243
Sibonga,6020,10.0169,123.6169
Dalaguete,6022,9.7617,123.5356
Boljoon,6024,9.6269,123.4761
Oslob,6025,9.5247,123.4297
Santander,6026,9.4167,123.3422
Samboan,6027,9.5292,123.305
Ginatilan,6028,9.5642,123.3181
Malabuyoc,6029,9.6578,123.3294
Moalboal,6032,9.9433,123.3992
Ronda,6034,10.0014,123.4083
Dumanjug,6035,10.0583,123.4331
Barili,6036,10.1122,123.5103
Naga,6037,13.6192,123.1814
Toledo City,6038,10.3792,123.6419
Pinamungahan,6039,10.2664,123.5858
Balamban,6041,10.5061,123.7153
Tuburan,6043,6.6439,122.2736
Tabuelan,6044,10.82,123.8681
Talisay City,6045,10.2447,123.8494
Minglanilla,6046,10.2458,123.7822
Santa Fe,6047,12.1561,121.9956
Pilar,6048,14.66,120.5653
Poro,6049,10.7538,122.8642
San Francisco,6050,9.732,123.6391
Tudela,6051,8.2469,123.845
Bantayan,6052,11.1683,123.7192
Madridejos,6053,9.7808,123.3531
Aloguinsan,6088,10.2194,123.55
Argao,6099,13.55,121.8667
Bacolod City,6100,10.6667,122.95
Bago City,6101,10.5333,122.8333
Pulupandan,6102,10.5211,122.7969
Valladolid,6103,10.465,122.8256
San Enrique,6104,10.4167,122.85
Pontevedra,6105,10.3717,122.8675
Hinigaran City,6106,10.4297,122.8414
Binalbagan City,6107,10.4297,122.8414
Himamaylan City,6108,10.4297,122.8414
Ilog,6109,10.0333,122.7667
Candoni,6110,9.8217,122.5972
Kabankalan City,6111,10.3716,122.9902
Cauayan,6112,10.3716,122.9902
Sipalay City,6113,10.3716,122.9902
Hinoba-an,6114,9.5886,122.4744
Talisay City,6115,10.2447,123.8494
Silay City,6116,10.7989,122.9739
Silay Hawaiian Central,6117,10.3716,122.9902
Enrique Magalona,6118,10.8758,122.9686
Victorias City,6119,10.9,123.0778
Manapla,6120,10.9575,123.125
Cadiz City,6121,10.9583,123.3086
Sagay City,6122,10.8933,123.4131
Paraiso (Fabrica),6123,10.4933,122.9834
Escalante City,6124,10.4933,122.9834
Toboso,6125,10.7178,123.5183
Calatrava,6126,12.6206,122.0714
San Carlos City,6127,10.4869,123.4203
Isabela,6128,6.7064,121.9714
Murcia,6129,10.6058,123.0389
La Carlota City,6130,10.4233,122.9208
La Castillana,6131,10.3468,122.9994
Moises Padilla,6132,10.2703,123.0781
Sibulan,6201,9.3597,123.285
San Jose,6202,11.1808,122.9125
Amlan,6203,9.4636,123.2267
Tanjay City,6204,9.7804,123.2184
Salvaña City,6205,9.4711,123.115
Mabinay,6207,9.7272,122.9017
Manjuyod,6208,9.6803,123.1472
Bindoy,6209,9.7606,123.1425
Ayungon,6210,9.8603,123.1475
Tayasan,6211,9.9242,123.1706
Jimalalud,6212,9.9764,123.1922
La Libertad,6213,10.0269,123.2331
Guihulngan,6214,10.1203,123.2711
Valencia,6215,7.9064,125.0942
Bacong,6216,9.9369,123.945
ais City,6217,9.1911,123.2656
Siaton,6219,9.0636,123.0339
Sta. Catalina,6220,9.526,123.4913
Bayawan City,6221,9.526,123.4913
Basay,6222,9.4119,122.6411
Canlaon City,6223,10.3864,123.1964
Valle Hermoso,6224,9.7872,124.2264
Siquij,6225,9.526,123.4913
SM City,6226,9.2453,123.5939
San Juan,6227,9.526,123.4913
Lazi,6228,9.1264,123.6364
Maria,6229,9.1986,123.6539
Enrique Villanueva,6230,9.2772,123.6472
Dumaguete City,6267,9.3103,123.3081
Tagbilaran City,6300,9.6475,123.8556
Baclayon,6301,6.5842,125.3694
Alburquerque,6302,9.6081,123.9581
Lila,6304,9.5944,124.0942
Dimiao,6305,9.6167,124.1667
Valencia,6306,7.9064,125.0942
Garcia Hernandez,6307,9.6153,124.2972
Jagna,6308,9.6514,124.3672
Duero,6309,9.7103,124.4039
Guindulman,6310,9.7628,124.4844
Anda,6311,10.7122,123.4865
Candijay,6312,10.7122,123.4865
Mabini,6313,10.7122,123.4865
Alicia,6314,7.5139,122.93
Ubay,6315,10.0561,124.4736
Loboc,6316,9.6378,124.0325
Bilar,6317,9.7089,124.105
Batuan,6318,12.4225,123.7797
Carmen,6319,15.8833,120.6
Sierra Bullones,6320,10.5538,123.8014
Pilar,6321,10.5538,123.8014
Dagohoy,6322,9.8953,124.2739
San Miguel,6323,9.9881,124.3389
Trinidad,6324,10.5538,123.8014
Talibon,6325,10.1492,124.325
Bien Unido,6326,10.1403,124.3769
Loon,6327,9.8011,123.7922
Calape,6328,10.2858,122.9694
Tubigon,6329,13.6167,122.5333
Clarin,6330,9.9619,124.0236
Sagbayan,6331,9.9136,124.0928
Inabanga,6332,10.0311,124.0661
Buenavista,6333,8.9769,125.4089
Jetafe,6334,10.1472,124.1539
Antequera,6335,9.78,123.8989
Maribojoc,6336,9.7511,123.8406
Corella,6337,9.6883,123.9222
Sikatuna,6338,9.6917,123.9739
Dauis,6339,9.6253,123.8658
Panglao,6340,9.5781,123.7458
Cortes,6341,9.2797,126.1911
Balilihan,6342,9.7567,123.9733
Catigbian,6343,9.8503,124.0003
Danao,6344,10.5208,124.0272
San Isidro,6345,15.05,120.75
Pres. Carlos P. Garcia,6346,11.517,123.2887
Sevilla,6347,16.5833,120.3333
Catarman,6400,12.4961,124.6386
Bobon,6401,15.6697,120.3856
San Jose,6402,11.1808,122.9125
Lope de Vega,6403,12.2969,124.6225
Lavezares,6404,12.5322,124.3306
Allen,6405,12.5006,124.2867
Victoria,6406,14.2269,121.3275
San Antonio,6407,12.6958,124.1308
Capul,6408,12.4228,124.1806
San Isidro,6409,15.05,120.75
Biri,6410,12.6833,124.3636
Laoang,6411,12.5667,125.0
Mapanas,6412,12.4747,125.2547
Pambujan,6413,12.5642,124.9294
Silvino Lobos,6414,12.3,124.8333
San Roque,6415,14.9028,120.5286
Rosario,6416,13.63,121.2197
Mondragon,6417,12.5144,124.7553
Catubig,6418,12.4092,125.0542
San Vicente,6419,12.8939,123.9932
Las Navas,6420,12.3403,125.0319
Palapag,6421,12.5467,125.1156
Gamay,6422,12.3875,125.2994
Lapinig,6423,12.315,125.3017
Tacloban City,6500,11.2433,125.0047
Palo,6501,11.1575,124.9908
Tanuan,6502,10.517,124.6383
Tolosa,6503,7.0322,122.1614
Tabontabon,6504,11.0408,124.9611
Dulag,6505,10.9525,125.0317
Julita,6506,10.9747,124.9617
Mayorga,6507,10.9,125.0
La Paz,6508,10.517,124.6383
Macarthur,6509,10.8347,124.9953
Abuyog,6510,10.7353,125.0214
Javier,6511,10.7958,124.9356
Mahaplag,6512,10.5864,124.9731
Santa Fe,6513,12.1561,121.9956
Pastrana,6514,11.1367,124.8856
Dagami,6515,11.0608,124.9028
Burauen,6516,10.9756,124.8928
Alangalang,6517,11.2061,124.8467
San Miguel,6518,9.9881,124.3389
Barugo,6519,11.3242,124.7383
Babatngon,6520,11.4233,124.8461
Baybay,6521,10.6769,124.7992
Inopacan,6522,10.4975,124.7389
Hindang,6523,10.4342,124.7292
Hilongos,6524,10.3744,124.7497
Bato,6525,13.3556,123.3636
Matalom,6526,10.2831,124.7878
Jaro,6527,11.1883,124.7825
Tunga,6528,11.2456,124.7517
Carigara,6529,11.2992,124.6756
Capoocan,6530,11.2933,124.6419
Kananga,6531,11.1858,124.5592
Matag-ob,6532,11.1798,123.7768
Leyte,6533,11.3703,124.4889
Calubian,6534,11.445,124.4289
San Isidro,6535,15.05,120.75
Tabango,6536,11.3078,124.3711
Villaba,6537,11.2122,124.3931
Palompon,6538,11.0469,124.3867
Isabel,6539,6.7064,121.9714
Merida,6540,10.9106,124.5364
Ormoc City,6541,11.0064,124.6075
Albuera,6542,10.9167,124.6967
Naval,6543,11.5606,124.3975
Almeria,6544,11.6203,124.3817
Kawayan,6545,14.8039,120.6844
Maripipi,6546,11.7792,124.3492
Culaba,6547,11.6578,124.5425
Caibiran,6548,11.5717,124.5822
Biliran,6549,11.4667,124.4753
Cabucgayan,6550,11.4719,124.575
Maasin,6600,10.1336,124.8447
Macrohon,6601,10.0797,124.9431
Padre Burgos,6602,13.9203,121.8144
Malitbog,6603,10.16,124.9992
Bontoc,6604,10.912,124.4318
Tomas Oppus,6605,10.2506,124.9831
Sogod,6606,12.38,122.6836
Silago,6607,10.5292,125.1656
Hinunangan,6608,10.3989,125.1994
Hinundayan,6609,10.3556,125.2533
Anahawan,6610,10.35,124.8667
San Juan (Cabalian),6611,10.2669,125.1756
Liloan,6612,10.4,123.9833
San Francisco,6613,10.2576,124.919
Pintuyan,6614,9.9447,125.2494
Libagon,6615,10.3008,125.0558
St. Bernard,6616,10.2833,125.1833
San Ricardo,6617,10.2576,124.919
Char Lang,6666,10.6502,124.6267
Catbalogan,6700,11.7753,124.8861
Jiabong,6701,11.7625,124.9519
Motiong,6702,11.78,124.9997
Paranas (Wright),6703,11.9294,124.8318
Tarangnan,6704,11.9017,124.7481
Pagsanghan,6705,11.9664,124.725
Gandara,6706,12.0131,124.8089
San Jorge,6707,11.9808,124.8239
Matuguinao,6708,12.1469,124.8844
Santa Margarita,6709,12.0378,124.6578
Calbayog City,6710,12.0672,124.6042
Santo Niño,6711,11.7346,124.7988
Tagapul-an,6712,12.05,124.15
Hinabangan,6713,11.6992,125.0675
San Sebastian,6714,11.7346,124.7988
Calbiga,6715,11.6247,125.0164
Pinabacdao,6716,11.61,124.9856
Villareal,6717,11.5633,124.93
Santa Rita,6718,11.7346,124.7988
Talalora,6719,11.5275,124.8381
Basey,6720,11.2817,125.0683
Marabut,6721,11.8667,124.85
Daram,6722,11.6369,124.7961
San Jose De Buan,6723,12.0544,125.0269
Almagro,6724,11.9144,124.2867
Zumarraga,6725,11.6369,124.845
Borongan,6800,11.6081,125.4319
Balangkayan,6801,11.4714,125.5106
Maydolong,6802,11.4992,125.5011
Llorente,6803,11.4119,125.5458
Hernani,6804,11.3258,125.6194
General MacArthur,6805,11.2464,125.5394
Can-avid,6806,11.9953,125.4472
Salcedo,6807,11.1469,125.665
Mercedes,6808,14.1106,123.0125
Guiuan,6809,11.0333,125.7247
Quinapondan,6810,11.1583,125.5219
Giporlos,6811,11.12,125.4494
Balangiga,6812,11.1097,125.3875
Lawaan,6813,11.1336,124.835
San Julian,6814,11.7536,125.4558
Sulat,6815,11.8103,125.4544
Taft,6816,11.9011,125.4189
Dolores,6817,11.6008,125.3554
Oras,6818,12.1342,125.4375
Jipapad,6819,12.2867,125.2378
Maslog,6820,13.1025,123.7744
San Policarpo,6821,12.0675,124.5625
Arteche,6822,12.2672,125.3708
Zamboanga City,7000,6.9103,122.0739
Ipil,7001,7.7844,122.5861
Roseller T. Lim,7002,8.5513,122.972
Titay,7003,7.8125,122.5344
Naga,7004,8.5513,122.972
Kabasalan,7005,7.0667,124.65
Siay,7006,7.6961,122.8631
Imelda,7007,14.0333,122.8833
Payao,7008,10.1833,122.95
Buug,7009,7.7278,123.0611
Mabuhay,7010,7.3331,125.5475
Bayog,7011,7.6849,123.4733
Talusan,7012,7.4267,122.8103
Lakewood,7014,7.8531,123.1611
Dumalinao,7015,7.8175,123.37
Pagadian City,7016,7.8257,123.437
Labangan,7017,7.8636,123.5136
Tungawan,7018,7.5081,122.3711
Tukuran,7019,7.8514,123.5756
Aurora,7020,8.3289,123.5595
Midsalip,7021,8.0,123.2667
Sominot,7022,8.3289,123.5595
Molave,7023,8.0908,123.4883
Ramon Magsaysay,7024,8.0019,123.5094
Tambulig,7025,8.0681,123.5364
Mahayag,7026,8.1131,123.4525
Josefina,7027,8.2,123.5333
Dumingag,7028,8.1692,123.3506
San Miguel,7029,9.9881,124.3389
Dinas,7030,7.6147,123.3383
San Pablo,7031,7.9116,123.3849
Dimataling,7032,7.5319,123.3664
Pitogo,7033,10.1208,124.5544
Tabina,7034,7.465,123.4089
Margosatubig,7035,7.5767,123.1669
Vincenzo A. Sagun,7036,7.9116,123.3849
Lapuyan,7037,7.6364,123.1958
Malangas,7038,7.6303,123.0317
Diplahan,7039,7.7167,123.0167
Alicia,7040,7.5139,122.93
Olutanga,7041,7.3106,122.8464
Guipos,7042,7.7339,123.3231
Tigbao,7043,12.5547,123.3383
Dipolog City,7100,8.5894,123.3414
Dapitan City,7101,8.6464,123.4208
Roxas,7102,11.5853,122.7511
Sibutad,7103,8.5808,123.4806
Rizal,7104,8.8362,123.3398
Pinan,7105,8.4815,123.4462
Polanco,7106,8.5317,123.3617
Mutia,7107,8.4308,123.4706
Sergio Osmeña,7108,8.1667,123.5
Katipunan,7109,8.5128,123.2861
Manukan,7110,8.5333,123.1
Jose Dalman (Ponot),7111,8.4564,123.0267
Sindangan (Leon B. Postigo),7112,8.3979,122.8347
Siayan,7113,8.2667,123.1
Salug,7114,8.1147,122.7833
Liloy,7115,8.1144,122.6594
Tampilisan,7116,8.0167,122.6833
Labason,7117,8.0692,122.5217
Gutalac,7118,7.9825,122.4047
La Libertad,7119,10.0269,123.2331
Siocon,7120,7.7061,122.1353
Siraway,7121,7.5853,122.1397
Sibuco,7122,7.2911,122.0656
Baliguian,7123,7.8094,122.1444
Kalawit,7124,8.0667,122.5167
Ozamis City,7200,8.1458,123.8444
Clarin,7201,9.9619,124.0236
Tudela,7202,8.2469,123.845
Sinacaban,7203,8.2925,123.8436
Jimenez,7204,8.3347,123.8406
Panaon,7205,8.3456,123.8296
Aloran,7206,8.4181,123.8176
Oroquieta City,7207,8.4858,123.8044
Lopez Jaena,7208,8.5536,123.7683
Plaridel,7209,14.8872,120.8572
Calamba,7210,14.2117,121.1653
Baliangao,7211,8.6617,123.6005
Sapang Dalaga,7212,8.5431,123.5683
Concepcion,7213,9.5058,123.1397
Tangub City,7214,8.06,123.75
Bonifacio,7215,8.0525,123.6142
Isabela City,7300,6.7064,121.9714
Lantawan,7301,6.6381,121.8406
Lamitan City,7302,6.5886,122.0189
Maluso,7303,6.5422,121.8769
Tipo-Tipo,7304,6.5814,122.1794
Sumisip,7305,6.4197,121.9714
Tuburan,7306,6.6439,122.2736
Froilie,7308,6.5886,122.0189
Jolo,7400,6.0522,121.0022
Patikul,7401,6.0892,121.1053
Panamao,7402,5.9811,121.2147
Talipao,7403,5.9764,121.1161
Luuk,7404,6.0721,121.7845
Pata,7405,6.1684,121.5859
Tongkil,7406,6.0721,121.7845
Indanan,7407,5.9735,120.9698
Parang,7408,7.3711,124.2672
Maimbung,7409,5.9281,121.0289
Tapul,7410,9.9333,118.7833
Lugus,7411,5.7036,120.8203
Siasi,7412,5.5444,120.8161
Marungas,7413,6.1039,120.9628
Panguntaran,7414,6.8213,120.3456
Panglima Estino,7415,6.8213,120.3456
Kalingalan Kalauang,7416,6.8213,120.3456
Bongao,7500,5.0292,119.7731
Panglima Sugala (Balimbing),7501,5.0825,119.9658
Tandubas,7502,5.1611,120.3431
Sapa-Sapa,7503,5.0325,120.2253
South Ubian,7504,5.1861,120.4981
Simunul,7505,4.8983,119.8494
Sitangkai,7506,4.6628,119.3928
Turtle Island (Taganak),7507,5.255,119.8488
Mapun (Cagayan de Sulu),7508,6.9767,118.5136
Languyan,7509,5.2661,120.0778
Davao City,8000,7.0731,125.6128
Digos City,8002,6.7212,125.3586
Matanao,8003,6.6792,125.255
Magsaysay,8004,6.7212,125.3586
Bansalan,8005,6.7212,125.3586
Hagonoy,8006,6.7212,125.3586
Padada,8007,6.6411,125.345
Kiblawan,8008,6.6142,125.2367
Sulop,8009,6.5986,125.3436
Malalag,8010,6.5958,125.3992
Santa Maria,8011,6.5536,125.4708
Malita,8012,6.4147,125.6142
Don Marcelino,8013,6.2642,125.6658
Jose Abad Santos,8014,5.9133,125.6447
Sarangani,8015,5.4033,125.465
Ateneo de Davao University,8016,6.1908,125.5433
Tagum City,8100,7.6009,125.9258
Carmen,8101,7.6009,125.9258
Asuncion,8102,7.5342,125.7667
Laak (San Vicente),8103,7.6009,125.9258
New Corella,8104,7.5892,125.8272
Panabo City,8105,7.6009,125.9258
Nabunturan,8106,7.6078,125.9664
Montevista,8107,7.6933,125.9889
Mawab,8108,7.5081,125.9169
Compostela,8109,7.6731,126.0889
New Bataan,8110,7.6036,126.1333
Monkayo,8111,7.8153,126.0544
Santo Tomas,8112,7.4405,125.8879
Kapalong,8113,7.5903,125.7069
Maco,8114,7.3619,125.8553
Mabini (Doña Alicia),8115,7.4405,125.8879
Maragusan (San Mariano),8116,7.4405,125.8879
Pantukan,8117,7.1353,125.8897
Babak,8118,7.1364,125.6875
Island Garden City of Samal,8119,7.4405,125.8879
Kaputian,8120,6.9658,125.7261
Mati,8200,6.9528,126.2158
Tarragona,8201,7.0447,126.4481
San Isidro,8209,15.05,120.75
Tandag,8300,9.0783,126.1986
San Miguel,8301,9.9881,124.3389
Tago,8302,9.0211,126.2317
Bayabas,8303,8.9288,125.9219
Cagwait,8304,8.9288,125.9219
San Agustin,8305,8.9288,125.9219
Marihatag,8306,8.7936,126.2969
Lianga,8307,8.6336,126.0947
Tagbina,8308,8.4519,126.1714
Barobo,8309,8.5353,126.1214
Hinatuan,8310,8.3722,126.3342
Bislig,8311,11.0725,125.0336
Lingig,8312,8.0389,126.4125
Cortez,8313,11.5369,122.3983
Lanuza,8314,9.2342,126.0644
Carmen,8315,9.5554,125.451
Madrid,8316,9.2625,125.9647
Cantillan,8317,9.5554,125.451
Carrascal,8318,9.3703,125.9492
Surigao City,8400,9.7839,125.4889
San Francisco,8401,9.69,125.1224
Malimano,8402,9.69,125.1224
Tagana-an,8403,9.6972,125.5856
Sison,8404,9.6603,125.5286
Placer,8405,11.8667,123.9181
Tubod,8406,9.7781,123.1083
Mainit,8407,7.5314,126.0131
Bacuag,8408,9.6081,125.6389
Gigaquit,8409,9.5944,125.6975
Claver,8410,9.5725,125.7331
Cagdianao,8411,9.9211,125.6692
Dinagat,8412,9.9561,125.5933
Basilisa (Rizal),8413,9.5443,125.8119
Libjo (Albor),8414,9.5443,125.8119
Loreto,8415,8.1869,125.8531
Socorro,8416,9.5443,125.8119
Dapa,8417,9.7594,126.0531
Del Carmen,8418,9.8694,125.9697
Gen. Luna,8419,9.5443,125.8119
Pilar,8420,14.66,120.5653
San Isidro,8421,15.05,120.75
Santa Monica,8422,10.02,126.0383
San Benito,8423,9.9578,126.0069
Burgos,8424,11.5239,123.916
Alegria,8425,9.4669,125.5772
Tubajon,8426,10.3317,125.5619
San Jose,8427,11.1808,122.9125
San Francisco,8501,8.3419,125.8879
Bayugan,8502,8.7561,125.7675
Sibagat,8503,8.8225,125.6975
Rosario,8504,8.3419,125.8879
Trento,8505,8.0458,126.0636
Bunawan,8506,8.1672,125.9908
Loreto,8507,8.1869,125.8531
La Paz,8508,8.3419,125.8879
Veruela,8509,8.0725,125.9547
Talacogon,8510,8.4561,125.7842
San Luis,8511,8.4894,125.725
Santa Josefa,8512,7.9911,126.03
Esperanza,8513,8.3122,125.8464
Butuan City,8600,8.9492,125.5436
Buenavista,8601,8.9769,125.4089
Nasipit,8602,8.9692,125.2947
Carmen,8603,15.8833,120.6
Magallanes,8604,12.8292,123.8364
Cabadbaran City,8605,10.4466,124.662
Tubay,8606,9.1669,125.5239
Jabonga,8607,9.3431,125.5156
Santiago,8608,10.4466,124.662
Kitcharao,8609,9.455,125.5731
Las Nieves,8610,8.7317,125.5992
Remedios T. Romualdez,8611,8.7317,125.5992
Malaybalay City,8700,8.5497,124.8308
Sumilao,8701,8.2906,124.9472
Impasugong,8702,8.3097,125.0019
Manolo Fortich,8703,8.3697,124.8644
Malitbog,8704,10.16,124.9992
Phillips,8705,8.3267,124.8114
Libona,8706,8.3403,124.7328
Baungon,8707,8.3675,124.685
Talakag,8708,8.2331,124.6047
Valencia City,8709,8.5497,124.8308
Musuan,8710,7.6857,124.9439
San Fernando,8711,7.6857,124.9439
Don Carlos,8712,7.68,125.005
Kadingilan,8713,7.6011,124.9086
Maramag,8714,7.7633,125.0053
Quezon,8715,7.6857,124.9439
Kitaotao,8716,7.6397,125.0089
Pangantucan,8717,7.6857,124.9439
Kalilangan,8718,7.8211,124.7314
Dangcagan,8719,7.6092,125.0042
Kibawe,8720,7.5686,124.9878
Damulog,8721,7.4836,124.9431
Lantapan,8722,7.9978,125.0278
Cabanglasan,8723,8.1206,125.3294
Cagayan de Oro City,9000,8.4822,124.6472
Tagoloan,9001,8.5389,124.7569
Villanueva,9002,8.5889,124.7756
Jasaan,9003,8.6542,124.7556
Claveria,9004,8.6176,124.5325
Balingasag,9005,8.7442,124.7769
Lagonglong,9006,8.8072,124.7903
Salay,9007,8.8592,124.7892
Binuangan,9008,8.2663,122.9685
Sugbungcogon,9009,8.6176,124.5325
Kinogitan,9010,8.9856,124.7928
Balinguan,9011,9.0503,124.7325
Talisayan,9012,10.95,124.7
Medina,9013,8.9122,125.0244
Gingoog City,9014,8.8278,125.0997
Magsaysay,9015,9.0503,124.7325
Opol,9016,8.52,124.5703
El Salvador,9017,9.0503,124.7325
Alubijid,9018,8.5733,124.4736
Laguindingan,9019,8.5833,124.4667
Gitagum,9020,8.5967,124.4064
Libertad,9021,8.9442,125.5019
Initao,9022,8.4983,124.3056
Naawan,9023,8.4311,124.2883
Manticao,9024,8.4011,124.2858
Lugait,9025,8.3369,124.2603
Mambajao,9100,9.2503,124.7161
Mahinog,9101,9.1578,124.7875
Guinsiliban,9102,9.0964,124.7828
Sagay,9103,9.1058,124.7247
Catarman,9104,12.4961,124.6386
Iligan City,9200,8.25,124.4
Linamon,9201,8.1811,124.1689
Kauswagan,9202,8.1892,124.0894
Matungao,9203,8.62,123.6583
Poona Piagapo,9204,8.0833,124.1167
Bacolod,9205,10.6667,122.95
Maigo,9206,8.1581,123.9611
Kolambogan,9207,7.6533,122.4719
Pantao Ragat,9208,8.62,123.6583
Tubod,9209,9.7781,123.1083
Baroy,9210,8.0303,123.7794
Lala,9211,7.9667,123.7333
Salvador,9212,11.0028,122.8353
Sapad,9213,7.4267,124.3681
Kapatagan,9214,7.8989,123.7706
Karomatan,9215,7.7944,123.7167
Nunungan,9216,7.8236,123.965
Baloi,9217,8.1164,124.2253
Pantar,9218,8.0661,124.2583
Munai,9219,7.9758,124.0636
Tangkal,9220,8.0133,124.0344
Magsaysay,9221,8.2761,124.3957
Tagoloan,9222,8.5389,124.7569
Malabang,9300,7.5903,124.0703
Picong(Sultan Gumander),9301,7.6588,124.2571
Balabagan,9302,7.5264,124.1142
Marogong,9303,7.6667,124.15
Tubaran,9304,7.7242,124.1911
Butig,9305,7.7244,124.3008
Lumbayanague,9306,7.7825,124.28
Lumbatan,9307,7.4631,124.7589
Macadar Andong,9308,7.6588,124.2571
Bayang,9309,7.7928,124.1917
Binidayan,9310,7.8081,124.1692
Ganassi,9311,7.8303,124.1
Pagayawan,9312,8.1617,124.0258
Pualas,9313,8.0172,123.8481
Madamba,9314,11.9933,124.0325
Madalum,9315,7.8531,124.1186
Bacolod Kalawi,9316,8.3572,124.0852
Tugaya,9317,7.8842,124.1722
Balindong,9318,7.9167,124.2003
Calanogas,9319,7.75,124.1
Bumbaran,9320,7.8,124.65
Tagoloan-II,9321,7.8,124.65
Kidapawan City,9400,7.0308,124.9279
Makilala,9401,6.9517,125.0969
M'Lang,9402,6.9467,124.8783
Tulunan,9403,6.8344,124.8769
Magpet,9404,7.1119,125.1133
President Roxas,9405,7.1544,125.0558
Matalam,9406,7.0864,124.9006
Kabacan,9407,7.1067,124.8292
Carmen,9408,7.0308,124.9279
Pikit,9409,7.0544,124.6719
Midsayap,9410,7.1908,124.5303
Libungan,9411,11.1558,124.5631
Pigkawayan,9412,7.2772,124.4256
Alamada,9413,7.3333,124.5667
Antipas,9414,8.0896,124.5619
Aleosan,9415,8.0896,124.5619
Banisilan,9416,7.4908,124.7242
Arakan,9417,8.0896,124.5619
General Santos City,9500,6.1128,125.1717
Alabel,9501,6.0894,125.2756
Maasim,9502,6.3211,125.0571
Malungon,9503,6.5225,125.3536
Polomolok,9504,6.2219,125.0603
Tupi,9505,6.3344,124.9528
Koronadal City,9506,6.3211,125.0571
Tampakan,9507,6.4442,124.9264
Norala,9508,6.5225,124.6592
Sto. Niño,9509,6.3211,125.0571
Tantangan,9510,6.615,124.7489
Banga,9511,6.4239,124.7783
Surallah,9512,6.3667,124.7333
T'Boli,9513,6.2,124.8333
Kiamba,9514,5.9894,124.6242
Maitum,9515,6.0392,124.4986
Malapatan,9516,5.9675,125.2881
Glan,9517,5.8231,125.2042
Cotabato City,9600,7.2236,124.2464
Datu Odin Sinsuat (Dinaig),9601,7.0646,124.3266
Upi/Datu Blah T. Sinsuat,9602,7.0646,124.3266
South Upi,9603,6.8333,124.15
Parang,9604,7.3711,124.2672
Sultan Kudarat/Sultan Mastura,9605,7.0646,124.3266
Kabuntalan/Northern Kabuntalan,9606,7.0646,124.3266
Datu Piang,9607,7.0283,124.5025
Sarip Aguak (Maganoy),9608,7.0646,124.3266
Ampatuan,9609,6.8667,124.4667
Pagalungan,9610,7.0567,124.7008
Sultan sa Barongis,9611,6.8,124.6367
Talayan,9612,7.2647,124.2342
Matanog,9613,7.5161,124.2564
Barira,9614,7.4872,124.2992
Buldon,9615,7.5097,124.3714
Buluan,9616,7.7167,122.5253
Datu Paglas,9617,6.7667,124.85
Gen. S.K. Pendatun,9618,7.2647,124.2342
Marawi City,9700,7.9986,124.2928
Saguiaran,9701,8.0331,124.27
Mulondo,9702,7.845,124.312
Lumba Bayabao,9703,7.8833,124.3833
Tamparan,9704,7.8792,124.3331
Poona Bayabao,9705,7.845,124.312
Masui,9706,7.845,124.312
Bubong,9708,7.1939,124.1919
Kapai,9709,8.0819,124.4011
Piagapo,9710,8.0,124.2
Marantao,9711,7.95,124.2333
Taraka,9712,7.6204,123.4139
Ramain-Ditsaan,9713,7.9708,124.3453
Buadiposo Buntong,9714,7.9667,124.3833
Maguing,9715,7.8652,124.2071
Wao,9716,7.6833,124.6667
Tacurong,9800,6.6925,124.6764
Columbio,9801,6.6964,124.9372
Mariano Marcos,9802,6.7333,124.6667
Lutayan,9803,6.62,124.8831
Pres. Quirino,9804,6.5913,124.5729
Isulan,9805,6.6294,124.605
Esperanza (Ampatuan),9806,6.5913,124.5729
Lebak (Salaman),9807,6.5913,124.5729
Kalamansig,9808,6.5567,124.0522
Palimbang,9809,6.2106,124.1894
Bagumbayan,9810,6.5913,124.5729
Sen. Ninoy Aquino,9811,6.5913,124.5729
