Yukaridağlica,02700,38.0433,38.9908
Bağarasi,02800,37.5623,38.3934
İzci,02600,38.026,38.317
Pinarbaşi,02610,38.0297,38.1821
Kizilkaya,02300,37.496,38.0284
Çakirhüyük,02320,37.5607,37.8558
Suvarli,02330,37.5387,37.6321
Şambayat,02340,37.6844,38.0468
Kesmetepe,02346,37.5459,37.8422
Köseceli,02348,37.5589,37.7285
Elçiler,02350,37.7795,38.0549
Karaköse,02900,38.0675,38.494
İnlice,02920,37.9876,38.4333
Ziyaretpayamli,02000,37.766,38.3264
Sümerevler,02030,37.7581,38.2879
Yenisanayi,02040,37.7581,38.2879
Eskisaray,02100,37.7921,38.3345
İmamağa,02200,37.7387,38.2617
Yeşilova,02230,37.7111,37.4874
Çamlica,02240,37.8935,38.3066
Yaylakonak,02270,37.8241,38.0821
Kömür,02290,37.8677,38.4296
Hasandiğin,02400,37.7919,38.6919
Bölükyayla,02440,37.8795,38.4784
Adali,02450,37.7865,38.9176
Ozan,02500,37.8216,37.6802
Yaylacik,02520,37.8333,37.8167
Balkar,02530,37.7305,37.5639
Yeniköy,02540,37.6446,37.4772
İscehisar,03750,38.8619,30.7503
Doğlat,03752,39.0022,30.8066
Seydiler,03754,38.8828,30.8331
Evciler,03960,38.0414,29.8867
Dinar,03400,38.065,30.1656
Dumanköy,03402,38.1292,30.2148
Akçin,03490,38.2564,30.5469
Akçadere,03530,38.6278,29.984
Şuhut,03800,38.5311,30.5458
Bozan,03810,38.4647,30.7369
Karaadilli,03830,38.3056,30.6283
Göynük,03060,38.7839,30.8569
Kocaöz,03107,38.7297,30.8461
Yiğitpinar,03370,39.0861,30.3394
Yaylabaği,03375,38.9736,30.5397
Döğer,03380,39.1283,30.3942
Gazligöl,03383,38.9501,30.4986
Kayihan,03384,39.0083,30.5045
Bolvadin,03300,38.7111,31.0486
Dişli,03330,38.7903,31.0247
Özburun,03350,38.8283,31.0042
Maltepe,03700,38.6083,30.9103
Pazarağaç,03706,38.5743,30.928
Karamikkaracaören,03720,38.5536,30.9183
İmralli,03780,38.8894,30.9094
Aşağikurudere,03600,38.9384,31.0761
Yarikkaya,03630,38.9911,31.5187
Kizildağ,03030,38.5872,30.7911
Harbiş,03040,38.7902,30.5934
Işiklar,03080,38.6444,30.7061
Çarşi,03100,38.7008,30.6879
Değirmenayvali,03103,38.6719,30.5297
Tinaztepe,03110,38.7286,30.3783
Savran,03120,38.5994,30.3556
Taşoluk,03121,38.5994,30.3556
Sülümenli,03140,38.7183,30.7269
Salar,03150,38.6833,30.5833
Dumlupinar,03200,38.8736,30.6092
Çikrik,03204,38.8736,30.6092
Çayirbağ,03210,38.85,30.5317
Erkmen,03211,38.7584,30.4829
Fethibey,03212,38.85,30.5
Gebeceler,03213,38.7697,30.5501
Sülün,03214,38.6969,30.5675
Nuribey,03215,38.6758,30.6197
Büyükkalecik,03216,38.6883,30.4997
Beyyazi,03217,38.8336,30.5894
Susuz,03218,38.8047,30.6097
Çiğri,03450,37.8142,30.0514
Ürküt,03500,38.5251,30.1886
Akharim,03510,38.64,30.2414
Gülyazi,03560,38.2388,30.1653
Sinanpaşa,03850,38.7444,30.2428
Balmahmut,03852,38.7961,30.3278
Küçükhüyük,03854,38.7614,30.3
Akören,03857,38.7703,30.3731
Kiliçarslan,03858,38.7793,30.2277
Kirka,03859,38.7254,30.233
Ahmetpaşa,03860,38.7311,30.3122
Düzağaç,03870,38.795,30.1636
Sultandaği,03900,38.5311,31.2281
Dereçine,03910,38.4822,31.2539
Doğancik,03911,38.5594,31.1957
Yeşilçiftlik,03940,38.548,31.2236
Yüreğil,03950,37.8777,29.8744
Yeşildurak,04900,39.4865,43.6044
İkizgeçe,04600,39.8019,42.8967
Sarisu,04500,39.0186,42.9279
Çelebaşi,04700,39.519,42.6412
Abdiçikmazi,04850,39.5135,43.061
Saritaş,04000,39.875,42.9926
Kazimkarabekir,04100,39.54,43.1619
Fevziçakmak,04200,39.54,43.1619
Dağdelen,04400,39.421,44.1646
Tanriverdi,04800,39.5596,43.3919
Gürbulak,04950,39.4167,44.3542
Kumluca,05800,40.68,36.3383
Çaydibi,05845,40.7599,36.2778
Davutevi,05900,40.3684,35.6841
Çukurören,05500,40.803,35.787
Yaylacik,05300,40.6484,35.398
Kizilcaören,05720,40.7508,35.0937
Kutu,05000,40.523,35.6404
Gökmedrese,05100,40.7051,35.7182
Generalhikmetakinci,05110,40.7051,35.7182
Dereboyu,05200,40.6849,35.8688
Ziyaret,05240,40.6849,35.8688
Doluca,05700,40.8332,35.3271
Orhanköy,07400,36.6958,31.8531
Türkler,07407,36.602,31.8207
Avsallar,07410,36.6245,31.7694
Okurcalar,07415,36.6488,31.7039
Kestel,07425,36.5066,32.0774
Özvadi,07430,36.3818,32.242
Güzelbağ,07440,36.7336,31.8984
Mahmutlar,07450,36.4946,32.0908
Oba,07460,36.5501,32.0596
Çiplakli,07468,36.5646,32.0495
Tosmur,07469,36.532,32.0529
İncekum,07470,36.6443,31.7352
Payallar,07475,36.6016,31.8506
Konakli,07491,36.5925,31.8954
Emişbeleni,07495,36.6173,31.8735
Yalniz,07740,36.4667,30.1167
Yeşilyurt,07750,36.35,30.1333
Turunçova,07880,36.9806,30.8063
Hasyurt,07930,36.3242,30.2228
Sahilkent,07940,36.3433,30.2093
Ovacik,07980,36.6486,30.4311
Çamyuva,07990,36.5536,30.5596
Göynük,07994,36.66,30.55
Tekirova,07995,36.5017,30.5272
Side,07330,36.7667,31.3889
Çaltepe,07550,37.3061,31.1875
Aşağiişiklar,07600,36.8006,31.5388
Burmahanci,07500,37.0427,31.0099
Belkis,07503,36.9446,31.1668
Belek,07506,36.8628,31.0556
Abdurrahmanlar,07511,36.99,30.9386
Çandir,07521,36.9644,31.0422
Kadriye,07525,36.8866,31.0061
Yukarikocayatak,07535,36.801,30.5742
Haspinar,07541,37.151,30.9532
Boğazkent,07552,36.8532,31.1639
Salur,07350,36.3726,30.2288
Beykonak,07365,36.3257,30.303
Çavuşköy,07370,36.3319,30.4314
Mavikent,07390,36.3167,30.35
Çakmak,07900,36.3239,32.4041
Kahyalar,07915,36.3102,32.2802
Kozağaci,07860,36.7801,32.0261
Çanakpinar,07630,36.9981,31.8213
Cevizli,07650,37.1969,31.7633
Kargalik,07800,37.0514,30.1811
Bozova,07810,37.2161,30.2858
Küçükköy,07830,37.1233,30.2933
Yelten,07840,37.22,30.2186
Palamut,07580,36.4065,29.3544
Gömbe,07780,36.5531,29.6686
Saribelen,07960,36.2693,29.482
Yeşilköy,07965,36.2825,29.3729
Kinik,07970,36.3495,29.3213
Ova,07974,36.316,29.3266
Gelemiş,07976,36.2755,29.32
Aksu,07112,36.9539,30.8478
Kurşunlu,07119,37.076,30.8096
Eskisanayi,07010,36.89,30.6555
Meltem,07030,36.8866,30.6691
Çarşi,07040,36.5403,31.9937
Bahçelievler,07050,36.8867,30.6866
Gençlik,07100,36.8767,30.7096
Fener,07160,36.856,30.7523
Meydankavaği,07200,36.901,30.7926
Özlü,07230,36.8717,30.9042
Kiziltoprak,07300,36.8917,30.7218
Yenigün,07310,36.9,30.7202
Başköy,07025,37.0576,30.664
Yeniemek,07060,36.89,30.6555
Erenköy,07080,36.9279,30.6678
Ahatli,07090,36.9189,30.654
Altinova,07170,37.0704,30.7225
Varsak,07210,36.9897,30.7159
Duraliler,07220,36.9023,30.6113
Düdenbaşi,07260,36.9147,30.7302
Sütçüler,07320,36.9332,30.7207
Arapsuyu,07070,36.8764,30.6529
Bademağaci,07121,37.2119,30.4744
Liman,07130,36.8524,30.6183
Dağ(Dağbeli),07150,37.0704,30.7225
Akkoç,07190,37.16,30.4636
Gürses,07570,36.2652,29.9386
Başlar,07680,37.1361,31.4704
Ormana,07691,37.075,31.5806
Karamik,07700,36.6073,29.9
Yuva,07716,36.7228,29.7607
Akçay,07770,36.6022,29.7463
Beldibi,07985,36.7192,30.5638
Hopa,08600,41.3905,41.4197
Kemalpaşa,08610,41.4832,41.5264
Osmaniye,08690,41.4707,41.5338
Şavşat,08700,41.2403,42.3611
Kayadibi,08790,41.3217,42.3536
Ardanuç,08300,41.1274,42.0629
Kutlu,08390,41.1935,42.2138
Yusufeli,08800,40.8203,41.5443
Kiliçkaya,08890,40.714,41.4804
Borçka,08400,41.3602,41.6741
Tarakli,08490,41.3349,41.6829
Arhavi,08200,41.3512,41.3046
Dereüstü,08290,41.3059,41.3265
Artvin,08000,41.1816,41.8217
Şehitlik,08100,41.1759,41.8391
Göktaş,08500,41.2778,41.5624
Petek,08590,41.2593,41.5449
Arslanyaylasi,09170,37.6521,27.5555
Söke,09200,37.7482,27.4061
Savuca,09206,37.7244,27.3903
Yenidoğan,09207,37.674,27.4264
Yuvaca,09220,37.6236,27.2151
Güllübahçe,09230,37.6697,27.3294
Sarikemer,09250,37.55,27.3667
Serçin,09260,37.5333,27.3833
Çobanisa,09540,37.55,27.8833
Sogukoluk,09500,37.5167,27.9167
Akçaova,09520,37.5028,28.0267
Paşaköy,09350,37.7167,28.15
Karaahmetler,09760,37.6833,28.45
Yazikent,09780,37.6925,28.3869
Karacasu,09370,37.7282,28.6057
Ataeymir,09380,37.71,28.7105
Geyre,09385,37.71,28.7105
Yenice,09390,37.8284,28.5712
Kavakliköy,09470,37.9134,28.1549
Salavatli,09490,37.9,28.1
İncealan,09650,37.95,28.2167
İsabeyli,09800,37.9119,28.2597
Pirlibey,09870,37.8636,28.4328
Sümer,09900,37.7768,28.0537
Kuyucak,09930,37.9133,28.4592
Başaran,09935,37.9493,28.5106
Saricaova,09940,38.0681,28.5936
Gencelli,09950,37.9576,28.6602
Kurtuluş,09965,37.9432,28.6168
Naipli,09330,37.8667,27.4667
Dampinar,09700,37.9814,27.5911
Hidirbeyli,09710,37.8833,27.6
Mursalli,09720,37.8333,27.5667
İsafakilar,09600,37.9667,27.7333
Acarlar,09610,37.8244,27.7467
Kizilcayer,09570,37.8667,28.0667
Merkezköy,09000,37.9432,28.6168
Sanayi,09010,37.9432,28.6168
Kurtuluş,09020,37.9432,28.6168
Çeştepe,09090,37.9432,28.6168
Çarşi,09100,37.671,27.6069
Dalama,09110,37.7903,28.0664
Tepecik,09120,37.8167,27.8667
Ovaeymir,09130,37.671,27.6069
Umurlu,09630,37.85,27.9628
Yenihisar,09270,37.6661,27.0631
Akköy,09290,37.4914,27.2694
Akbük,09295,37.5021,27.2743
Akyeniköy,09320,37.7718,28.2183
Yaylaköy,09400,37.7833,27.35
Davutlar,09430,37.7167,27.2833
Güzelçamli,09460,37.8597,27.7785
Gelenbe,09670,38.0039,28.6811
Zeytinköy,09970,37.7,27.7833
Yeniköy,09990,37.7833,28.0333
Yeniziraatli,10200,40.3054,28.0914
Ergili,10245,40.1289,28.0706
Gölyaka,10250,40.1845,27.8711
Çnarli,10360,40.597,27.6309
Saraylar,10365,40.6519,27.6592
Avşa,10940,40.5108,27.4989
Karakaya,10800,39.6622,28.4462
Mestanlar,10660,39.7258,28.251
Kayirlar,10440,39.4954,28.2556
Alan,10443,39.3414,28.4905
İskele,10460,39.4936,28.1719
Yeşildere,10463,39.4754,27.9707
Söğütçük,10580,39.5035,27.697
Güvem,10590,39.4046,27.5204
Dursunlu,10715,39.3666,26.8457
Gömeniç,10095,39.6405,27.5849
Topuzlan,10770,39.5823,27.4924
Kipiklar,10775,39.478,27.2454
Çukurlar,10780,39.444,27.48
Büyükyenice,10785,39.4413,27.3765
Karakabaağaç,10470,39.9739,27.8228
Kiziksa,10480,40.1199,27.9878
Salur,10490,40.0956,27.9352
Yaylaçayiri,10600,39.8581,28.0618
Ilicaboğazi,10610,40.0446,28.1453
Karapürçek,10615,39.9722,28.2208
Ilica,10160,39.8758,27.7764
Yenikavak,10840,39.9101,27.809
İlhanköy,10500,40.5058,27.696
Narli,10510,39.6892,27.6967
Paşalimani,10525,40.4892,27.6077
Ocaklar,10530,40.4439,27.757
Karşiyaka,10975,40.4419,28.0009
Sariköy,10680,40.2075,27.5961
Balciköy,10900,40.0534,27.5933
Yaylacik,10700,39.4258,27.0437
Pelitköy,10730,39.4442,26.9006
Beyoba,10300,39.6379,26.9363
Zeytinli,10305,39.6158,26.9469
Kadiköy,10325,39.4057,27.9491
Akçay,10390,39.5858,26.9239
Güre,10395,39.6144,26.8928
Doyuran,10870,39.5836,26.7017
Çakirdere,10560,39.4868,27.1636
Büyükdere,10565,39.5369,27.0905
Karesi,10010,39.7787,28.003
Atatürk,10020,39.6578,27.554
Sakarya,10030,39.3311,26.7
Gündoğan,10040,40.1705,27.6307
Kocaavşar,10043,39.67,27.615
Plevne,10050,39.6578,27.554
Anajetüstü,10085,39.6578,27.554
Altieylül,10100,39.6443,27.8116
Bakimokulu,10110,39.6443,27.8116
Pamukçu,10140,39.5244,27.8931
Şamli,10180,39.8118,27.8456
Merkezköy,10185,39.8118,27.8456
Ertuğrul,10190,39.5758,27.7067
Konakpinar,10195,39.4339,27.8362
Odaburnu,10280,39.2606,26.8308
Yaylabayir,10330,39.1487,28.3785
Murateli,10400,39.3319,26.7708
Alibeyadasi,10405,39.3053,26.8397
Küçükköy,10410,39.2898,26.6873
Sarimsakli,10425,39.2714,26.652
Tohumlar,11780,40.2116,30.4599
Kepen,11600,39.9853,30.1336
Dereyürük,11500,40.3153,29.8564
Günayrik,11300,39.8854,30.0152
Camiliyayla,11460,39.8099,29.7911
Burçalik,11800,40.0356,29.8126
Koyunlu,11640,40.0909,30.3597
Bilecik,11000,40.1419,29.9793
Vezirhan,11130,40.2447,30.02
Kapakli,11230,40.0753,29.8894
Köprücek,11700,40.3781,30.3684
Yavuztaş,12650,39.229,40.0102
Akimli,12830,39.4256,40.3247
Tarhan,12700,38.797,41.0978
Yatansöğüt,12500,38.6185,40.2321
Çanakçi,12800,39.0167,40.7167
Direkli,12000,38.9322,40.3361
Aricilar,12300,39.0578,40.3111
Alatepe,12400,39.0575,40.7578
Çevreli,12600,39.281,40.6557
Kargapazar,12900,39.3127,41.0984
Arpacik,13800,38.5083,42.0915
Gölbaşi,13810,38.6419,42.0993
Bozpinar,13600,38.1919,42.2577
Odabaşi,13200,38.3788,42.5579
Yoğurtyemez,13400,38.8862,42.4669
Yildizköy,13500,38.8797,42.8654
Yaşlica,13700,38.4285,41.7948
Yukaribalcilar,13000,38.2503,42.1663
Danişmentler,14900,40.7103,32.305
Yumrutaş,14840,40.8659,32.0791
Çorakmitirlar,14850,40.8667,31.95
Gölbaşi,14650,40.7913,32.0266
Aşağisayik,14910,40.7022,32.0452
Köybaşi,14780,40.318,30.6695
Bozyer,14750,40.4332,31.589
Çevreli,14800,40.5369,31.0672
Taşkesti,14810,40.5733,31.0739
Karacasu,14020,40.6904,31.6251
Çamyayla,14030,40.6903,31.6595
Karamanli,14100,40.6344,31.6725
İhsaniye,14200,40.6344,31.6725
Aşağisoku,14300,40.6344,31.6725
Karaköy,14610,40.4275,31.7964
İncirdere,15300,37.4719,30.4881
Kuyubaşi,15325,37.3638,30.6221
Ovacik,15070,37.5545,30.4043
Çamlidere,15800,37.6374,30.6746
Kemer,15090,37.3522,30.0631
Yaylaköy,15600,37.2489,29.9419
Kargali,15400,37.0909,29.577
Beyköy,15500,37.6555,29.8471
Askeriye,15000,37.751,30.3573
Yenice,15030,37.3333,29.9833
Sanayi,15040,37.5692,30.2115
Bahçelievler,15100,37.4356,30.072
Çeşmedami,15200,37.4356,30.072
Çörten,15420,37.0029,29.5203
Kağilcik,15700,37.3908,29.8842
İshakköy,15900,37.1871,29.6118
Söğüt,15930,37.5675,30.2406
Serbest Bolge,16600,40.407,29.1823
Kurşunlu,16620,40.3599,29.0228
Umurbey,16630,40.4147,29.1831
Küçükkumla,16650,40.4774,29.1231
Dişkaya,16580,40.2854,29.243
Küçükyenice,16400,40.0485,29.6466
Cerrah,16415,40.0712,29.4466
Yeniceköy,16440,40.089,29.4836
Ağlaşan,16450,40.2827,29.2889
Barakfakih,16460,40.2332,29.2768
Mudanya,16940,40.3753,28.8822
Güzelyali,16950,40.3567,28.9169
Yaylacik,16960,40.3036,28.8148
Evciler,16970,40.3142,28.5675
Gölyazi,16110,40.1697,28.6845
Ertuğrul,16120,40.221,28.9141
İhsaniye,16130,40.2167,28.9833
Fethiye,16140,40.2361,28.9707
Çali,16159,40.1686,28.9208
Görükle,16285,40.2311,28.8402
Kayapa,16315,40.1718,28.8394
Maksem,16010,39.9333,36.8833
Çarşi,16020,39.9333,36.8833
Reyhan,16030,39.9333,36.8833
Hisar,16040,39.9333,36.8833
Altiparmak,16050,39.9333,36.8833
Muradiye,16060,39.9333,36.8833
Kükürtlü,16080,39.9333,36.8833
Hüdavendigar,16090,39.9333,36.8833
Emek,16150,40.2626,28.9604
Hamitler,16160,40.25,28.9833
Hürriyet,16170,40.282,28.6457
Alemdar,16190,40.1892,28.8377
Küplüpinar,16200,40.2323,29.0158
Ulu,16220,40.2323,29.0158
Kayhan,16230,40.2323,29.0158
Bahar,16240,40.2719,29.0983
Demirtaş,16245,40.2719,29.0983
Küçükbalikli,16250,40.2189,29.0772
Geçit,16265,40.2708,28.9458
Zafer,16270,40.2323,29.0158
Ovaakça,16335,40.2976,29.059
Tuzakli,16370,40.1078,28.9999
Orhangazi,16800,40.4892,29.3089
Yenisölöz,16805,40.3833,29.4
Çakirli,16810,40.5181,29.4522
Sölöz,16815,40.3948,29.4156
Narlica,16820,40.3858,29.4811
Yenisölöz,16825,40.3833,29.4
Yeniköy,16850,40.3164,29.4581
Dirazali,16860,40.3962,29.7079
Boyalica,16870,40.4819,29.5608
Elbeyli,16890,40.4861,29.7247
Barcin,16900,40.3016,29.6088
Mustafakemalpaşa,16500,40.0382,28.4087
Kurşunlu,16510,39.8698,28.6043
Çeltikçi,16535,40.0609,28.2303
Yalintaş,16536,40.0184,28.3985
Tatkavakli,16550,40.0333,28.3667
Yeşilova,16560,40.1327,28.4358
Tepecik,16561,40.1186,28.4283
Karacabey,16700,40.2132,28.3612
Sultaniye,16710,40.1871,28.1911
Kiranişiklar,16740,39.8573,29.2297
Kusumlar,16980,39.907,28.9392
Geynik,16990,39.7,28.8
Arabayataği,16290,40.2,29.1167
Esenevler,16300,40.1621,29.0659
Ortabağlar,16310,40.1718,28.8394
Beyazit,16320,40.1621,29.0659
Davutkadi,16340,40.1621,29.0659
Yildirim,16350,40.2028,29.0312
Setbaşi,16360,40.1621,29.0659
Akpinar,16770,39.6335,29.1187
Güleç,17200,40.2808,27.2264
Değirmencik,17950,40.4343,27.1195
Bozcaada,17680,39.835,26.0697
Seyvan,17550,39.9318,27.296
Aşağiçavuş,17560,39.8086,27.11
Üsküfçü,17600,39.7402,26.3069
Geyikli,17610,39.8047,26.2075
Bayramiç,17700,39.8086,26.6098
Yeniceköy,17720,39.8673,26.6742
Kulfal,17400,40.0293,26.9888
Terzialan,17410,40.0231,27.0436
Kavakköy,17340,40.6031,26.8819
Şadilli,17360,40.6973,26.8383
Cumali,17500,40.3369,26.5654
Seddülbahir,17900,40.0444,26.1875
Cevatpaşa,17000,40.0025,26.7785
Barbaros,17020,40.0025,26.7785
Karapinar,17100,39.9833,26.6667
Kepez,17110,40.0978,26.3947
Uğurlu,17760,40.1316,25.7395
Adatepe,17800,40.3944,26.7907
Çardak,17810,40.3761,26.7162
Akçaalan,17820,40.2235,26.6993
Erecek,17860,39.5628,26.3206
Nusratli,17980,39.5625,26.5514
Gafurlu,19300,40.2484,34.5906
Berkköy,19060,40.8304,34.8361
Akkaya,19800,40.8712,34.6278
Oruçpinar,19950,40.2811,35.1889
Köprübaşi,19700,40.5112,35.2844
Gözübüyük,19020,40.8499,34.8903
Yazir,19310,40.0489,34.5835
Tahirabat,19600,40.1877,34.6608
Eskiçeltek,19410,40.5528,34.4415
Sarikavak,19400,40.9016,34.2521
Harmancik,19000,40.6954,34.9493
Karakeçili,19030,40.5435,34.6457
Ulukavak,19040,40.5433,34.8618
Cevizli,19070,40.3296,35.2342
Gülabibey,19100,40.539,34.7116
Yeniyol,19200,40.539,34.7116
Evlik,19500,40.9138,34.887
Dereköy,19900,41.1304,34.4265
Çardak,20350,37.8269,29.6683
Beylerli,20360,37.6977,29.6426
Kaklik,20240,37.8167,29.4333
Ovacik,20330,37.7647,29.2008
Tirkaz,20300,37.8833,28.7833
Siğma,20310,37.9863,28.9794
Ahmetli,20315,37.9863,28.9794
Tosunlar,20320,37.9667,28.95
Duacili,20325,37.9,28.952
Bekirli,20600,38.1936,29.7797
Emirhisar,20610,38.2528,29.7368
Tekkeköy,20620,37.7319,29.152
Gürpinar,20630,38.4153,29.7022
Irgilli,20640,38.1711,29.9219
Yukariçapak,20650,38.4294,29.8686
Kiralan,20670,38.1167,29.65
Özdemirci,20675,38.1167,29.65
Kizilcasöğüt,20680,38.2844,29.7357
Çitak,20690,38.1356,29.6469
Sazak,20590,37.2773,28.8467
Akpinar,20980,37.0049,29.1422
Ertuğrul,20460,38.0747,29.0311
Çamköy,20930,38.3,29.3833
Kutlubey,20940,38.2789,29.3542
Alfaklar,20700,38.1167,29.4
Akkent,20710,38.1511,29.3817
Ortaköy,20720,38.1744,29.3042
Süller,20730,38.1597,29.4764
Denizler,20740,37.9408,29.4742
Hançalar,20750,38.1236,29.395
Belevi,20755,37.9153,29.4041
İsabey,20760,38.0,29.45
Selcen,20765,38.1,29.4
Şenyayla,20770,38.0387,29.5788
Boğaziçi,20780,37.9351,29.5497
Çambaşi,20370,37.7632,29.5188
İnceler,20380,37.7114,29.5789
Demirli,20480,37.8322,28.87
Kurbağalik,20570,37.5064,28.7061
Karaköy,20575,37.4983,28.8383
Kayaca,20500,37.2667,28.9833
Garipköy,20510,37.4715,29.0095
Kizilca,20520,37.4833,29.15
Nikfer,20530,37.4054,29.1373
Baharlar,20535,37.4333,28.95
Pinarlar,20540,37.4502,28.9403
Çağirgan,20555,37.3312,29.0211
Ulukent,20560,37.4542,28.9908
Solmaz,20565,37.4928,28.9653
Kizilcabölük,20950,37.6119,29.0184
Karahisar,20960,37.6134,28.9576
Kocapinar,20430,37.5738,29.3366
Yatağan,20440,37.5608,29.3928
Derbent,20400,38.1333,28.8667
Yenicekent,20410,38.0431,28.9436
Saraylar,20010,37.8031,29.2811
Sümer,20020,37.8031,29.2811
Gümüşler,20030,37.8031,29.2811
Adalet,20040,37.8031,29.2811
Üçler,20050,37.8031,29.2811
Merkezköy,20060,37.8031,29.2811
İstiklal,20150,37.8468,29.0848
Kinikli,20160,37.7367,29.0915
Karşiyaka,20170,37.8468,29.0848
Akkale,20180,37.8468,29.0848
Akköy,20190,37.9569,29.0781
Ovayurt,20800,37.5167,29.35
Akalan,20810,37.3722,29.3539
Alaattin,20820,37.4747,29.318
Dariveren,20830,37.2751,29.4622
Dedebaği,20840,37.2951,29.4452
Kelekçi,20870,37.2407,29.3042
Yazir,20880,37.3646,29.5596
Yumrutaş,20890,37.3912,29.4877
Ataköy,21500,37.92,40.5328
Kocalar,21510,37.9332,40.917
Kilavuztepe,21520,37.7705,40.8455
Kulaçtepe,21560,38.2046,40.6969
Meydan,21830,37.6508,40.6207
Korudağ,21600,38.0878,39.2885
Ortaağaç,21950,38.3134,39.6877
Otluk,21640,38.1828,40.9025
Güldiken,21700,38.5458,40.7883
Bozyar,21450,38.2056,40.4648
Okurköy,21800,38.3996,40.3923
Aşağidöşemeler,21470,38.2107,40.1308
Türkmen,21870,38.2391,39.4115
Güllük,21900,38.4694,40.9014
Yiğityolu,21050,37.8724,39.8852
Selahattineyyubi,21080,37.9995,40.0008
Körhat,21090,37.9995,40.0008
Çakmak,21010,38.1557,39.954
Yenişehir,21100,37.9432,39.9778
Cumhuriyet,21120,37.9432,39.9778
Balikçilarbaşi,21200,38.1097,40.3275
Kitilbir,21280,38.1097,40.3275
Suriçi,21300,37.9868,40.3754
Mermer,21310,38.1164,40.287
Kayapinar,21070,37.9422,40.1931
Yeniözerli,21076,37.9833,39.8833
Alancik,21750,37.5333,40.2667
Uzunköprü,22200,41.266,26.6885
Kircasalih,22260,41.3902,26.795
Aşçioğlu,22300,41.2164,26.7131
Hamitli,22360,41.3359,26.6948
Havsa,22500,41.549,26.8221
Kabaağaç,22530,41.4798,26.8675
Meriç,22600,41.1918,26.421
Küplü,22610,41.1069,26.3519
Subaşi,22670,41.1414,26.3767
Kadidondurma,22680,41.1736,26.355
İpsala,22400,40.9211,26.3827
Yenikarpuzlu,22420,40.9329,26.4599
Haci,22490,40.9802,26.5509
Keşan,22800,40.8558,26.6303
Siğilli,22880,40.8152,26.5972
Yenicami,22900,41.8836,26.7335
Enez,22700,40.7247,26.0825
Sultaniçe,22750,40.6264,26.1533
Londraasfalti,22020,41.2486,26.6085
Üniversite,22030,41.2486,26.6085
Balikpazari,22100,41.6725,26.5902
Sarayakpinar,22130,41.7812,26.4789
Süleoğlu,22560,41.769,26.91
Büyükgerdelli,22580,41.7361,26.9482
Kapikule,22770,40.6756,26.2307
Lalapaşa,22950,41.8395,26.7356
Taşlimüsellim,22970,41.8235,26.7705
Çalikaya,23600,38.9376,39.9965
Karakaş,23800,38.578,38.6451
Doğanbaği,23900,38.3533,39.0779
Esenlik,23400,38.518,39.9433
Çakmakkaya,23410,38.503,39.8783
Kasir,23500,38.6403,39.9756
Beyhani,23530,38.7275,40.1248
Dürümlü,23700,38.8777,38.723
Sürsürü,23040,38.6178,39.2692
Aksaray,23050,38.6178,39.2692
Akçakiraz,23090,38.6178,39.2692
Nailbey,23100,38.6239,39.3217
Yazikonak,23180,38.6116,39.3
Yurtbaşi,23190,38.6363,39.3433
İzzetpaşa,23200,38.5707,39.3612
Dereboğazi,23250,38.549,39.3836
Abdullahpaşa,23270,38.5707,39.3612
Doğukent,23280,38.5707,39.3612
Mustafapaşa,23300,38.6592,39.1556
Sarikamiş,23350,38.5956,39.6803
Küplüce,23510,38.5358,40.1756
Bayramyazi,23850,38.8059,40.0034
Balkayasi,23960,38.9249,38.5933
Otlukbeli,24510,39.974,40.0237
Söğütlü,24515,39.9775,40.1147
Ilisu,24800,39.7226,40.3623
Mercan,24860,39.7486,40.2604
Çadirkaya,24870,39.8421,40.2254
Kargin,24880,39.6669,40.1953
Çardakli,24150,39.6583,39.8078
Altinbaşak,24160,39.6654,39.675
Yeşilyurt,24600,39.1942,38.5448
Yeşilyayla,24610,39.2653,38.7082
Kuşak,24620,39.1473,38.5243
Günyüzü,24300,39.8785,38.7497
Gediktepe,24400,39.6561,38.8721
Karatuş,24002,39.595,39.678
Yoğurtlu,24036,39.7137,39.5367
Akyazi,24045,39.7307,39.5684
Bahçelievler,24050,39.6908,39.5288
Akşemsettin,24100,39.6627,39.8044
Demirkent,24139,39.7707,39.4638
Çukurkuyu,24140,39.7742,39.4326
Kavakyolu,24143,39.75,39.45
Geçit,24170,39.7539,39.5291
Ulalar,24180,39.7404,39.4577
Çayirli,24500,39.8044,40.0372
Çayönü,24503,39.7821,40.0179
İliç,24700,39.455,38.564
İslamkendi,24710,39.7007,38.5497
Tütenocak,25360,40.5388,42.327
Esence,25370,40.6031,42.5087
Yanikkaval,25380,40.7222,42.2987
Gözebaşi,25390,40.396,42.2938
Karakoçlar,25650,40.9208,42.0845
Yeşildere,25800,40.1245,42.0838
Şehitler,25530,40.3333,41.75
Şekerli,25534,40.3115,41.9262
Dikyar,25440,40.5293,41.5061
Ortaklar,25320,40.0768,41.8943
Yağan,25340,39.9424,41.9064
Çakilli,25430,40.2971,41.4901
Bağbaşi,25460,40.5115,41.4601
Uzunkavak,25470,40.48,41.2599
Pehlivanli,25480,40.5109,41.4883
Elmadüzü,25400,40.7058,41.8813
Ovaköy,25300,39.975,41.5001
Yerköy,25560,39.7113,41.6548
Budakli,25610,39.32,42.0158
Işkinli,25750,39.5075,40.9361
Yavi,25760,39.6458,40.8081
Taşliçayir,25500,39.9,40.55
Kandilli,25680,39.7429,41.8552
Bayindir,25930,40.3153,40.5983
Ardiçli,25900,40.5676,41.2257
Madenköprübaşi,25940,40.4573,40.8521
Söğütyani,25010,40.118,41.3985
Kadana,25030,40.0886,41.3617
Cedit,25040,40.0886,41.3617
Kombina,25050,40.0886,41.3617
Yakutiye,25100,40.0671,41.592
Mumcu,25200,40.0671,41.592
Üniversite,25240,40.0671,41.592
Dumlu,25060,40.063,41.3653
Yildizkent,25070,40.0886,41.3617
Palandöken,25080,40.0886,41.3617
Dadaşkent,25090,40.0886,41.3617
Yolüstü,25600,39.3165,41.7464
Başovacik,25700,40.2725,41.0763
Karayazi,25830,39.7028,42.1456
Yukarisöylemez,25840,39.6114,41.8502
Doğray,26630,39.6826,31.3159
Kayakent,26650,39.3047,31.8039
Gümüşkonak,26663,39.3288,31.8259
Siğircik,26600,39.1493,31.4757
Dümrek,26625,39.5825,31.551
Kaymaz,26640,39.5167,31.1797
Nasrettinhoca,26657,39.5173,31.6571
Doğray,26750,39.6826,31.3159
Esence,26850,39.7138,31.0311
Bozan,26860,39.7881,31.1017
Alpagut,26880,40.0152,30.5019
İnönü,26670,39.8153,30.1455
Erenköy,26690,39.7481,30.0272
Hankaraağaç,26710,39.2597,30.7878
Yukarisöğüt,26950,39.4366,30.6731
Doğançayir,26960,39.5336,30.8333
Salihler,26970,39.2833,30.45
Mahmudiye,26800,39.4978,30.9872
Saithalimpaşa,26700,39.4167,31.1167
Yukarikalabak,26004,39.5253,30.4039
Kizilcaören,26005,39.8501,30.5105
Arifiye,26010,39.7339,30.5338
Akarbaşi,26020,39.7339,30.5338
Alanönü,26030,39.7339,30.5338
Büyükdere,26040,39.5845,30.7521
Yenikent,26050,39.5692,30.74
Huzur,26060,39.7339,30.5338
Yenisanayi,26070,39.7339,30.5338
Emek,26080,39.7339,30.5338
Deliklitaş,26090,39.7339,30.5338
Gökmeydan,26100,39.5492,30.3711
Organizesanayi,26110,39.5492,30.3711
Hacialibey,26120,39.5492,30.3711
Cumhuriye,26130,39.5492,30.3711
Osmangazi,26140,39.5492,30.3711
Sazova,26150,39.5492,30.3711
Orhangazi,26160,39.5492,30.3711
Bahçelievler,26170,39.5492,30.3711
Çamlica,26180,39.5492,30.3711
Uluönder,26190,39.5492,30.3711
Şirintepe,26200,39.6105,31.0102
Sütlüce,26210,39.6105,31.0102
Fatih,26220,39.6105,31.0102
Fevziçakmak,26230,39.6105,31.0102
Çankaya,26240,39.6105,31.0102
75. Yil (Sultandere),26250,39.6105,31.0102
Çukurhisar,26550,39.8283,30.3203
Muttalip,26555,39.8383,30.55
Gündüzler,26560,39.887,30.7935
Gökdere,26563,39.8268,30.6852
Aşağiçağlan,26576,39.7686,30.7908
İğdir,26870,40.0476,30.6428
Yeşilyurt,26900,39.5655,30.8909
Yunusemre,26920,39.7106,31.49
Dinek,26940,39.9777,31.3702
Güzelköy,28950,40.6865,38.4112
Sariyar,28520,40.8282,38.791
Doymuş,28510,40.7683,38.9293
Dereboyu,28800,40.9494,39.0291
Çavuşlu,28820,41.039,39.0773
Ören,28850,41.0432,39.1489
Aralicak,28600,40.8752,38.6532
Ovacik,28400,40.323,38.3639
Bulancak,28300,40.9372,38.2291
Yeniköy,28310,40.7757,38.1412
Çağlandere,28340,40.8392,38.09
Alucra,28700,40.3208,38.7636
Eğnir,28710,40.145,38.6492
Özlü,28500,41.016,38.9158
Dokuztepe,28900,40.8853,38.5231
Uzgur,28000,40.8836,38.348
Duroğlu,28030,40.8431,38.4706
Aksu,28100,40.5659,38.2036
Batlama,28200,40.7102,38.6139
Üçtepe,28610,40.7256,38.6268
Kuşköy,28810,40.8631,39.0678
Kizlarçayi,31960,36.9349,36.2696
Rabat,31600,36.8187,36.1801
Yeniyurt,31620,36.8856,36.1516
Yeşilköy,31630,36.1092,36.0042
Altinçağ,31670,36.8778,36.2285
Kuzuculu,31690,36.9167,36.2
Zeytinoba,31700,36.7167,36.4433
Ardiçli,31706,36.7301,36.5205
Aktepe,31710,36.6997,36.4872
Söğütlü,31715,36.6997,36.4872
Akbez,31720,36.8561,36.5177
Kircaoğlu,31520,36.4,36.4833
İskenderun,31200,36.5872,36.1735
Denizciler,31215,36.6495,36.2296
Karayilan,31217,36.7096,36.2226
Sariseki,31218,36.6698,36.2167
Meydan,31230,36.5799,36.1564
Tepeler,31240,36.525,36.0781
Bekbele,31241,36.6172,36.2346
Kaledibi,31280,36.6521,36.2889
Sanayi,31300,36.4726,36.1886
Kici,31350,36.4833,36.268
Merkezköy,31001,36.2834,36.2412
Kuzeytepe,31027,36.2656,36.1517
Kanatli,31030,36.5377,36.515
Narlica,31035,36.2282,36.1978
Esentepe,31040,36.2834,36.2412
Haraparasi,31060,36.2402,36.2004
Kişlasaray,31070,36.2834,36.2412
Serinyol,31115,36.3614,36.2136
Küçükdalyan,31120,36.2209,36.1725
Avsuyu,31135,36.1928,36.3113
Karlisu,31150,36.1733,36.1281
Güzelburç,31175,36.2403,36.1917
Ekinci,31180,36.25,36.1333
Maşuklu,31196,36.2313,36.1899
Değirmenbaşi,31785,36.1265,36.0528
Uzunbağ,31795,36.1483,36.0247
Avcilar,31800,36.1769,36.0555
Koyunoğlu,31810,36.0996,36.012
Tekebaşi,31815,36.052,35.9772
Mağaracik,31825,36.15,35.9
Yaylica,31835,36.1742,36.0163
Sutaşi,31855,36.0821,36.0063
Kuşalani,31865,36.0999,35.9864
Tomruksuyu,31880,36.1504,36.0474
Mizrakli,31885,36.1236,36.0053
Harbiye,31080,36.1453,36.1409
Çekmece,31141,36.2096,36.1215
Yeşilpinar,31145,36.1475,36.1233
Subaşi,31158,36.1733,36.1281
Merkezköy,31160,36.2028,36.1698
Gümüşgöze,31185,36.1549,36.1387
Tavla,31820,36.1454,36.0943
Merkezköy,31900,36.7576,36.2159
Akçali,31225,36.4162,35.9455
Gökmeydan,31245,36.4329,35.9217
Gözcüler,31270,36.3882,35.9182
Üçgüllük,31275,36.4333,35.9833
Uluçinar,31285,36.4131,35.8903
Merkezköy,31290,36.5702,36.1508
Şenköy,31190,36.0487,36.1438
Karaelmasli,31440,36.5991,36.3866
Kurtlusoğuksu,31445,36.4868,36.299
Alakuzu,31500,36.2868,36.6427
Merkezköy,31550,35.9025,36.0627
Karaköse,31553,36.0267,36.0219
Yeditepe,31557,35.9661,36.0142
Kişlak,31560,35.9644,36.1592
Toprakhisar,31750,36.159,36.3194
Altinkaya,31753,36.156,36.258
Hacipaşa,31755,36.0782,36.3841
Saribük,31757,36.021,36.3255
Emirler,33400,36.8333,34.5167
Kavakli,33410,36.0719,32.7474
Altaylilar,33420,36.9658,34.8183
Anit,33430,36.9658,34.8183
Caminur,33440,36.9658,34.8183
Bahçe,33450,36.3544,33.9976
82evler,33460,36.9658,34.8183
Beydeğirmeni,33470,36.9658,34.8183
Akşemsettin,33480,36.9658,34.8183
Eskiömerli,33500,37.0542,34.4994
Gülek,33530,37.2,34.8
Bağcağiz,33600,36.692,33.5343
Mezitli,33200,36.75,34.4833
Takanli,33330,36.8167,34.4167
Tece,33335,36.7026,34.449
Davultepe,33340,36.7277,34.4767
Anamur,33630,36.0751,32.8369
Göktaş,33640,36.118,32.8671
Çariklar,33645,36.118,32.8671
İskele,33650,36.5455,33.2082
Güneybahşiş,33660,36.1763,32.8633
Hirmanli,33900,36.2125,33.6281
Yeşilovacik,33920,36.4631,33.8272
Çeltikçi,33940,36.3621,33.9802
Pazarkaşi,33950,36.4631,33.8272
Gazi,33960,36.352,33.1024
Atayurt,33980,36.4631,33.8272
Atakent,33990,36.4631,33.8272
Hacialani,33730,36.8333,34.1833
Ayaş,33750,36.5,34.1833
Kocahasanli,33760,36.5833,34.2667
Limonlu,33770,36.5422,34.2214
Kumkuyu,33780,36.5154,34.1925
Kizkalesi,33790,36.5163,33.7642
Kargipinari,33875,36.1886,33.1347
Esenpinar,33948,36.4914,33.8626
Karahacili,33110,36.8167,34.4833
Hürriyet,33120,36.8756,34.6199
Gazi,33130,36.8756,34.6199
Bahçelievler,33140,36.8756,34.6199
Barbaros,33150,36.8756,34.6199
Egriçam,33160,36.8756,34.6199
Sağlik,33080,37.7644,30.5522
Alsancak,33090,37.7644,30.5522
Akbelen,33220,36.9826,34.5246
Çavuşlu,33230,37.1667,34.9167
Halkkent,33240,36.9826,34.5246
Evrenli,33250,36.95,34.5833
Soğucak,33285,36.9826,34.5246
Arslanköy,33315,37.0188,34.2874
Gözne,33325,36.9953,34.5731
Bariş,33010,37.7644,30.5522
Hal,33020,37.7644,30.5522
Mithatpaşa,33040,37.7644,30.5522
Nusratiye,33050,37.7644,30.5522
Camiişerif,33060,37.7644,30.5522
Çankaya,33070,37.7644,30.5522
Karacailyas,33100,36.8429,34.7051
Yanpar,33115,36.9333,34.7167
Sarikoyak,33580,36.999,34.4085
Sebil,33590,37.1291,34.5624
Halifeler,33700,36.2458,33.1806
Köseçobanli,33705,36.4443,33.1359
Kuskan,33710,36.5048,33.2253
Büyükeceli,33715,36.1833,33.6667
Sütlüce,33720,36.4446,33.529
Karaisali,33830,36.1319,32.9905
Tekeli,33835,36.6472,33.2241
Tekmen,33836,36.1126,33.0926
Bahçekoyaği,33840,36.2102,33.0875
Gölkonak,32850,37.7067,31.4275
Melikler,32950,37.4393,30.8701
Koçular,32510,37.7231,31.1392
Kozluca,32700,37.9164,30.2417
Senir,32750,37.9031,30.3659
Uluborlu,32650,38.0783,30.4502
Gençali,32600,38.1302,30.6419
Büyükkabaca,32610,38.1728,30.6419
Güneykent,32090,37.9714,30.3953
Bağilli,32500,38.1372,31.0447
Sariidris,32550,37.9434,31.0073
Penbeli,32670,37.9442,30.6892
Balci,32900,38.1169,31.1067
Taşevi,32400,38.275,30.8244
Hüyüklü,32430,38.2378,31.1247
Kişlaköy,32000,37.647,30.8042
Çelebiler,32040,37.7427,30.6906
Kutlubey,32100,37.8192,30.6315
Kuleönü,32110,37.8722,30.6197
Savköy,32120,37.7661,30.6433
Sanayi,32200,37.9193,30.9924
Kepeci,32300,37.9193,30.9924
Çavundur,32800,38.09,31.2735
Çariksaraylar,32810,38.1175,31.4156
Çiçekpinar,32820,38.0669,31.3217
Merkezköy,34500,41.0128,28.5382
Kumburgaz,34530,41.0211,28.4803
Mimarsinan,34535,41.0179,28.5618
Tepecik,34537,41.0293,28.5498
Celaliye(Kamiloba),34584,41.1171,28.08
Bahçelievler,34180,41.0023,28.8598
Siyavuşpaşa,34182,41.0114,29.0415
Soğanli,34183,40.9167,29.2
Cumhuriyet,34186,41.1296,29.2612
Şirinevler,34188,40.9971,28.845
Kocasinan,34192,41.0138,28.8451
Fevziçakmak,34194,41.0065,28.8397
Çobançeşme,34196,41.0065,28.8397
Yenibosna,34197,40.9992,28.8343
Altintepsi,34035,41.0585,28.9296
Numunebağ,34040,41.0585,28.9296
Yildirim,34045,41.0585,28.9296
Arapcami,34421,41.0941,28.9757
Kemankeş,34425,41.0941,28.9757
Pürtelaş,34427,41.0941,28.9757
İstiklal,34430,41.034,28.988
Cihangir,34433,41.0309,28.9894
Tarlabaşi,34435,41.034,28.988
Taksim,34437,41.0371,28.9866
Kasimpaşa,34440,41.0318,28.9684
Halicioğlu,34445,41.0483,28.9521
Çatalca,34540,41.1432,28.4615
Muratbey,34545,41.0963,28.4923
Binkiliç,34550,41.4127,28.1856
Karacaköy,34560,41.4034,28.3805
Çiftlikköy,34562,41.3416,28.4077
Esenler,34220,41.0435,28.8762
Karabayir,34225,41.0435,28.8762
Atişalani,34230,41.0444,28.8795
Sanayi,34235,41.0444,28.8795
Eyüp,34050,41.0588,28.9231
Rami,34055,41.0504,28.9184
Alibeyköy,34060,41.0783,28.9437
Yeşilpinar,34065,41.0783,28.9437
Çirçir,34070,41.1704,28.9031
Kemerburgaz,34075,41.159,28.9157
Merkezköy,34076,41.1704,28.9031
Göktürk,34077,41.1817,28.8906
Yildiztabya,34240,41.077,28.9001
Gaziosmanpaşa,34245,41.077,28.9001
Küçükköy,34250,41.0823,28.8895
Mevlana,34255,41.0823,28.8895
Akincilar,34160,41.0185,28.8836
Güngören,34164,41.0185,28.8836
Sanayi,34165,41.0185,28.8836
Tozkoparan,34173,41.0034,28.936
Kartal,34860,40.905,29.1886
Atalar,34862,40.905,29.1886
Orhantepe,34865,40.905,29.1886
Esentepe,34870,41.0685,29.0059
Topselvi,34873,40.9869,29.1012
Yakacik,34876,40.9053,29.1965
Soğanlik,34880,40.9167,29.2
Uğurmumcu,34882,40.9167,29.2
Küçükçekmece,34290,40.9946,28.7808
Sefaköy,34295,41.0095,28.8011
Halkali,34303,41.0367,28.7894
Atakent,34307,41.0367,28.7894
Çarşi,34890,40.9466,29.0535
Bahçelievler,34893,41.0023,28.8598
Dolayoba,34896,40.8909,29.2471
Çamçeşme,34899,40.9466,29.0535
Esenyali,34903,40.9077,29.2729
Şeyhli,34906,40.9165,29.2854
Yayalar,34909,40.8989,29.2603
Yenişehir,34912,40.946,29.2063
Merkezköy,34916,40.946,29.2063
Silivri,34570,41.0739,28.2464
Çanta,34580,41.1171,28.08
Alipaşa-Fener,34582,41.1171,28.08
Selimpaşa,34590,41.0545,28.3668
Mehmetakif,34920,40.946,29.2063
Necipfazil,34925,40.946,29.2063
Turgutreis,34930,41.0179,28.5618
Mimarsinan,34935,41.0179,28.5618
İstasyon,34940,40.8464,29.3089
Tersaneler,34944,40.8464,29.3089
İçmeler,34947,40.8464,29.3089
Mimarsinan,34950,41.0179,28.5618
Aydinli,34953,40.8705,29.3299
Orhanli,34956,40.8962,29.3563
Akfirat,34959,40.9259,29.417
Atakent,34760,40.99,29.1354
Namikkemal,34762,40.99,29.1354
Atatürk,34764,40.99,29.1354
Kazimkarabekir,34766,40.99,29.1354
İnkilap,34768,40.99,29.1354
Ihlamurkuyu,34771,41.0183,29.1653
Aşağidudullu,34773,41.0183,29.1653
Çakmak,34774,41.0183,29.1653
Yukaridudullu,34775,41.0183,29.1653
Esenşehir,34776,41.0183,29.1653
Acibadem,34660,41.0048,29.0448
Altunizade,34662,41.0178,29.0479
Muratreis,34664,41.0104,29.0367
Selimiye,34668,41.0087,29.0173
Mimarsinan,34672,41.0179,28.5618
Kuzguncuk,34674,41.0333,29.0333
Beylerbeyi,34676,41.0439,29.0463
Çengelköy,34680,41.0506,29.0551
Kirazlitepe,34682,41.0412,28.9922
Kandilli,34684,41.0708,29.0618
Bahçelievler,34688,41.0023,28.8598
Yavuztürk,34690,41.1296,29.2612
Ferah,34692,41.1296,29.2612
Bulgurlu,34696,41.1296,29.2612
Cumhuriyet,34699,41.1296,29.2612
Ünalan,34700,40.99,29.1354
Topkapi,34010,41.0186,28.9322
Seyitnizam,34015,41.0186,28.9322
Telsiz,34020,41.0585,28.9296
Çirpici,34025,41.0585,28.9296
Levent,34330,41.0812,29.0177
Akatlar,34335,41.0827,29.0268
Etiler,34337,41.0843,29.0359
Levazim,34340,41.065,29.0296
Bebek,34342,41.0782,29.0431
Arnavutköy,34345,41.0683,29.0433
Ortaköy,34347,41.0487,29.0266
Gayrettepe,34349,41.0649,29.0053
Abbasağa,34353,41.0641,28.9941
Türkali,34357,41.0641,28.9941
Paşabahçe,34800,41.1124,29.0965
Çubuklu,34805,41.1042,29.0833
Anadoluhisari,34810,41.0874,29.0709
Göksu,34815,41.079,29.7746
Beykoz,34820,41.1439,29.0906
Tokatköy,34825,41.1439,29.0906
Merkezköy,34829,41.1439,29.0906
Çavuşbaşi,34830,41.0894,29.1383
İskenderpaşa,34080,41.0349,28.9481
Zeyrek,34083,41.0349,28.9481
Balat,34087,41.0349,28.9481
Karagümrük,34091,41.0279,28.94
Topkapi,34093,41.0186,28.9322
Aksaray,34096,41.0087,28.9502
Kocamustafapaşa,34098,41.0065,28.9315
Şehremini,34104,41.0152,28.9316
Yedikule,34107,40.9888,28.9169
Eminönü,34110,41.0177,28.9744
Sirkeci,34112,41.0153,28.9827
Tahtakale,34116,41.0165,28.9785
Mahmutpaşa,34120,41.007,28.9718
Sultanahmet,34122,41.004,28.9788
Beyazit,34126,41.0101,28.9647
Kumkapi,34130,41.0041,28.964
Vefa,34134,41.0041,28.964
Küçükyali,34840,40.9508,29.109
İdealtepe,34841,40.9304,29.132
Feyzullah,34843,40.9304,29.132
Yali,34844,40.9304,29.132
Cevizli,34846,40.91,29.155
Gülsuyu,34848,40.9304,29.132
Zümrütevler,34852,40.9479,29.1512
Aydinevler,34854,40.9479,29.1512
Büyükbakkalköy,34858,40.9479,29.1512
Büyükada,34970,40.8678,29.1331
Heybeliada,34973,40.8833,29.0833
Burgazada,34975,40.8827,29.065
Kinaliada,34977,40.9071,29.055
Arnavutköy,34275,41.1836,28.7402
Haraççi,34281,41.1792,28.7034
Merkezköy,34283,41.1975,28.7154
Boğazköy,34285,41.1827,28.7584
Bolluca,34287,41.2036,28.7664
Hadimköy,34555,41.1586,28.6167
Durusu,34557,41.3034,28.6763
Örnek,34704,40.99,29.1354
Mustafakemal,34707,40.99,29.1354
Yenisahra,34746,40.9667,29.1167
Küçükbakkalköy,34750,40.9806,29.1144
İçerenköy,34752,40.9806,29.1144
Kayişdaği,34755,40.9806,29.1144
Atatürk,34758,40.9806,29.1144
Yeniçamlica,34779,41.0183,29.1653
Ferhatpaşa,34888,40.9167,29.2
Başakşehir,34480,41.0931,28.802
Bahçeşehir,34488,41.0656,28.6865
İkitelli,34490,41.0779,28.7795
Altinşehir,34494,41.0658,28.7358
Beylikdüzü,34520,40.982,28.6399
Yakuplu,34524,40.9889,28.6758
Gürpinar,34528,41.0031,28.6537
Çekmeköy,34782,41.0412,29.1784
Taşdelen,34788,41.0248,29.1954
Alemdağ,34794,41.0418,29.2601
Merkezköy,34799,41.0241,29.2464
İncirtepe,34510,41.027,28.6773
Saadetdere,34513,41.027,28.6773
Mehterçeşme,34515,41.027,28.6773
Esenyurt,34517,41.027,28.6773
Kiraç,34522,41.0384,28.6455
Sanayi,34538,41.0228,28.5306
Sarigazi,34785,41.0084,29.2124
Yenidoğan,34791,41.0064,29.2328
Eyüpsultan,34885,40.9167,29.2
Osmangazi,34887,40.9167,29.2
Zübeydehanim,34260,41.0297,29.2254
Sultançiftliği,34265,41.0297,29.2254
Sultangazi,34270,41.1065,28.8685
Merkezköy,34980,41.1754,29.6133
Ağva,34990,41.1381,29.8567
19mayis,34360,41.0852,29.1835
Meşrutiyet,34363,41.1588,29.5621
Teşvikiye,34365,41.0514,28.9962
Harbiye,34367,41.0454,28.9923
Halaskargazi,34371,41.0524,28.9751
Pangalti,34373,41.0524,28.9751
Bozkurt,34375,41.0524,28.9751
Feriköy,34377,41.0524,28.9751
Duatepe,34379,41.0524,28.9751
Cumhuriyet,34380,41.1296,29.2612
Şişli,34381,41.0605,28.9872
Halideedip,34382,41.0778,29.0531
Okmeydani,34384,41.0545,28.9639
Mecidiyeköy,34387,41.0667,29.0
Esentepe,34394,41.0685,29.0059
Zeytinlik,34140,40.9636,28.8267
Cevizlik,34142,40.9636,28.8267
Kartaltepe,34145,40.9636,28.8267
Osmaniye,34146,40.9636,28.8267
Zuhuratbaba,34147,40.9636,28.8267
Yeşilköy,34149,40.9636,28.8267
Florya,34153,40.9786,28.7922
Ataköy,34158,40.9835,28.8503
Bağcilar,34200,41.039,28.8567
Barbaros,34203,41.039,28.8567
Kemalpaşa,34204,41.039,28.8567
Hürriyet,34209,41.039,28.8567
Kirazli,34210,41.0438,28.8262
Güneşli,34212,41.034,28.8269
Demirkapi,34214,41.0438,28.8262
Mahmutbey,34218,41.0536,28.8256
Avcilar,34310,40.9827,28.7232
Ambarli,34315,40.9827,28.7232
Gümüşpala,34320,41.009,28.7101
Firuzköy,34325,41.009,28.7101
Ayazağa,34396,41.1144,28.9967
Maslak,34398,41.1083,29.0183
Gürsel,34400,41.0986,29.1979
Çağlayan,34403,41.0768,28.9818
Kağithane Merkez,34406,41.0986,29.1979
Hamidiye,34408,41.1204,29.4139
Gültepe,34410,41.0941,28.9757
Çeliktepe,34413,41.0941,28.9757
Şirintepe,34415,41.0941,28.9757
Seyrantepe,34418,41.0941,28.9757
Sariyer,34450,41.1667,29.05
Büyükdere,34453,41.15,29.0333
Tarabya,34457,41.1336,29.0464
İstinye,34460,41.1101,29.0509
Yeniköy,34464,41.1241,29.0612
Emirgan,34467,41.1171,29.0561
Rumelihisari,34470,41.088,29.056
Bahçeköy,34473,41.1788,28.9921
Caferağa,34710,40.9887,29.0236
Osmanağa,34714,40.9887,29.0236
Rasimpaşa,34716,40.9887,29.0236
Koşuyolu,34718,40.9887,29.0236
Fikirtepe,34720,40.9669,29.0658
Eğitim,34722,40.9669,29.0658
Feneryolu,34724,40.9669,29.0658
Fenerbahçe,34726,40.9669,29.0658
Caddebostan,34728,40.9669,29.0658
Göztepe,34730,40.9667,29.1
Merdivenköy,34732,40.9667,29.1083
Sahrayicedit,34734,40.9667,29.1083
Ondokuzmayis,34736,40.9667,29.1083
Erenköy,34738,40.9667,29.1167
Suadiye,34740,40.9621,29.0808
Kozyataği,34742,40.9614,29.0969
Bostanci,34744,40.9555,29.0933
Atatürk,35030,38.4613,27.2501
Bornova,35040,38.4697,27.2211
Naldöken,35050,38.4558,27.2672
Pinarbaşi,35060,38.4363,27.2703
Işikkent,35070,38.4314,27.2308
Altindağ,35080,38.403,27.1629
Çamdibi,35090,38.4384,27.1897
Kazimdirik,35100,38.3167,27.322
Bahçedere,35800,38.9042,27.1133
Yenişakran,35810,38.8864,27.0669
Helvaci,35820,38.2417,27.4736
Egekent,35610,38.6523,27.0662
Çiğli,35620,38.508,27.0554
İstasyonalti,35630,38.6523,27.0662
Büyükçiğli,35640,38.4964,27.0703
Harmandali,35650,38.5332,27.0516
İsmailli,35700,38.9317,27.2136
Ayaskent,35715,38.619,27.5476
Kurfalli,35720,39.0,27.1
Yenikent,35725,39.176,27.0852
Bölcek,35727,39.1828,27.4252
Okçular,35729,39.2667,26.9667
Yeniler,35730,39.25,27.3667
İşçievleri,35370,38.3441,27.0954
Şirinyer,35380,38.3441,27.0954
Belenbaşi,35390,38.3112,27.2819
Kaynaklar,35395,38.3668,27.2847
Evka1,35400,38.2342,26.9514
Gaziemir,35410,38.3239,27.1292
Havateknik,35415,38.3239,27.1292
Ulaştirmaokulu,35425,38.2342,26.9514
Ören,35733,38.4092,27.5858
Ulucak,35735,38.4817,27.3558
Armutlu,35737,38.4034,27.5323
Yukarikizilca,35740,38.3868,27.4992
Bağyurdu,35743,38.4148,27.6356
Yenişehir,35170,38.1483,28.2233
Gürçeşme,35180,38.3167,27.322
Gültepe,35190,38.3888,27.1778
Pasaport,35210,38.4067,27.14
Alsancak,35220,38.4333,27.2
Kahramanlar,35230,38.4067,27.14
Basmane,35240,38.4167,27.15
Kemeralti,35250,38.4067,27.14
Konak,35260,38.4,27.1
Eşrefpaşa,35270,38.4,27.15
Küçükyali,35280,38.4067,27.14
Güzelyali,35290,38.3833,27.1
Görece,35660,38.6505,27.1649
Ulukent,35663,38.6589,27.1304
Seyrek,35665,38.5805,26.9748
Asarlik,35667,38.5832,27.0971
Emiralem,35670,38.6216,27.1377
Koyundere,35672,38.5925,27.0753
Maltepe,35674,38.6282,26.9099
Türkelli,35676,38.6868,27.0343
Gölcük,35460,38.25,26.9167
Doğanbey,35465,38.09,26.8675
Ürkmez,35485,38.1067,26.959
Alacali,35900,38.0833,27.6167
Yenişehir,35910,38.1483,28.2233
Yağcilar,35790,38.0922,28.1539
Bucak,35750,38.4331,27.1761
Bademli,35753,38.0817,28.0578
Ovacik,35755,38.35,27.6833
Gölcük,35761,38.25,26.9167
Çayli,35762,38.15,28.15
Kayaköy,35763,38.2061,27.8178
Kizilcaavlu,35765,38.15,27.9
Hamamköy,35767,38.0122,27.99
Bozdağ,35773,38.3333,28.1
Çayirköy,35780,37.9833,28.0167
Arkacilar,35890,38.2,28.2
Gölcük,35430,38.25,26.9167
Zeytinköy,35920,38.0,27.2
Belevi,35925,38.015,27.4503
Ovacik,35930,38.2873,26.3152
Germiyan,35937,38.3195,26.4668
Parlak,35960,38.6107,26.3971
İnecik,35970,38.5333,26.5667
Yenibağarasi,35680,38.6616,26.8429
Bağarasi,35683,38.7468,26.8841
Yenifoça,35687,38.7333,26.8333
Çağlan,35980,39.096,26.895
Deliktaş,35985,38.9911,26.9283
Zincirlikuyu,35110,38.3167,27.322
Kibar,35120,38.3167,27.322
Karabağlar,35130,38.374,27.1352
Fahrettinaltay,35140,38.3167,27.322
Hatay,35150,38.3167,27.322
Yeşilyurt,35160,38.3722,27.107
Balçova,35330,38.3886,27.0562
Payamli,35310,38.3182,26.9254
Narlidere,35320,38.3962,27.0145
Gölova,35470,38.0319,27.2433
Değirmendere Ptt Acentesi,35472,38.1806,27.1719
Görece Ptt Şb,35473,38.2807,27.1245
Çileme,35474,38.1514,27.1806
Oğlananasi Ptt Acentesi,35475,38.1806,27.1719
Kisik Sanayi Sitesi Ptt Şb,35476,38.1806,27.1719
Tekeli Ptt Acentesi,35477,38.1806,27.1719
Develi,35478,38.2056,27.1689
Ataköy,35479,38.1806,27.1719
Gümüldür,35480,38.0778,27.0171
Özdere,35495,38.0161,27.1281
Gümüşpala,35510,38.4949,27.1396
Soğukkuyu,35520,38.4949,27.1396
Bayrakli,35530,38.46,27.16
Manavkuyu,35535,38.46,27.16
Alpaslan,35540,38.4949,27.1396
Yali,35550,38.4949,27.1396
Nergiz,35560,38.4949,27.1396
Cumhuriyet,35570,38.4949,27.1396
İmbatli,35575,38.4949,27.1396
Karşiyaka,35580,38.4573,27.1106
Denizbostanlisi,35590,38.4949,27.1396
Alaybey,35600,38.4667,27.1333
Çamlibel,35840,38.25,27.5833
Çirpi,35843,38.1644,27.4975
Canli,35845,38.1833,27.5667
Zeytinova,35847,38.2566,27.6039
Arslanlar,35860,38.1461,27.4058
Pancar,35865,38.2161,27.4198
Ayrancilar,35870,38.2431,27.2822
Yazibaşi,35875,38.2408,27.3217
Çaybaşi,35880,38.1367,27.38
Subaşi,35885,38.1069,27.4375
Çalti,35990,38.6198,27.2286
Akbayir,37600,41.9692,33.228
Duruca,37400,41.5222,34.0898
Aşağikayi,37300,40.8904,33.8843
Serdar,37800,41.304,33.4962
Muratli,37830,41.0644,33.4025
Şenyurt,37850,41.243,33.2098
Çiçekpinari,37250,41.1867,33.5707
Aktaştekke,37870,41.4863,33.0987
Mehmetçelebi,37750,41.6907,33.2915
Uzunyol,37650,41.8811,33.263
Köfünambari,37550,41.9601,33.4575
Bingildayik,37700,41.6797,33.9474
Yolyaka,37270,41.6607,33.7418
Bayiralan,37500,41.9217,33.7615
Cambaz,37900,41.7946,33.8114
Elmaçukuru,37970,41.9337,34.0767
Işiğan,37680,41.8848,33.9927
Yunuslar,37940,41.8488,34.2561
Akmescit,37100,41.7037,33.8184
Kuzeykent,37150,41.7037,33.8184
Cebrail,37200,41.4256,33.7367
Emirler,37210,41.4583,33.761
Yilanli,37450,41.6866,34.5038
Çamkişla,37770,41.5852,33.094
Adalar,37920,41.641,33.5303
Sarica,38400,38.2692,35.4182
Kiliçaslan,38030,38.6323,35.8791
Erciyesüniversitesi,38039,38.6323,35.8791
Çarşi,38040,38.6323,35.8791
Hürriyet,38050,38.6323,35.8791
Kazimkarabekir,38060,38.6323,35.8791
Şeker/Keykubat,38070,38.6323,35.8791
Gesi,38180,38.7918,35.6592
Bağlar,38220,38.8005,35.7004
Turan,38225,38.8005,35.7004
İldem,38350,38.6358,35.59
Sanayi,38010,38.6323,35.8791
Fevziçakmak,38020,38.6323,35.8791
Yenişehir,38080,38.6323,35.8791
Yenimahalle,38090,38.6323,35.8791
Höbek,38100,38.9735,35.5637
Argincik,38110,38.7462,35.5257
Beyazşehir,38125,38.7811,35.592
Yemliha,38290,38.8806,35.2487
Kayadibi,38800,38.2167,35.1333
Ağcaşar,38500,38.1653,35.4044
Kaleköy,38900,38.1195,35.7036
Dadaloğlu,38940,38.4146,35.9106
Karakaya,38600,38.9677,35.7162
Reşadiye,38160,38.6667,35.6167
Örencik,38280,38.55,35.7
Zincidere,38310,38.6358,35.59
Menteşe,38750,39.0249,35.4753
Sakarçiftliği,38210,38.6253,35.3981
Süksün,38560,38.7647,35.2328
Kizilören,38580,38.2055,35.3712
Büyükörtülü,38660,38.5251,36.7043
Bahçeçik,38700,38.6683,36.2852
Pazarören,38730,38.6739,36.1594
Tuğlaşah,38770,39.1239,35.6569
Kadili,38820,39.2195,35.8678
Gümüşsu,38830,38.9996,36.1725
Gömürgen,38835,39.0381,36.2199
Karaözü,38840,39.1976,35.9344
Çiftlik,38850,38.8167,35.2167
Gaziler,38860,39.2272,35.8306
Pehlivanköy,39600,41.3481,26.9252
Hidirca,39640,41.3833,26.9167
Çavuşköy,39200,41.4833,27.1667
Alpullu,39570,41.3718,27.1422
Malkoçlar,39700,42.0429,27.0185
Sivriler,39500,41.7842,27.8657
İğneada,39650,41.8744,27.9839
Çavuşköy,39400,41.5667,27.7167
Kirklareli,39000,41.7351,27.2252
Kavakli,39060,41.6551,27.1725
Geçitağzi,39100,41.9373,27.3104
Sütlüce,39300,41.505,27.5791
Saricali,39750,41.3928,27.2457
Ahmetbey,39770,41.4387,27.5857
Büyükkariştiran,39780,41.3003,27.5453
Evrensekiz,39790,41.3719,27.4919
Hacifakili,40720,39.5695,34.1227
Kaleköy,40300,39.369,33.8778
Kurancili,40390,39.3308,33.9002
Boztepe,40020,39.2697,34.2611
Çiğdeli,40060,39.3667,34.4833
Kizilağil,40500,38.9114,34.2877
Yeşiloba,40000,39.3924,34.1439
Özbağ,40080,39.2,34.15
Çarşi,40100,39.3448,34.1089
Hükümet,40200,39.3448,34.1089
Çayözü,40320,39.5218,33.7496
İbikli,40700,39.5321,34.3406
Köseli,40730,39.6577,34.4091
Ovacik,41400,40.9662,29.5021
Şevketiye,41650,40.6476,29.7907
Değirmendere,41950,40.72,29.7808
Derince,41900,40.7569,29.8147
İnebeyli,41500,40.6443,29.5488
Merkezköy,41000,40.7164,29.9903
Sahil,41040,40.7164,29.9903
Yenişehir,41050,40.7164,29.9903
Gündoğdu,41060,40.7702,29.9595
Yenidoğan,41100,40.7018,29.9991
Saraybahçe,41200,40.7107,30.0366
Çarşi,41300,40.7454,30.0567
Alikahya,41310,40.7735,29.9964
Büyükderbent,41080,40.7075,30.1143
Eşme,41110,40.7018,29.9991
Suadiye,41170,40.6914,30.0575
Uzunçiftlik,41180,40.7018,29.9991
Köseköy,41250,40.7245,29.9884
Uzuntarla,41255,40.7374,30.1548
Arslanbey,41285,40.6905,30.0306
Maşukiye,41295,40.7075,30.1143
Acisu,41320,40.7173,30.117
Bahçecik,41030,40.6714,29.8971
Başiskele,41090,40.7164,29.9903
Kullar,41140,40.7257,29.9723
Yuvacik,41190,40.6881,29.9674
Seymen,41245,40.7107,30.0366
Yeniköy,41275,40.6934,29.8951
Çayirova,41420,40.8987,29.5646
Merkezköy,41455,40.8987,29.5646
Hacilar,41600,41.0427,30.057
Darica,41700,40.7797,29.3945
Dereköy,41780,40.8407,29.7721
Hereke,41800,40.7861,29.6147
Güzüngülü,43600,39.0051,29.426
Gökler,43630,39.0119,29.5447
Eskigediz,43640,39.0053,29.429
Yenikent,43694,39.0053,29.429
Zobu,43710,39.2126,29.619
Adaköy,43210,39.2095,29.9551
Çiftlikköy,43850,38.8167,30.0
Çukurca,43860,39.2293,29.9241
Pazarlar,43530,38.995,29.1258
Ayvacik,43950,39.0229,29.2558
Söğüt,43500,39.126,29.081
Çitgöl,43510,39.122,28.9513
Akdağ,43590,39.1659,29.0046
Yağcik,43700,39.3523,29.2209
Alipaşa,43020,39.3026,29.5764
Balikli,43030,39.3026,29.5764
Bahçelievler,43040,39.3026,29.5764
Börekçiler,43050,39.3026,29.5764
Hamidiye,43100,39.3026,29.5764
Sofca,43270,39.6167,30.1833
Seyitömer,43290,39.615,29.8909
Demirbilek,43300,39.5148,29.4416
Baliköy,43410,39.5145,29.1045
Kuruçay,43463,39.5031,29.5139
Sefaköy,43780,39.2507,29.3023
Gökçeler,43800,39.1461,29.9775
Büyükaslihanlar,43820,38.9038,30.0332
Tunçbilek,43900,39.6206,29.465
Merkezköy,44000,38.4119,38.2118
Haniminçiftliği,44050,38.2385,38.4695
Taştepe,44060,38.0651,38.7272
Dabakhane,44100,38.4093,38.3048
Sitmapinari,44120,38.4093,38.3048
Orduzu,44170,38.3767,38.3623
Kapaliçarşi,44200,38.3602,38.3313
Battalgazi,44210,38.4245,38.3649
İnönüüniversitesi,44280,38.3602,38.3313
Kanalboyu,44300,38.5631,38.2353
Beydaği,44320,38.2911,38.4787
Çavuşoğlu,44070,38.2385,38.4695
Yeşiltepe,44080,38.2385,38.4695
Özalper,44090,38.2385,38.4695
Karakavak,44110,38.4093,38.3048
Dilek,44180,38.4419,38.2473
Konak,44230,38.2958,38.2976
Topsöğüt,44310,38.3711,38.2392
Merkezköy,44900,38.2972,38.2497
Gündüzbey,44910,38.2836,38.2592
Bostanbaşi,44915,38.3185,38.2427
Yakinca,44920,38.3068,38.2425
Kale,44370,38.4167,38.7667
Güzelyayla,44400,38.8759,37.9464
Güzelyurt,44410,38.7772,37.8867
Hasançelebi,44420,38.9544,37.8928
Kocaözü,44430,38.7342,37.9158
Kadiibrahim,44600,38.511,37.9734
Kapidere,44500,37.9833,37.6667
Erkenek,44510,37.9263,37.8937
Polat,44520,38.1581,37.8538
Savakli,44530,38.0536,37.9025
Kurucaova,44540,38.0053,38.1
Ağilyazi,44700,38.6893,37.5389
Yenice,44705,38.4585,37.5298
Ayvali,44710,38.7314,37.6147
Ağilbaşi,44720,38.5479,37.8211
Aşağiulupinar,44730,38.4356,37.5835
Karabayir,44740,38.4544,37.6451
Ilica,44750,38.5056,37.7183
Çayköy,44760,38.8523,37.6662
Damli,44880,38.2799,38.9611
Çayirli,44960,38.8973,38.4026
Çivril,44350,38.5833,38.05
Aktaş,44800,38.9337,38.4663
Köklükaya,44850,38.2119,39.0766
Sarniçköy,45170,38.9333,27.9833
Şeyhli,45180,38.65,28.5333
Çandir,45900,38.9844,28.7583
Çortak,45970,38.8303,28.7997
Naldöken,45500,39.2667,27.5
Yağcili,45510,39.31,27.65
Avdan,45520,39.15,27.5333
Cenkyeri,45530,39.1334,27.6918
Turgutalp,45540,39.1878,27.579
Malaz,45750,39.0333,28.3
Güneşli,45760,39.0328,28.426
Kayacik,45770,38.9086,28.1736
Doğankaya,45200,38.9825,27.9764
Mecidiye,45215,38.8833,27.7
Kayalioğlu,45230,38.8844,27.7661
Beyoba,45240,38.8042,27.7717
Süleymanli,45250,38.9839,27.7756
Medar,45260,38.9519,27.8339
Akselendi,45280,38.7772,27.8775
Palamut(Zeytinliova),45560,39.1334,27.6918
Kilcanlar,45580,38.8167,28.2833
Haciköseli,45450,38.6675,28.4267
Salihli,45300,38.4826,28.1477
Sağlik,45310,38.5439,28.1393
Haciköseli,45320,38.6675,28.4267
Yilmaz,45325,38.7333,27.55
Sartmahmut,45330,38.5,28.05
Poyrazdamlari,45340,38.6167,28.15
Durasilli,45350,38.5181,28.2486
Çamurhamami,45370,38.45,28.05
Bahadir,45600,38.2667,28.55
Kavaklidere,45610,38.4167,28.45
Piyadeler,45615,38.4167,28.45
Yeşilyurt,45620,38.3397,28.6644
Kemaliye,45630,38.4636,28.4256
Killik,45650,38.3778,28.623
Uluderbent,45660,38.3845,28.426
Temrek,45400,38.6,27.7333
Urganli,45420,38.5233,27.8356
Laleli,45030,38.5899,27.6407
Yunusemre,45110,38.6126,28.5098
Tevfikiye,45120,38.6126,28.5098
50.Yil,45125,38.6126,28.5098
Muradiye,45140,38.6603,27.3384
Üçpinar,45150,38.7342,27.3616
Merkezköy,45000,38.5899,27.6407
Karaköy,45010,38.54,27.8794
Çarşi,45020,38.5899,27.6407
Kuzey,45040,38.5899,27.6407
Aşağiçobanisa,45060,38.5899,27.6407
Karaoğlanli,45070,38.5292,27.5667
Sancaklibozköy,45072,38.5292,27.5667
Karaağaçli,45080,38.6833,27.5167
Hacihaliller,45090,38.6069,27.6
Bereketli,45470,38.25,28.65
Öveçli,45700,39.1333,27.6667
Karakurt,45707,39.1153,27.8111
Alifaki,45720,39.1,27.8667
Bakir,45730,39.0796,27.7026
İlyaslar,45740,39.0826,27.794
Kepenekli,45800,38.8,27.5667
Dilek,45804,38.7562,27.6943
Gümülceli,45805,38.6308,27.6522
Hacirahmanli,45810,38.7489,27.6028
Gökçeköy,45815,38.6,28.2333
İshakçelebi,45820,38.75,27.65
Büyükbelen,45830,38.6425,27.8197
Kumkuyucak,45835,38.7464,27.8256
Koldere,45840,38.6578,27.6347
Halitpaşa,45850,38.6956,27.6786
Mütevelli,45860,38.6831,27.5844
Nuriye,45870,38.76,27.6792
Alibeyli,45880,38.6831,27.7228
Paşaköy,45890,38.7667,27.5333
Yenice,45930,38.8333,28.5
Gökveliler,45940,38.7494,28.5497
Ağcaşar,46370,38.0786,37.3499
Bariş,46371,38.0038,37.336
Yeşilkent,46372,37.9783,37.5167
Kullartatlar,46373,38.0054,37.5388
Önsenhopuru,46800,37.5245,36.7921
Beyoğlu,46810,37.3698,36.8322
Kilili,46820,37.4128,36.8793
Şekeroba,46830,37.2599,36.7724
Yeşilyöre,46840,37.4167,36.75
Elbistan,46300,38.2059,37.1983
Izgin,46320,38.2377,37.0912
Karaelbistan,46328,38.2167,37.15
Demircilik,46330,38.2381,37.3331
Doğan,46340,38.2859,37.153
Büyükyapalak,46350,38.3275,37.2747
Bakiş,46357,38.1345,37.39
Söğütlü,46376,37.4863,37.2012
Topalli,46380,38.2801,37.6152
İğde,46390,38.1575,37.094
Çiftlikköy,46360,37.9842,37.191
Keklikoluk,46600,38.2025,36.4594
Çardak,46610,38.0917,36.8236
Büyükkizilcik,46620,38.2021,36.7115
Değirmendere,46630,37.9251,36.4786
Kanlikavak,46640,38.1175,36.6083
Bozhüyük,46650,38.1455,36.5006
Taşoluk,46660,37.9776,36.4568
Ericek,46670,38.0776,36.8779
Armutalani,46500,38.5135,36.815
Aritaş,46540,38.3458,36.8311
Çoğulhan,46550,38.35,37.0167
Esence,46556,38.1543,36.8755
Altinelma,46566,38.3669,36.8733
Dağlica,46567,38.4933,36.7817
Çobanbeyli,46570,38.3176,36.9034
Alemdar,46576,38.364,37.0294
Büyüktatli,46577,38.49,36.9788
Bakraç,46580,38.3072,36.9326
Sütçüimam,46030,37.881,36.9348
Sanayi,46080,37.881,36.9348
Merkezköy,46090,37.881,36.9348
Adliye,46100,37.672,36.7918
Ağabeyli,46130,37.7435,37.1103
Baydemirli,46200,37.7621,37.0368
Merkezköy,46000,37.881,36.9348
Hacibayram,46040,37.881,36.9348
Binevler,46050,37.881,36.9348
Fatmali,46110,37.5331,36.7557
Kale,46120,37.7623,37.1633
Süleymanli,46140,37.5962,36.6311
Yenicekale,46145,37.5962,36.6311
Fatih,46150,37.672,36.7918
Önsen,46160,37.5245,36.7921
Tekir,46170,37.8828,36.6193
Kürtül,46180,37.6324,36.7247
Şahinkayasi,46185,37.8529,36.672
Karadere,46190,37.5207,36.6579
Döngele,46216,37.5612,36.6333
Ilica,46266,37.8547,36.8648
Camuzluk,46400,37.4724,36.3916
Yeşilova,46410,37.539,36.3704
Geben,46420,37.7821,36.4476
Orhaniye,46430,37.6593,36.3554
Karaçay,46700,37.3465,37.1173
Narli,46710,37.4332,37.147
Küçükcerit,46720,37.7739,37.3303
Evri,46730,37.25,37.0667
Yumaklicerit,46750,37.5771,37.537
Büyüknacar,46760,37.6158,37.2874
Bozlar,46770,37.5833,37.3667
Düzbağ,46780,37.7951,37.4664
Kargi,48300,36.7013,29.0756
Çiftlik,48303,37.1856,28.1642
Göcek,48310,36.7582,28.9282
Karaçulha,48330,36.9178,29.6506
Ölüdeniz,48340,36.5667,29.1447
Kizilbel,48350,36.7844,29.4008
Çamköy,48375,37.0886,28.3656
Marmaris,48700,36.855,28.2742
Beldibi,48704,36.8784,28.2759
Armutalan,48706,36.7986,28.1882
Selimiye,48710,36.6833,28.0833
İçmeler,48720,36.7986,28.2263
Turunç,48740,36.7737,28.2483
Çukuröz,48500,37.2358,28.1128
Bozüyük,48510,37.2833,28.15
Bozarmut,48514,37.3092,28.1697
Bencik,48516,37.276,28.0126
Hisarardi,48540,37.4353,28.0644
Yeşilbağcilar,48550,37.3595,28.1502
Gürece,48400,37.0311,27.2961
Yali,48401,37.0456,27.3487
Ortakent,48420,37.0494,27.3483
Kemer,48440,37.1028,27.6639
Güvercinlik,48450,37.1371,27.5819
Bitez,48470,37.0327,27.3782
Konacik,48480,37.1275,27.3768
Göltürkbükü,48483,37.1275,27.3768
Akyarlar,48960,36.9675,27.2908
Gündoğan,48965,37.1195,27.3451
Peksimet,48970,37.0333,27.2667
Yalikavak,48990,37.1053,27.2972
Elcik,48770,36.8673,28.9084
Güzelyurt,48600,36.7554,28.7837
Dalyan,48840,36.8343,28.6446
Köyceğiz,48800,36.922,28.7179
Beyobasi,48803,36.9111,28.774
Toparlar,48804,36.9873,28.6671
Kizilağaç,48640,37.0667,28.3667
Akyaka,48650,37.0572,28.3263
Gökova,48660,37.0387,28.3589
Kizlan,48900,36.7744,27.6931
Yaşyer,48200,37.2833,27.7167
Bafa,48210,37.4333,27.55
Kalem,48220,37.0833,28.0
Akçali,48230,37.4703,27.5944
Beçin,48277,37.2639,27.7981
Boğaziçi,48670,36.4233,29.1847
Eşen,48360,36.4548,29.2815
Karadere,48363,36.3465,29.2742
Kumluova,48370,37.0886,28.3656
Kemer,48850,36.6519,29.3639
Seki,48860,36.4,29.2167
Kadiköy,48870,36.88,28.783
Menteşe,48000,37.2181,28.3665
Bayir,48040,37.2667,28.2667
Yeşilyurt,48070,37.1932,28.2754
Yerkesik,48100,37.1167,28.2833
Kafaca,48183,37.2,28.2333
Çayboyu,48533,37.3595,28.1502
Ortaköy,48570,37.4208,27.8489
Menteşe,48580,37.2181,28.3665
Çamlibel,48585,37.2181,28.3665
Gülkoru,49400,39.0996,42.6487
Gölağili,49420,39.2506,42.4445
Yilanli,49600,39.211,41.3116
Alabalik,49610,39.3139,41.1575
Sazlica,49620,39.1903,41.4104
Altinova,49730,38.6777,41.9357
Alazli,49800,38.6936,41.8274
Gökyazi,49700,38.6299,41.8839
Taşoluk,49090,38.8863,41.5492
İstasyon,49100,38.8584,41.3576
Sungu,49120,38.7494,41.6116
Yoncaliöz,49150,38.8835,41.3102
Yörecik,49160,38.7891,41.193
Zafer,49200,38.7458,41.5289
Yağcilar,49240,38.929,41.4549
Muratgören,49250,38.8412,41.5379
Konukbekler,49300,38.8965,41.364
Siradere,49500,39.2749,42.1834
Günbatmaz,49510,38.9821,42.0341
Yoncali,49530,39.1307,42.1867
Elmakaya,49540,39.0304,42.4776
Aksalur,50350,38.6606,34.999
Sarihidir,50400,38.7358,34.9309
Ortahisar,50650,38.6311,34.8572
Yeşilli,50900,38.8412,34.4147
Küçükayhan,50500,38.8281,34.7494
Özkonak,50530,38.8787,34.8688
Kalaba,50840,38.9648,35.0032
Çaliş,50860,38.9814,34.8669
Tilköy,50700,38.4169,34.8174
Yazihüyük,50706,38.344,34.6397
Kaymakli,50760,38.4605,34.7523
Balcin,50000,38.6167,34.6333
Siteler,50040,38.595,34.6254
Çarşi,50100,38.5797,34.5581
Nar,50130,38.6532,34.7201
Tepeköy,50140,38.5822,34.5614
Çat,50160,38.6844,34.6591
Göre,50170,38.5891,34.7164
Göreme,50180,38.6437,34.8353
Camicedit,50200,38.6103,34.674
Kavak,50210,38.5704,34.8212
Sulusaray,50220,38.697,34.7186
Tatlarin,50230,38.6362,34.48
Uçhisar,50240,38.6285,34.8013
Karapinar,50260,38.5196,34.5491
Afetevleri,50300,38.6606,34.999
İmran,50600,39.1629,34.8207
Killik,50800,38.9066,34.6686
Çamlica,52950,40.8377,36.9052
Salman,52960,40.8596,36.8099
Çetilli,52600,40.7013,37.5982
Kumanlar,52850,40.8151,37.7742
Işiktepe,52610,40.8199,37.5324
Soğukpinar,52750,41.0167,37.7333
Medreseönü,52760,41.0732,37.6254
Saitler,52430,40.8834,37.5819
Karataş,52400,40.9718,37.4858
Yavaş,52410,40.9353,37.6351
Yaliköy,52440,41.0103,37.8294
Ilica,52460,40.9729,37.6089
Çatili,52800,40.8052,37.1892
Kişlacik,52900,40.4036,37.6834
Durali,52700,40.7745,37.3392
Tepealan,52710,40.7439,37.3055
Alankent,52510,40.7476,37.3983
Kabataş,52520,40.75,37.45
Göbü,52300,41.1,37.1833
Beylerce,52330,40.9729,37.1975
Pelitliyatak,52350,40.9167,37.0525
Şenbolluk,52320,41.0385,37.0064
Bayadi,52000,40.9045,37.8904
Gülyali,52010,40.9665,38.061
Harami,52020,40.8173,37.8932
Kumbaşi,52100,40.8592,37.5317
Bahcelievler,52200,40.8592,37.5317
Kapili,52310,40.9097,36.9953
İlküvez,52340,40.9452,37.0053
Gündoğdu,52420,41.038,37.7757
Uzundere,52500,40.5833,37.4333
Kalkandere,53500,40.928,40.4419
Dülgerli,53540,40.9123,40.4653
İkizdere,53650,40.7791,40.5589
Gölyayla,53690,40.6558,40.6333
Güneysu,53350,40.9776,40.6136
İslahiye,53390,40.9633,40.6776
Hemşin,53550,41.0502,40.8936
Akyamaç,53560,41.0435,40.9172
Pazar,53300,41.1792,40.8842
Şehitlik,53340,41.1462,40.9847
İyidere,53600,41.0119,40.3618
Kalecik,53610,40.9727,40.3893
Kendirli,53620,40.783,40.5408
Ardeşen,53400,41.1911,40.9875
Köprüköy,53480,41.1239,41.0485
Tunca,53490,41.1254,41.1223
Çayeli,53200,41.0923,40.7292
Gürgenli,53210,41.0311,40.7209
Madenli,53220,41.0353,40.7739
Erenler,53260,41.0773,40.8231
Seslidere,53270,41.0157,40.8031
Rize,53020,41.0208,40.5219
Findikli,53700,41.269,41.14
Gürsu,53740,41.2018,41.1824
Çamlihemşin,53750,41.0477,41.0
Muratköy,53780,41.0712,41.0029
Söğütlü,53800,41.0667,40.6667
Uzunköy,53870,41.022,40.4733
Derepazari,53900,41.024,40.4233
Sandiktaş,53940,41.0211,40.3953
Karayemiş,53950,40.9285,40.5408
Kanliçay,54430,40.6366,30.4839
Haciosmanlar,54700,40.4431,30.4008
Alifuatpaşa,54950,40.5382,30.2678
Hüseyinli,54900,40.5373,30.026
İkramiye,54600,40.6161,30.2692
Hicriye,54300,40.8254,30.8049
Kizilcik,54500,41.0357,30.7048
Limandere,54540,40.9888,30.5834
Aktaş,54800,40.9628,30.8551
Nalköy,54110,41.0397,30.468
Sinanoğlu,54150,40.9711,30.5436
Gölkent,54210,41.021,30.548
Levent,54160,40.9514,30.4265
Kaynarca,54650,41.0308,30.3075
Gölce,54680,41.0085,30.2888
Serdivan,54050,40.762,30.356
Beşevler,54055,40.8306,30.2408
Yazlik,54130,40.908,30.461
Çaybaşiyeniköy,54200,40.6842,30.442
Arifiye,54580,40.7149,30.3637
Hanli/Sanayi,54590,40.9773,30.5874
Karadere,54100,40.9272,30.3561
Karaman,54290,40.8591,30.3412
Altindere,54400,40.6894,30.6967
Taşyatak,54405,40.5664,30.6456
Güvençler,54420,40.568,30.7534
Çayköy,54750,40.4577,30.4469
Kuşluğan,55400,41.4599,35.8111
Çetinkaya,55430,41.525,36.07
Kolay,55440,41.4182,35.8014
Yeşilalan,55300,41.0521,36.4733
Büyüklü,55310,41.1489,36.4782
Aşağiçinik,55320,41.1899,36.4698
Kutlukent,55330,41.219,36.4142
Kutlukent,55530,41.219,36.4142
İnkaya,55900,41.181,35.3461
Cevizlik,55700,41.0333,35.7361
Ilica,55702,41.0602,35.6925
Bekdiğin,55715,41.0123,35.7931
Salur,55760,40.9937,35.901
Kurşunlu,55850,41.0691,36.0897
Yoğunpelit,55800,41.5333,35.5167
Kuzören,55810,41.5651,35.422
Kozluk,55600,41.1745,36.8747
Eğridere,55500,41.0744,36.5451
Çinarlik,55506,41.2414,36.5503
Hürriyet,55507,41.3253,36.6389
Saraçli,55510,41.1575,36.6605
Ağcagüney,55515,41.1282,36.612
Toygar,55080,41.1648,36.3701
Akalan,55200,41.3,36.1
Kurupelit,55270,41.3658,36.2155
Kapakli,55000,41.2795,36.2114
Unkapani,55020,41.1729,36.2852
Kale,55030,41.0567,35.7774
Kadiköy,55040,41.1729,36.2852
Rasathane,55050,41.1729,36.2852
İstasyon,55060,41.1729,36.2852
Bahçelievler,55070,41.1729,36.2852
Yeşilkent,55090,41.1729,36.2852
Liman,55100,41.2046,36.053
Kösedik,55420,41.3873,35.9755
Dereköy,55421,41.4542,36.0978
Yörükler,55431,41.525,36.07
Yeşilpinar,55550,40.9882,36.697
Koşaca,55860,41.0167,36.1667
Yaykil,57600,41.8439,35.1288
Kadiköy,57660,41.5592,35.1762
Gökçebelen,57700,41.3525,34.9166
Arim,57300,41.3614,34.874
Karaoğlu,57800,41.8985,34.8547
Göve,57200,41.4049,34.9097
Çatakgeriş,57900,41.8,34.35
Çakildak,57000,41.7723,34.9339
Babaköy,57400,41.8124,34.4349
Adamfaki,58700,39.86,37.95
Kürkçü,58800,38.8747,37.0514
Güneyli,58600,40.178,38.1934
Aydinlar,58660,40.2075,37.9877
Arslantaş,58780,40.242,37.5299
Yeniçubuk,58580,39.8789,36.8969
Öziçi,58840,39.2219,36.2787
Sizir,58880,39.3142,35.9494
Karayakup,58640,40.0357,38.712
Irmaç,58900,38.992,37.1505
Avşarcik,58300,39.2667,37.85
Kapikaya,58380,39.5005,37.4164
Düzyayla,58760,39.9167,37.3096
Acipinar,58000,39.635,37.1197
Mimarsinan,58010,39.6883,36.9885
Kümbet,58020,39.7489,36.5048
Altuntabak,58030,39.6883,36.9885
Aydoğan,58040,39.6883,36.9885
Gökçebostan,58050,39.6883,36.9885
Ferhatbostan,58060,39.6883,36.9885
Kale,58070,39.6807,36.4428
Toptancilarsitesi,58080,39.6883,36.9885
Cumhuriyetüniversitesi,58140,39.6538,37.3923
Kahvepinar,58400,39.4689,36.4407
Gürçayir,58430,39.33,36.3504
Doğupinar,58470,39.3014,36.6828
Alaca,58500,39.9577,36.6038
Direkli,58520,39.7117,36.6517
Güneykaya,58525,40.1425,36.8144
Balçik,58550,40.0833,38.2667
Becek,58980,39.8398,38.035
Maksutlu,59850,41.0761,27.66
Silahtar,59860,40.8521,27.3844
Çerkezköy,59500,41.2863,27.9994
Kizilpinar,59530,41.2659,27.9681
Çikrikçi,59400,41.25,27.1
Çerkezmüsellim Acnte,59410,41.2174,27.15
Saray,59600,41.4443,27.9219
Büyükyoncali,59610,41.3778,27.9262
Pirinççeşme,59300,40.9953,26.8483
Sağlamtaş,59310,40.7816,27.1076
Kozyörük,59315,41.0168,26.9455
Balabancik,59320,40.8244,27.0125
Mürefte,59560,40.6681,27.2464
Hoşköy,59570,40.7129,27.3139
Uçmakdere,59800,40.7974,27.3657
Oruçbeyli,59000,40.8667,27.3
Banarli,59010,41.067,27.3358
Barbaros,59020,40.9058,27.4672
Eskicami,59030,40.962,27.3453
Karacakilavuz,59050,41.1318,27.3531
Kumbağ,59060,40.8686,27.4589
Altinova,59100,41.0155,27.285
Aydoğdu,59200,41.0155,27.285
Ulaş,59870,41.2393,27.71
Velimeşe,59880,41.2536,27.8783
Marmaracik,59930,41.2067,27.7544
Yeşiltepe,59950,41.2067,27.7544
Kapakli,59510,41.3291,27.9806
Karaağaç,59520,41.2948,27.949
Yeşilsirt,59700,41.1281,27.4669
Türkmenli,59740,41.0489,27.8536
Sultanköy,59750,41.0214,27.9886
Yeniçiftlik,59760,41.0114,27.8522
Çeşmeli,60500,40.5883,36.682
Gökal,60515,40.831,36.6504
Tanoba,60525,40.6546,36.4034
Beykaya,60540,40.8816,36.6434
Tamlar,60600,40.6379,36.8369
Gökçeli,60630,40.5833,36.7333
Gürçeşme,60640,40.5751,36.8042
Serenli,60645,40.6615,36.8703
Yolkonak,60650,40.5449,36.8892
Demircili,60700,40.5035,37.541
Elmacik,60710,40.5219,37.241
Cimitekke,60715,40.5093,37.3284
Hasanşeyh,60720,40.4748,37.4569
Baydarli,60730,40.4934,37.494
Bozcali,60740,40.5403,37.295
Karacaören,60620,40.5676,37.2167
Hatipli,60625,40.5454,37.2249
Çime,60870,39.9543,36.0863
Gündoğan,60860,40.4978,37.453
Yağcimusa,60670,40.1706,36.3058
Dereköy,60800,40.247,36.2448
Üzümören,60820,40.2385,36.1945
Kizkayasi,60300,40.3563,36.0767
Şenyurt,60320,40.329,36.2047
Üçgöl,60900,40.4453,36.8619
Ataköy,60915,40.4485,36.9133
Çevreli,60930,40.2969,36.8564
Gölgeli,60940,40.3144,37.0367
Kinik,60950,40.3155,36.9079
Yaylakent,60400,40.1285,36.0679
Dereağzi,60000,40.1,36.5
Sanayi,60030,40.2538,36.5442
Geyras,60100,40.3908,36.6117
Karşiyaka,60200,40.1812,35.7651
Çat,60230,40.2833,36.7167
Emirseyit,60235,40.3607,36.4187
Güryildiz,60240,40.3521,36.3498
Yazibaşi,60255,40.4478,36.7261
Başdurak,61900,40.829,39.8856
Findikli,61910,40.8838,39.965
Atayurt,61915,40.8221,39.9013
Yeşilyali,61930,40.7583,40.1528
Yeşilyurt,61750,40.8403,39.5738
Günay,61770,40.9042,39.6966
Çamlibel,61940,40.6791,40.2233
Hayrat,61450,40.8884,40.3699
Balaban,61470,40.8635,40.3429
Cumapazari,61560,40.8297,40.2484
Bölümlü,61570,40.8106,40.2883
Gürpinar,61580,40.8356,40.2977
Uğurlu,61585,40.844,40.321
Sarikaya,61830,40.9035,40.3967
Kiyicik,61850,40.95,40.3
Çamburnu,61530,40.9128,40.1887
Koyuncular,61600,40.833,40.1221
Çamli,61500,40.9106,39.2962
İskenderli,61510,40.9284,39.241
Çayirbaği,61380,40.8414,39.3308
Çiğdemli,61390,40.8608,39.4147
Yokuşlu,61250,40.931,39.8915
Özdil,61270,40.8281,39.8105
Oymalitepe,61280,40.8811,39.8114
Kaşüstü,61290,40.9523,39.8235
Gündoğdu,61000,40.9479,39.6385
Pelitli,61010,40.9814,39.794
Boztepe,61030,40.9965,39.7275
Beşirli,61040,40.9833,39.6667
Bostanci,61080,40.9867,39.7559
Sanayi,61100,40.9048,39.6694
Kozluca,61180,40.8743,39.7462
Akyazi,61195,40.9832,39.6244
Çarşi,61200,40.8811,39.8114
Yalincak,61220,40.9738,39.8207
Kutluca,61800,41.0195,39.1828
Oğuz,61820,40.8503,39.9531
Yeşilköy,61827,40.7958,40.0481
Derecik,61170,40.9508,39.5783
Akçaköy,61230,40.9233,39.6361
Doğanköy,61300,40.9058,39.478
Yildizli,61310,41.0012,39.6073
Ridvanli,61400,40.9735,39.3146
Yaliköy,61410,41.0512,39.3058
Pinarli,61420,41.0365,39.3768
Çifteköprü,61630,40.8007,40.1734
Sinlice,61670,40.8203,39.2184
Merkezköy,61700,40.8284,39.999
Çiftepinar,61720,40.7215,39.8837
Çalişanlar,61950,40.7822,40.2254
Buzlupinar,62400,39.1199,39.3092
Dereli,62500,38.8899,39.3043
Kayirlar,62700,39.428,39.9718
Kirmiziköprü,62710,39.395,39.8461
Özdek,62800,38.95,39.8
Arpaderen,62600,39.05,38.8667
Karşilar,62000,39.1755,39.4441
Yakatarla,62900,39.3763,39.4166
Yayikağil,62950,39.2751,39.9467
Yeşerti,63500,36.7958,38.9411
Çağbaşi,63510,36.8864,39.1339
Kinalitepe,63700,37.1717,39.7904
Karaca,63800,36.9303,38.2344
Onbirnisan,63820,37.0258,38.439
Gedik,63600,37.7482,39.6851
Kapikaya,63614,37.8996,39.233
Karacadağ,63615,37.7344,39.6378
Üçüzler,63900,37.55,38.9333
Surtepe,63400,37.059,37.9508
Ayran,63420,37.1495,37.9145
Ürünlü,63850,37.4017,38.1399
Saylakkaya,63950,37.2937,37.9156
Yukarigöklü,63970,37.4451,38.5991
Argil,63986,37.2708,37.9788
Merkezköy,63000,37.1117,37.9637
Eyyübiye,63200,37.188,38.947
Çarşi,63210,37.188,38.947
Akşemsettin,63250,37.188,38.947
Karaköprü,63320,37.2036,38.7994
Esentepe,63330,37.1622,38.8722
Merkezköy,63340,37.1622,38.8722
Şairnabi,63040,37.1117,37.9637
Bağlarbaşi,63050,37.1117,37.9637
Bahçelievler,63100,37.188,38.947
Merkezköy,63290,37.188,38.947
Yenişehir,63300,37.1622,38.8722
Kisas,63310,37.1208,38.9449
Avcili,63570,36.9311,40.1675
Söğütlü,64900,38.5167,29.15
Gedikler,64500,38.7,29.7167
Kizilcasöğüt,64520,38.6511,29.6661
Eşmetaş,64600,38.3333,28.8333
Yeleğen,64610,38.3242,28.9164
Ovademirler,64000,38.6353,29.4019
Karaağaç,64100,38.65,29.3333
Cumhuriyet,64200,38.5698,29.4064
Atatürk,64300,38.5698,29.4064
Elmalidere,64400,38.6333,29.4
Bölme,64420,38.6333,29.4
Karayakuplu,64700,38.43,29.4781
Hacim,64800,38.5411,29.5275
Tatar,64820,38.4625,29.6514
Pinarbaşi,64830,38.4667,29.7
Selçikler,64840,38.4833,29.65
Aşağinarlica,65870,38.1321,43.0995
Merkezköy,65170,38.418,43.2365
Süphan,65300,38.6181,43.638
Doluca,65400,39.2389,43.3822
Çelebibaği,65440,38.9818,43.3111
Şerefli,65450,39.057,43.0422
Akbulak,65500,38.8219,43.6956
Ünseli,65510,38.9836,43.5836
Gelenler,65600,38.325,44.376
Çömlekçi,65710,38.0737,42.7452
Altinsaç,65700,38.4061,42.8912
Kazligöl,65830,38.5502,44.2176
Haciali,65570,38.8534,43.9155
Emek,65800,38.5889,43.9819
Sağmali,65804,38.854,44.0125
Valimitatbey,65100,38.418,43.2365
Bahçivan,65130,38.418,43.2365
Buzhane,65140,38.418,43.2365
Cevdetpaşa,65150,38.418,43.2365
Erçek,65210,38.6549,43.6482
Bostaniçi,65220,38.5071,43.4358
Merkezköy,65250,38.581,43.542
İstasyon,65030,38.5167,43.3167
İskele,65040,38.5167,43.3167
Merkezköy,65090,38.5167,43.3167
Sakalar,65900,38.284,43.3366
Hangediği,65970,39.18,44.0618
Aliçli,66500,40.0057,35.361
Beşkavak,66320,39.8,35.6
Güllük,66300,39.6469,35.7384
Akoluk,66700,39.7386,35.1774
Bahadin,66710,39.675,35.3033
Çiğdemli,66720,39.8237,35.3043
Doğankent,66740,39.6792,35.4258
Saatli,66800,39.4528,34.9393
Akpinar,66900,39.7043,34.4572
Tayfur,66000,39.6957,34.9382
Yozgat,66100,39.82,34.8044
Başhoroz,66400,39.1953,35.3763
Yiğitler,66470,39.2785,34.952
Yamaçli,66475,39.3177,35.06
Kösrelik,66510,40.136,35.1864
Gümüşsu,66540,40.0586,35.9243
Aşağiyahyasaray,66600,39.5055,35.7336
Çandir,66620,39.2445,35.514
Toprakpinar,66650,39.485,35.2636
Kizilay,06420,39.9213,32.8505
Sihhiye,06430,39.923,32.8378
Dikmen,06450,39.923,32.8378
Öveçler,06460,39.923,32.8378
Bahçelievler,06490,39.9248,32.825
Söğütözü,06510,39.915,32.8108
Balgat,06520,39.9058,32.8191
100.Yil,06530,39.9955,32.6254
Ayranci,06540,39.9955,32.6254
Tbmm,06543,39.9955,32.6254
Yildiz,06550,40.2772,31.7556
Maltepe,06570,39.9247,32.8457
Cebeci,06590,39.955,32.8958
Birlik,06610,40.0368,32.5993
Esat,06660,40.0368,32.5993
Zafertepe,06670,40.0368,32.5993
Kavaklidere,06680,39.9115,32.858
Çankaya,06690,39.9179,32.8627
Gaziosmanpaşa,06700,39.8962,32.8665
Merkezköy,06705,39.8962,32.8665
Bilkent,06800,40.0463,32.6836
Ahlatlibel,06805,40.0463,32.6836
Çayyolu,06810,39.8808,32.7095
Güvenç,06980,40.1445,32.724
Temelli,06909,39.7275,32.3553
Sincan,06930,39.9723,32.5841
Fatih,06932,39.9895,32.5827
Ulubatli,06933,39.971,32.6795
Plevne,06934,39.9511,32.8718
Ahievran,06935,39.971,32.6795
Çarşi,06936,39.971,32.6795
Ertuğrulgazi,06940,38.3436,33.7525
Yenikent,06946,38.3436,33.7525
Mevlana,06949,38.3436,33.7525
Macunköy,06105,39.6357,32.3042
Yenimahalle,06170,39.9779,32.8015
Karşiyaka,06190,40.1397,32.8925
Demetevler,06200,39.9619,32.7916
Şentepe,06210,39.9856,32.7999
Batikent,06370,39.9683,32.7308
Ostim,06374,39.9702,32.7449
İvedik Osb,06378,39.9693,32.7379
A.O.Çiftliği,06560,39.9955,32.6254
Etlik,06010,39.9821,32.8246
Kalaba,06120,40.1555,33.0947
Hasköy,06135,39.9749,32.8802
Esertepe,06220,39.9885,32.8346
Ufuktepe,06280,40.0143,32.8558
Sanatoryum,06290,40.0008,32.8539
Bağlum,06291,40.0509,32.8442
Aktepe,06300,40.1498,33.5188
Şenlik,06310,39.9957,32.8668
Tahir,06730,40.0286,31.871
Karaşar,06732,40.3257,31.9868
Kirbaşi,06733,40.0138,31.832
Uruş,06734,40.249,32.1379
İbrahimbeyli,06770,38.9667,33.7
Taburlar,06780,39.7938,33.1737
Hasanoğlan,06850,40.0007,33.182
Eşmedere,06870,40.3057,33.2643
Akyurt,06750,40.1351,33.0861
Havalimani,06970,39.7497,32.221
Meşeli,06760,40.3598,33.2077
Mamak,06260,39.9404,32.9101
Muhabereokulu,06263,39.9404,32.9101
Kayaş,06270,39.9156,32.9625
Hüseyingazi,06320,39.9823,32.8883
Demirlibahçe,06340,39.9823,32.8883
Gülveren,06350,39.9429,32.8962
Misket,06470,39.923,32.8378
Boğaziçi,06480,39.923,32.8378
Abidinpaşa,06620,39.9264,32.8888
Akdere,06630,40.1971,31.3402
Kutludüğün,06635,39.8942,33.037
Lalahan,06852,39.9668,33.1109
Bektaşli,06720,39.2989,33.4346
Afşar,06726,39.7643,32.1217
Şereflikoçhisar,06950,38.9393,33.5386
Boyali,06840,38.5901,33.9532
Çağa,06842,40.1271,32.2136
Sorgun,06843,40.338,32.2684
Yeşilöz,06844,40.2486,32.2614
Kirazoğlu,06860,39.2303,32.4406
Yenice,06863,39.3529,32.5459
Etimesgut,06790,39.9533,32.6328
30ağustos,06794,39.941,32.696
Elvankent,06796,39.941,32.696
Bahçekapi,06797,39.9288,32.7591
Yurtçu,06815,39.8808,32.7095
Göksu,06820,40.0463,32.6836
Eryamanevleri,06824,40.0463,32.6836
Güzelkent,06827,40.0463,32.6836
Çanilli,06710,40.1611,32.42
Pursaklar,06145,40.0384,32.897
Sarayköy,06146,40.3154,32.0172
Ulus,06050,39.9396,32.8534
İskitler,06070,39.9591,32.8441
Altindağ,06080,39.9667,32.9225
Telsizler,06090,39.9619,32.8612
Dişkapi,06110,40.0504,32.6714
Aydinlikevler,06130,39.9627,32.8746
Hasköy,06140,39.9749,32.8802
Yeşilöz,06150,40.2486,32.2614
Siteler,06160,39.9584,32.8993
Önder,06165,39.9574,32.9088
Samanpazari,06230,39.9355,32.8699
Hisar,06250,39.9771,32.8581
Ulubey,06360,39.9657,32.9046
Altinova,06365,39.8834,32.5557
Yilanli,06740,40.4153,32.2592
Çeltek,06830,39.5721,32.8087
Yanik,06890,40.5299,32.6098
Kuşcu,06900,39.6368,32.2818
Epçeler,06920,40.2369,31.0947
Çayirhan,06922,40.0981,31.6732
Sariyar,06925,40.0452,31.4343
Altintaş,29650,40.2869,39.8106
Kirazlik,29800,40.6256,39.2267
Özkürtün,29810,40.6709,39.1436
Tilkicek,29830,40.5471,38.8586
Dumanoluğu,29700,40.1736,39.0354
Kinalitaş,29600,40.1277,39.5532
Gümüşhane,29000,40.4603,39.4814
Dibekli,29100,40.4754,39.3687
Kocayokuş,29150,40.3461,39.8121
Arzular,29200,40.4161,39.6657
Serindere,30300,37.6708,44.3951
Büyükçiftlik,30330,37.5836,44.0739
Esendere,30400,37.7114,44.601
Cevizli,30700,37.33,43.7136
Derecik,30800,37.075,44.3167
Hakkari,30000,37.5744,43.7408
Aksu,30110,37.7167,43.6
Selimiye,42020,37.6797,32.3383
Mevlana,42030,37.6797,32.3383
Erenler,42050,37.6797,32.3383
Ovakavaği,42290,37.7108,32.9348
Cihanbeyli,42850,38.6607,32.9244
Kelhasan,42855,38.905,32.5869
Bulduk,42860,38.9569,32.7525
Kuşça,42865,39.0833,32.8667
Gölyazi,42870,38.4292,33.1557
Taşpinar,42875,38.4292,33.1557
Karabağ,42880,38.5592,32.7522
Günyüzü,42885,38.5162,33.0408
Çölyaylasi,42890,39.0013,32.626
Çiftepinar,42830,37.0216,32.6894
Bağbaşi,42835,37.0989,32.4496
Dedemli,42840,37.0221,32.3185
Korualan,42845,37.0021,32.3308
Sarica,42310,37.4622,34.1208
Aydinlar,42320,37.6615,34.2795
Aziziye,42325,37.6615,34.2795
Çayhan,42335,37.55,34.2952
Zengen,42345,37.8243,34.244
Kutören,42350,37.8601,33.9441
Belkaya,42355,37.9176,33.9139
Öbektaş,42910,37.8154,33.7649
Işiklar,42915,37.9027,33.7889
Beşkardeş,42770,38.964,33.0533
Celep,42773,38.9757,32.9339
Karacadağ,42774,39.0881,32.9328
Zincirlikuyu,42775,38.9293,33.1139
Kirkpinar,42777,39.1447,32.8425
Tavşancali,42780,38.9378,33.0058
Kozanli,42790,39.0619,32.8183
Gözlü,42430,38.4372,32.3358
Ladik,42440,38.1919,32.3739
Değiş,42900,37.9322,31.9497
Bayafşar,42700,37.581,31.8025
Huğlu,42710,37.4768,31.5817
Kurucaova,42715,37.6918,31.4123
Üzümlü,42720,37.5406,31.6038
Yeşildağ,42730,37.5414,31.4731
Doğanbey,42740,37.8005,31.8911
Yenidoğan,42760,37.8721,31.8529
Çavuş,42360,37.9619,31.5642
Kesecik,42363,37.4224,31.9193
Gevrekli,42365,37.5404,31.8802
Stadyum,42370,37.5474,33.0054
Ortakaraören,42380,37.4422,31.7625
Taraşci,42385,37.4422,31.7625
Orhaniye,42460,37.4631,32.4127
Keçimen,42960,36.9465,32.5971
Balcilar,42965,36.8931,32.6843
Çetmi,42968,36.8789,32.6208
Durak,42480,37.4613,31.6606
Gencek,42482,37.4498,31.5459
Yukarikayalar(Göynem),42484,37.4269,31.6082
Çamlik,42485,37.3498,31.6396
Koraşi,42970,38.5864,31.6806
Yeşilyayla,42530,38.8344,31.6514
Turgut,42533,38.6269,31.8108
Saray,42534,38.4082,31.3618
Piribeyli,42535,38.9139,31.6361
Koçyazi,42536,38.8008,31.6333
Sülüklü,42537,38.8811,32.3425
Kuzören,42538,38.6947,31.7539
Gökpinar,42920,39.0036,31.8074
Firinli,42930,38.1248,31.6167
Deştiğin,42936,38.0554,31.6355
Başköy,42940,38.1396,31.7586
Karaağa,42950,38.1851,31.6123
İlyasbaba,42005,37.6552,32.2177
Taşcami,42010,37.6797,32.3383
Alaaddin,42040,37.6797,32.3383
Meram,42090,37.8299,32.4678
Lalebahçe,42140,37.9273,32.4199
Taşağil,42500,37.3844,31.8788
Dinek,42502,37.3248,32.616
Arikören,42508,37.4554,32.9291
Yenisu,42509,37.3925,32.6412
İçeriçumra,42510,37.5792,32.6554
Karkin,42515,37.5792,32.6554
Alibeyhüyüğü,42520,38.1524,32.1734
Köşk,42690,37.8919,31.6478
Kireli,42696,37.9214,31.5353
İmrenler,42698,37.9161,31.6706
Tipiköy,42550,38.1993,31.634
Kuruçay,42560,38.1524,32.1734
Adsiz,42580,38.3717,31.4517
Altuntaş,42581,38.3489,31.5379
Çakillar,42582,38.2458,31.5311
Doğrugöz,42583,38.3511,31.4691
Karahüyük,42584,38.2407,31.6683
Ortaköy,42585,38.2407,31.6683
Reis,42586,37.7339,32.4736
Yazla,42587,38.3925,31.5467
Nalçaci,42060,37.6797,32.3383
Cumhuriyet,42070,37.6797,32.3383
Mimarsinan,42080,37.6797,32.3383
Aydinlik,42100,37.9273,32.4199
Fatih,42110,37.9273,32.4199
Sille,42132,37.9273,32.4199
Sizma,42208,38.0885,32.4029
Bosna,42250,38.0298,32.8091
Bağrikurt,42280,38.1197,32.4803
Tepekent,42285,38.0637,32.6042
Erdoğan,42390,37.2609,32.1211
Akkise,42395,37.3665,32.1339
Karapinar,42400,37.716,33.5506
Hotamiş,42415,37.64,33.3186
Yeşilyurt,42420,37.853,33.7252
Kayali,42425,37.853,33.7252
Topraklik,42450,38.2864,33.0672
Yalihüyük,42470,37.3008,32.0855
Mehmetali,42490,37.2246,32.6278
Düğer,42600,38.3775,32.1114
Gökçeyurt,42603,38.1403,32.0122
Beykonak,42605,38.1774,32.0487
Sebiller,42610,38.2369,31.7667
Balki,42613,38.1414,31.819
Yukariçiğil,42615,38.0627,31.8913
Aşağiçiğil,42620,38.0515,31.8638
Çavuşçugöl,42625,38.3928,31.8539
Sazli,42630,37.2703,32.2304
Dereköy,42635,37.2231,32.3017
Dereiçi,42645,37.1099,32.3695
Sarioğlan,42650,37.2148,32.5536
Sorkun,42655,37.1516,32.1338
Üçpinar,42670,37.7895,32.0354
Hacimehmetli,42800,38.3366,32.2356
Atlanti,42810,38.4394,32.1672
Başkuyu,42815,38.6681,32.2403
Osmancik,42825,38.1878,32.1461
Osmanköseli,42980,37.4133,34.3718
Taşlik,47860,38.1261,41.584
Sürgücü,47880,37.585,40.7372
Dereyani,47650,37.425,40.8627
Kovanli,47570,37.3239,41.0835
Alayurt,47750,37.5633,41.6572
Kalecik,47300,37.1467,41.2336
Akarsu,47320,37.2355,41.0607
Çayköy,47800,37.295,40.3908
İstasyon,47060,37.35,40.8146
Kabala,47080,37.35,40.8146
Çayirpinar,47100,37.1483,40.9189
Nur,47200,37.1597,40.7397
Gökçe,47420,37.5983,41.1286
Göllü,47400,37.3431,41.0375
Şenyurt,47440,37.0789,40.6441
Dikmen,47460,37.0892,40.4142
Yüceli,47465,37.2949,40.6342
Kayabaşi,47500,38.3267,41.4354
Eskimidyat,47510,37.4524,41.2035
Şenköy,47520,37.4524,41.2035
Çavuşlu,47530,37.4986,41.2442
Yolbaşi,47535,38.0812,41.2671
Acirli,47545,37.4573,41.2969
Söğütlü,47547,37.4573,41.2969
Meşeli,47700,37.5427,40.6047
Kürkçü,51700,37.7,34.7333
Bahçeli,51710,37.8299,34.611
Çukurkuyu,51720,37.8693,34.3361
Kemerhisar,51730,37.8239,34.5714
Altunhisar,51600,37.9916,34.3733
Karakapi,51603,38.0575,34.1582
Keçikalesi,51604,38.0603,34.1191
Yaylayolu,51000,38.0944,34.6722
Alay,51010,38.2563,34.7029
Bağlama,51030,38.2419,34.6606
Edikli,51040,38.245,34.9514
Kömürcü,51070,38.2805,34.576
Konakli,51080,38.173,34.8478
Kiledere,51085,38.308,34.6887
Sungurbey,51100,38.1761,34.6778
Yildiztepe,51110,38.1761,34.6778
Afetevleri,51200,38.2304,34.9002
Hüyük,51280,38.1568,34.9134
Mahmatli,51660,37.7609,34.9824
Asmasiz,51800,38.1501,34.4944
Azatli,51810,38.1667,34.519
Divarli,51815,38.2077,34.4634
Bozköy,51816,38.2367,34.4839
İmrahor,51900,37.6667,34.75
Keskin,56700,37.9492,42.7044
Avcilar,56500,37.9258,41.425
Kayabağlar,56540,37.9825,41.6653
Siirt,56100,37.9326,41.9402
Gökçebağ,56210,37.8723,41.8957
Saritepe,56220,38.033,41.8063
Payamli,56800,37.7622,41.9578
Ormanpinar,56460,38.1858,41.741
Ulaşti,56470,38.1177,41.7897
Doğruca,56760,38.0693,42.2707
Aydinlar,56870,37.9643,42.0177
Eskil,68800,38.4017,33.4131
Eşmekaya Acentesi,68801,38.1877,33.4858
Göynük,68600,38.7482,33.8051
Akpinar,68400,38.7605,34.0087
Camiliören,68900,38.5039,34.3887
Gülpinar,68910,38.4604,34.2719
Demirci,68940,38.829,33.7942
Akyamaç,68500,38.286,34.3808
Ihlara,68570,38.2406,34.2996
Gücünkaya,68000,38.3845,34.1333
Çarşi,68100,38.3388,33.8584
Topakkaya,68105,38.3388,33.8584
Bağlikaya,68120,38.5009,33.9446
Yenikent,68135,38.3436,33.7525
Helvadere,68165,38.1931,34.2075
Yeşilova,68180,38.4095,33.838
Sultanhani,68190,38.2471,33.5496
Sanayi,68200,38.3144,33.9528
Taşpinar,68220,38.1796,34.025
Yeşiltepe,68230,38.4613,33.764
Sağlik,68270,38.3024,34.0693
Boğazköy,68700,38.9577,33.8859
Ayranci,72200,37.8811,41.2817
Kayatepe,72240,37.8439,41.64
Uzundere,72350,37.6642,41.3947
Boğazköy,72300,37.6411,41.3025
Kömürcü,72310,37.6417,41.2008
Sariyayla,72500,38.4167,41.5667
Akçali,72400,38.3167,41.5667
Yeniköy,72000,37.8829,41.2028
Petrol,72040,37.8829,41.2028
Çarşi,72050,37.8829,41.2028
Kültür,72060,37.8829,41.2028
Gap,72070,37.8829,41.2028
Beşpinar,69400,40.0368,39.8533
Gökçedere,69450,40.1066,39.8636
Güllüce,69000,40.1287,40.0061
Arpali,69300,40.3669,40.1044
Dumlu,69500,40.54,40.2091
Başyayla,70700,36.7534,32.6802
Çamlica,70400,36.6188,33.0263
Güneyyurt,70450,36.6935,32.8049
Kazanci,70460,36.5048,32.8567
Kizik,70000,37.1474,33.1652
Sümer,70100,37.3684,33.4309
Akçaşehir,70110,37.4492,33.4951
Suduraği,70140,37.2876,33.3667
Hisar,70200,39.9333,36.8833
Kavuklar,70500,37.5189,33.6078
Karalgazi,70600,37.2925,33.052
Civler,70800,36.667,32.5902
Göktepe,70810,36.6269,32.6228
Irmak,71450,39.9339,33.3874
Üniversite,71451,39.9001,33.4333
Çamlica,71460,39.7662,33.3672
Çerikli,71670,39.8969,34.0028
Gözükizilli,71700,40.151,34.029
Danaci,71900,40.2406,33.9437
Keskin,71800,39.6731,33.6136
Takazli,71860,39.6821,33.9288
Akkoşan,71500,39.4758,33.3981
Karabucak,71810,39.5098,33.4144
Kizildere,71000,39.9333,33.55
Fabrikalar,71100,39.857,33.7282
Tepebaşi,71200,39.857,33.7282
Yuva,71300,39.8381,33.5733
Sanayi,71400,39.8409,33.42
Beyobasi,71520,39.8745,33.7197
Çatalköy,73200,37.3542,42.1474
Uludere,73600,37.445,42.8617
Hilal,73620,37.4753,42.7858
Uzungeçit,73660,37.4947,42.9933
Ayvalik,73800,37.4854,43.1145
Özgen,73400,37.2381,42.5292
Görümlü,73420,37.2691,42.5159
Çobankazani,73700,37.4718,41.9302
Findik,73710,37.5119,41.9722
Ozan,73300,37.2633,41.9789
Araköy,73000,37.4833,42.5322
İnceyer,01920,37.1793,35.8661
Sanayi,01930,36.9737,35.7019
Emek,01940,36.9737,35.7019
Namikkemal,01950,36.9737,35.7019
Türlübaş,01960,36.9737,35.7019
Yağcami,01010,37.3397,35.632
Hükümet,01020,37.3397,35.632
Saydam,01030,37.3397,35.632
Akkapi,01040,37.3397,35.632
Gülbahçesi,01050,37.3397,35.632
Kuruköprü,01060,37.3397,35.632
Meydan,01070,37.3397,35.632
Emek,01080,37.3397,35.632
Şakirpaşa,01100,37.1757,35.2047
Yeşiloba,01110,37.1757,35.2047
Gazipaşa,01120,37.1757,35.2047
Denizli,01130,37.1757,35.2047
Ziyapaşa,01140,37.1757,35.2047
Yeşilyurt,01150,37.1757,35.2047
Mavibulvar(Yurt),01160,37.1757,35.2047
Yeşilevler,01180,37.1757,35.2047
Fevzipaşa,01190,37.1757,35.2047
Gürselpaşa,01200,36.95,35.35
Karayusuflu,01355,37.2039,35.3304
Hadirli,01365,36.9333,35.3333
Küçükdikili,01430,37.0065,35.2019
Yavuzlar,01220,36.95,35.35
Kazimkarabekir,01230,36.95,35.35
Pttevleri,01240,36.95,35.35
Karacaoğlan,01260,36.95,35.35
Karşiyaka,01280,36.95,35.35
Bahçelievler,01285,36.95,35.35
Keresteciler,01316,36.976,35.4535
Yakapinar,01350,36.9734,35.6204
Abdioğlu,01358,36.9086,35.5689
Doğankent,01370,36.8443,35.344
Havutlu,01375,36.9248,35.3567
Yamaçli,01390,36.976,35.4535
Güveloğlu,01415,36.8458,35.6007
Mahyalar,01500,37.6659,35.9191
Çarşi,01510,37.5158,35.7984
Aslanpaşa,01530,37.5158,35.7984
Gaziköy,01540,37.2958,35.8524
Hacibeyli,01555,37.3124,35.8791
Ayvacik,01740,37.8036,36.161
Doğanbeyli,01640,38.1311,36.1356
Kirikuşaği,01660,37.7994,35.9852
Sevinçli,01700,37.3073,35.5732
Develiören,01900,36.7371,35.4495
Bozcalar,01170,37.1172,35.0192
Huzurevleri,01360,36.9333,35.3333
Salbaş,01780,37.1091,35.113
Remzioğuzarik,01250,36.95,35.35
İncirlik,01340,36.9897,35.4361
Çukurova Üniversitesi,01380,36.976,35.4535
Kürkçüler,01400,36.9973,35.5121
Baklali,01410,37.0298,35.6384
Buruk,01460,37.0404,35.455
Ömerli,01470,37.5333,34.8667
Akçatekir,01490,37.3805,34.8081
Demirtaş,01680,36.8222,35.8153
Yetimli,01720,37.6014,35.3322
Hacili,01770,37.2968,35.1552
Yeniyayla,01790,37.1442,35.4591
Karakoçaş,18650,40.4471,33.366
Eldivan,18700,40.5297,33.499
Bozoğlu,18600,40.7844,32.9207
Demirli,18310,41.354,33.0658
Çardakli,18315,40.8061,33.1286
Yuva,18800,40.1703,32.8614
Karatekin,18260,40.6657,33.5102
Çayircik,18320,41.0319,33.1548
Aliç,18400,40.9809,33.5
Bereket,18300,40.8496,33.3005
Bozkir,18000,40.4437,33.8535
Çarşi,18100,36.5403,31.9937
Taşmescit,18200,40.4573,33.817
Aşağialagöz,18280,40.36,33.9433
Yakadere,18900,40.7231,33.7155
İkizkuyu,27900,36.8833,37.4667
Büyükşahinbey,27910,37.1535,37.5871
Yeşildere,27920,36.9853,37.5072
Yolbaşi,27800,36.8508,36.6511
Altinüzüm,27805,36.9345,36.5695
Boğaziçi,27810,37.0991,36.6378
Fevzipaşa,27815,37.0991,36.6378
Yeşilyurt,27821,37.5966,36.3197
Şahinbey,27010,37.0484,37.3437
Konak,27070,36.9303,38.1992
Perilikaya,27100,37.1074,37.4092
Hoşgör,27200,36.9998,37.2139
Saribaşak,27220,37.1048,37.2495
Burç,27240,37.0152,37.1863
Cevizli,27245,36.9344,37.1106
Geneyik,27260,36.9447,37.3093
Bağlarbaşi,27270,36.9998,37.2139
Düztepe,27300,37.1074,37.4092
Tabakhane,27400,36.9867,37.2621
Haciarslan,27410,37.0158,37.0779
Karataş,27470,37.0167,37.35
Akçaburç,27000,37.2494,37.3239
Emek,27060,37.9293,38.4627
Çiksorut,27080,37.1871,37.3391
Alleben,27090,37.1871,37.3391
Küsget,27110,37.1074,37.4092
Karşiyaka,27500,36.9177,30.7054
Atatürk,27560,36.9231,30.6931
Gazikent,27580,36.9204,30.6992
Merve,27590,36.9204,30.6992
Başpinarorganizesanayi,27600,37.459,37.7119
Safaşehir,27610,37.459,37.7119
Aktoprak,27620,37.8473,37.6907
Beylerbeyi,27630,37.1255,37.3875
Aril,27660,37.11,37.6028
Esentepe,27650,37.4001,37.7116
Elifköy,27655,37.3779,37.881
Yağmuralan,27700,36.7469,38.6836
Sekili,27715,37.1114,38.0151
Uluyatir,27720,36.9633,37.6936
Salkim,27725,37.1509,37.6933
Bülbül,27970,37.2811,37.6953
Kirişkal,27840,37.2443,36.8519
Sakçagözü,27845,37.1724,36.9248
Şatirhüyük,27850,37.2192,36.9748
Beşkiliç,27880,36.7697,37.8039
Bacali,36670,40.3167,43.5333
Dağpinar,36680,40.353,43.3459
Süngüderesi,36780,40.8759,43.6675
Küçükçatma,36730,40.7644,43.4106
Küçükçatak,36760,40.85,43.0
Kamişli,36900,40.5077,42.6904
Hacihalil,36000,40.4667,43.15
Sarikamiş,36500,40.3381,42.5731
Güvendik,36700,39.8884,42.9238
Yukarigöynük,67660,41.5098,32.0258
Yukaritaşcili,67900,41.4059,32.0014
Sandallar,67960,41.401,32.2198
Nebioğlu,67965,41.4412,32.2562
Güzeloğlu,67970,41.4694,32.1789
Karapinar,67975,40.616,31.1701
Bodaç,67670,41.276,32.169
Bakacakkadi,67680,41.3371,32.1105
Karakoçlu,67800,41.1997,31.8862
Yazicik,67825,41.0308,31.9086
Çaydeğirmeni,67830,41.2713,32.0704
Kozlu,67600,41.4319,31.7458
Sivriler,67620,41.3238,31.7711
Kilimli,67500,41.4911,31.8386
Elvanpazarcik,67000,41.4058,31.8553
Karaman,67010,41.397,31.8276
Yeniçarşi,67020,41.397,31.8276
Rüzgarli,67030,41.397,31.8276
Üzülmez,67040,41.4643,31.8369
Site,67100,41.5187,32.0291
Çatalağzi,67150,41.5093,31.8941
Göbü,67155,41.5313,31.962
Kuzyaka,67160,41.5165,32.3314
Muslu,67170,41.5177,31.9288
Yunuslu,67300,41.2221,31.5886
Gülüç,67350,41.2515,31.4325
Toyfanli,67380,41.1778,31.5642
Kandilli,67390,41.3522,31.5088
Gelik,67510,41.4742,31.8937
Okçular,67850,41.1744,31.401
Karapinar,67980,40.616,31.1701
Çakildere,75700,40.9734,42.6266
İkizdere,75600,41.3385,42.9044
Koyunpinari,75900,41.2431,42.7805
Günlüce,75800,41.4892,42.7211
Edegül,75000,41.1181,42.57
Taşdeğirmen,75400,41.1565,43.2634
Amasra,74300,41.7463,32.3863
İnciğez,74310,41.7052,32.4858
Ceyüpler,74410,41.4654,32.5384
Kadiköy,74600,41.5398,32.6892
Abdipaşa,74610,41.5166,32.5612
Kurucaşile,74500,41.8378,32.7162
Hisarköy,74510,41.1404,32.3144
Demirciler,74100,41.5855,32.3381
Ağdaci,74110,41.611,32.3487
Yenisanayi,74200,41.3445,32.3901
Hasankadi,74250,41.3445,32.3901
Eskihamidiye,74400,41.4859,32.3505
Kuruağaç,76900,39.9136,43.5948
Bulakbaşi,76700,39.6294,43.7795
Iğdir,76000,39.9237,44.045
Melekli,76400,39.9452,44.0943
Halfeli,76410,39.8881,43.9886
Hoşhaber,76420,39.9086,43.9665
Yukariçiftlik,76500,39.8588,44.5718
Bedil,78300,41.4612,32.9105
Aşağidana,78600,41.295,32.6858
Bostanbükü,78610,41.2149,32.6879
Yeniköy,78700,41.2411,32.2076
Şevkiler,78400,40.9361,32.4229
Kahyalar,78000,40.9327,32.2436
Beşbinevler,78020,41.136,32.8189
100.Yil,78050,41.136,32.8189
Kayabaşi,78100,41.245,33.0257
Yenişehir,78200,40.2644,29.6531
Pürçükören,78500,41.1319,32.9211
Uğurtepe,79600,36.9525,37.0947
Yilanca,79700,36.8347,37.2173
Akçabağlar,79000,36.6706,37.0636
Karaçağil,79500,36.7514,37.4803
Sazlik,80950,36.3466,35.8636
Tüysüz,80990,37.0519,36.0941
Kuşcu,80600,37.3377,36.4088
Atalan,80710,37.2532,36.3456
Yarbaşi,80720,37.2127,36.4352
Ellek,80730,37.2078,36.4035
Böcekli,80740,37.2754,36.3353
Nohut,80500,37.1932,36.5303
Çulhali,80850,37.1028,36.4627
Akköprü,80750,37.3578,35.9168
Cemalpaşa,80760,37.3566,36.086
Sumbas,80900,37.4513,36.0235
Mehmetli,80940,37.4844,36.0469
Tehçi,80000,37.1497,36.331
Atatürk,80010,37.1922,36.2693
İstiklal,80020,37.1922,36.2693
Demiryolu,80030,37.1922,36.2693
Cevdetiye,80440,37.1367,36.1964
Akköy,77400,40.6224,29.1973
Laledere,77600,40.6061,29.3672
Mecidiye,77500,40.6531,29.6068
Mustafakemalpaşa,77100,40.0382,28.4087
Elmalik,77200,41.5793,35.3465
Kadiköy(Samanli),77210,41.5793,35.3465
Şenköy,77300,40.629,29.0049
Esenköy,77310,40.6169,28.9571
Teşvikiye,77330,40.6271,29.0828
Koruköy,77340,40.6543,29.1629
Tevfikiye,77700,40.5831,29.4639
Subaşi,77710,40.6847,29.4942
Kaytazdere,77720,40.6822,29.5324
Alan,77730,40.6338,29.4027
Tavşanli,77740,40.6869,29.4516
Kiraztarla,81750,40.8852,31.0884
Kuyudüzü,81800,40.7981,30.9801
Çiçekpinar,81650,41.0458,31.19
Iğdir,81700,40.8554,30.9846
Kahveleryani,81850,40.8613,31.0071
Aziziyegünlü,81010,40.8592,31.1749
Azmimilli/Çay,81020,40.8592,31.1749
Beyciler,81030,40.8592,31.1749
Uğur,81100,40.7382,31.2075
Beyköy,81600,40.7758,31.1606
Hatipliketenciler,81620,40.9205,31.1758
Kalicikonutlar,81630,41.0036,31.2076
Çatalçam,81900,40.7066,31.2832
Çukurören,81950,40.9566,31.5419
Lefkoşa,99010,38.3723,32.8016
Haspolat,99040,39.4682,33.8244
Değirmenlik,99050,37.2764,31.7789
Yiğitler,99100,39.7489,36.8071
Gönyeli,99150,39.7489,36.8071
Kanliköy,99190,39.7489,36.8071
Alayköy,99200,41.363,33.7481
Yilmazköy,99250,41.9476,34.3386
Akincilar,99280,41.2456,33.3032
Gaziler,99290,40.8957,33.6024
Girne,99300,40.0514,34.636
Ozanköy,99320,40.0514,34.636
Alsancak,99350,40.0514,34.636
İncesu,99360,40.0514,34.636
Çatalköy,99370,40.0514,34.636
Arapköy,99375,40.0514,34.636
Dikmen,99380,40.0514,34.636
Dağyolu,99390,40.0514,34.636
Esentepe,99400,38.4511,39.7491
Karaağaç,99410,38.4319,40.8625
Lapta,99420,38.4511,39.7491
Alemdağ,99440,38.2626,38.8969
Gazimağusa,99450,38.4511,39.7491
Tuzla,99500,40.05,36.3167
Akdoğan,99520,40.2971,35.7827
Beyarmudu,99550,40.1735,36.0497
Geçitkale,99610,38.6175,35.7488
Yamaçköy,99620,38.622,38.5623
İnönü,99630,38.6175,35.7488
Korkuteli,99635,38.6175,35.7488
Tatlisu,99640,40.1891,34.2426
Küçükerenköy,99645,40.1891,34.2426
Paşaköy,99650,39.5221,34.9238
İncirli,99655,38.5318,35.7701
Serdarli,99660,38.6175,35.7488
Tirmen,99665,38.6175,35.7488
Vadili,99670,37.5602,36.0054
Turunçlu,99675,37.5602,36.0054
Yeniboğaziçi,99680,38.6175,35.7488
Atlilar,99690,37.3372,35.9913
Güzelyurt,99700,41.7255,35.0164
Yuvacik,99750,40.6655,35.7898
Lefke,99770,40.7142,35.575
Lefke,99780,40.7142,35.575
Yeşilyurt,99790,40.0064,36.2207
Gemikonaği,99800,40.225,39.4692
Yedidalga,99810,40.225,39.4692
İskele,99850,40.225,39.4692
Turnalar,99860,40.97,41.4006
Büyükkonuk,99870,40.225,39.4692
Kaplica,99880,41.0151,41.0477
Dipkarpaz,99890,40.225,39.4692
Kaleburnu,99900,40.3258,37.5555
Mehmetçik,99910,40.3258,37.5555
Çayirova,99920,40.3258,37.5555
Yenierenköy,99950,40.3258,37.5555
Yeşilköy,99970,40.9216,36.9128
